Date,Buy & Hold,Pure Rolling,Pure GARCH,Hybrid
2005-01-04,,,,
2005-01-05,,,,
2005-01-06,,,,
2005-01-07,,,,
2005-01-10,,,,
2005-01-11,,,,
2005-01-12,,,,
2005-01-13,,,,
2005-01-14,,,,
2005-01-18,,,,
2005-01-19,,,,
2005-01-20,,,,
2005-01-21,,,,
2005-01-24,,,,
2005-01-25,,,,
2005-01-26,,,,
2005-01-27,,,,
2005-01-28,,,,
2005-01-31,,,,
2005-02-01,,,,
2005-02-02,,,,
2005-02-03,,,,
2005-02-04,,,,
2005-02-07,,,,
2005-02-08,,,,
2005-02-09,,,,
2005-02-10,,,,
2005-02-11,,,,
2005-02-14,,,,
2005-02-15,,,,
2005-02-16,,,,
2005-02-17,,,,
2005-02-18,,,,
2005-02-22,,,,
2005-02-23,,,,
2005-02-24,,,,
2005-02-25,,,,
2005-02-28,,,,
2005-03-01,,,,
2005-03-02,,,,
2005-03-03,,,,
2005-03-04,,,,
2005-03-07,,,,
2005-03-08,,,,
2005-03-09,,,,
2005-03-10,,,,
2005-03-11,,,,
2005-03-14,,,,
2005-03-15,,,,
2005-03-16,,,,
2005-03-17,,,,
2005-03-18,,,,
2005-03-21,,,,
2005-03-22,,,,
2005-03-23,,,,
2005-03-24,,,,
2005-03-28,,,,
2005-03-29,,,,
2005-03-30,,,,
2005-03-31,,,,
2005-04-01,,,,
2005-04-04,,,,
2005-04-05,,,,
2005-04-06,,,,
2005-04-07,,,,
2005-04-08,,,,
2005-04-11,,,,
2005-04-12,,,,
2005-04-13,,,,
2005-04-14,,,,
2005-04-15,,,,
2005-04-18,,,,
2005-04-19,,,,
2005-04-20,,,,
2005-04-21,,,,
2005-04-22,,,,
2005-04-25,,,,
2005-04-26,,,,
2005-04-27,,,,
2005-04-28,,,,
2005-04-29,,,,
2005-05-02,,,,
2005-05-03,,,,
2005-05-04,,,,
2005-05-05,,,,
2005-05-06,,,,
2005-05-09,,,,
2005-05-10,,,,
2005-05-11,,,,
2005-05-12,,,,
2005-05-13,,,,
2005-05-16,,,,
2005-05-17,,,,
2005-05-18,,,,
2005-05-19,,,,
2005-05-20,,,,
2005-05-23,,,,
2005-05-24,,,,
2005-05-25,,,,
2005-05-26,,,,
2005-05-27,,,,
2005-05-31,,,,
2005-06-01,,,,
2005-06-02,,,,
2005-06-03,,,,
2005-06-06,,,,
2005-06-07,,,,
2005-06-08,,,,
2005-06-09,,,,
2005-06-10,,,,
2005-06-13,,,,
2005-06-14,,,,
2005-06-15,,,,
2005-06-16,,,,
2005-06-17,,,,
2005-06-20,,,,
2005-06-21,,,,
2005-06-22,,,,
2005-06-23,,,,
2005-06-24,,,,
2005-06-27,,,,
2005-06-28,,,,
2005-06-29,,,,
2005-06-30,,,,
2005-07-01,,,,
2005-07-05,,,,
2005-07-06,,,,
2005-07-07,,,,
2005-07-08,,,,
2005-07-11,,,,
2005-07-12,,,,
2005-07-13,,,,
2005-07-14,,,,
2005-07-15,,,,
2005-07-18,,,,
2005-07-19,,,,
2005-07-20,,,,
2005-07-21,,,,
2005-07-22,,,,
2005-07-25,,,,
2005-07-26,,,,
2005-07-27,,,,
2005-07-28,,,,
2005-07-29,,,,
2005-08-01,,,,
2005-08-02,,,,
2005-08-03,,,,
2005-08-04,,,,
2005-08-05,,,,
2005-08-08,,,,
2005-08-09,,,,
2005-08-10,,,,
2005-08-11,,,,
2005-08-12,,,,
2005-08-15,,,,
2005-08-16,,,,
2005-08-17,,,,
2005-08-18,,,,
2005-08-19,,,,
2005-08-22,,,,
2005-08-23,,,,
2005-08-24,,,,
2005-08-25,,,,
2005-08-26,,,,
2005-08-29,,,,
2005-08-30,,,,
2005-08-31,,,,
2005-09-01,,,,
2005-09-02,,,,
2005-09-06,,,,
2005-09-07,,,,
2005-09-08,,,,
2005-09-09,,,,
2005-09-12,,,,
2005-09-13,,,,
2005-09-14,,,,
2005-09-15,,,,
2005-09-16,,,,
2005-09-19,,,,
2005-09-20,,,,
2005-09-21,,,,
2005-09-22,,,,
2005-09-23,,,,
2005-09-26,,,,
2005-09-27,,,,
2005-09-28,,,,
2005-09-29,,,,
2005-09-30,,,,
2005-10-03,,,,
2005-10-04,,,,
2005-10-05,,,,
2005-10-06,,,,
2005-10-07,,,,
2005-10-10,,,,
2005-10-11,,,,
2005-10-12,,,,
2005-10-13,,,,
2005-10-14,,,,
2005-10-17,,,,
2005-10-18,,,,
2005-10-19,,,,
2005-10-20,,,,
2005-10-21,,,,
2005-10-24,,,,
2005-10-25,,,,
2005-10-26,,,,
2005-10-27,,,,
2005-10-28,,,,
2005-10-31,,,,
2005-11-01,,,,
2005-11-02,,,,
2005-11-03,,,,
2005-11-04,,,,
2005-11-07,,,,
2005-11-08,,,,
2005-11-09,,,,
2005-11-10,,,,
2005-11-11,,,,
2005-11-14,,,,
2005-11-15,,,,
2005-11-16,,,,
2005-11-17,,,,
2005-11-18,,,,
2005-11-21,,,,
2005-11-22,,,,
2005-11-23,,,,
2005-11-25,,,,
2005-11-28,,,,
2005-11-29,,,,
2005-11-30,,,,
2005-12-01,,,,
2005-12-02,,,,
2005-12-05,,,,
2005-12-06,,,,
2005-12-07,,,,
2005-12-08,,,,
2005-12-09,,,,
2005-12-12,,,,
2005-12-13,,,,
2005-12-14,,,,
2005-12-15,,,,
2005-12-16,,,,
2005-12-19,,,,
2005-12-20,,,,
2005-12-21,,,,
2005-12-22,,,,
2005-12-23,,,,
2005-12-27,,,,
2005-12-28,,,,
2005-12-29,,,,
2005-12-30,,,,
2006-01-03,0.6630679492730456,,,
2006-01-04,0.8312048462475102,,0.6313295932424655,
2006-01-05,0.906157367866626,,0.7085699432179624,
2006-01-06,0.9354198556355441,,0.7333476349200888,
2006-01-09,0.9739003405601903,,0.7684171165814057,
2006-01-10,0.9389814384066437,,0.7358670911258544,
2006-01-11,1.0384933571152073,,0.8323308335770279,
2006-01-12,0.96799335061605,,0.7605025998629407,
2006-01-13,1.0400693346000836,,0.829825869393411,
2006-01-17,0.9633732204469428,,0.749041005440834,
2006-01-18,0.8275987525506427,,0.6092187373873508,
2006-01-19,0.9721241536237071,,0.7591255716150973,
2006-01-20,0.8394182911204656,,0.5927391074170754,
2006-01-23,0.9344356286984542,,0.6850128766536288,
2006-01-24,0.963628648219986,,0.7094379675660896,
2006-01-25,0.9449650906758211,,0.6925736417225213,
2006-01-26,0.9684305353754864,,0.712492697567817,
2006-01-27,1.03729899419694,,0.7778526490544977,
2006-01-30,1.0297576548547998,,0.7705456803070686,
2006-01-31,0.8984528866666762,,0.6394570380086854,
2006-02-01,0.9041558151361639,0.5811702806788425,0.6367578733112106,0.5945391420220947
2006-02-02,0.7582864664054869,0.4408377714584341,0.49357296239678194,0.4736404394526354
2006-02-03,0.7349827622014226,0.42311359944020066,0.47509550841577997,0.4602285601924346
2006-02-06,0.6617085450191377,0.33851791240397333,0.38103677874868225,0.37099974144944686
2006-02-07,0.5871933083769139,0.2707003066871271,0.32025676227008076,0.30268391067444367
2006-02-08,0.6600530150645924,0.33708359383399683,0.38815806803731306,0.3693444935801505
2006-02-09,0.7175794787086479,0.3977852096828686,0.45418800819847877,0.430486903358493
2006-02-10,0.7008852561140567,0.37813194582184423,0.43004934572484405,0.4107374062557069
2006-02-13,0.60367352094862,0.280865458161853,0.3273240120430219,0.31302436596570304
2006-02-14,0.708244919487525,0.3747307302692277,0.4327489542952928,0.40729980841594643
2006-02-15,0.7063288025780605,0.3653133102159414,0.4298492836003353,0.39959071887341624
2006-02-16,0.7692658428449791,0.41606320312489464,0.4897304813684791,0.4495922474813559
2006-02-17,0.8229052987483221,0.4960856380178915,0.5545006602348843,0.5291773423030797
2006-02-21,0.7863140333539872,0.4569936457131645,0.515510970422056,0.4932664426389279
2006-02-22,0.9957802614160183,0.713060867336316,0.7384703374284215,0.7455866261986407
2006-02-23,0.9148164680181703,0.6290727870727024,0.6464511329505483,0.6619505742157058
2006-02-24,0.8773196234318327,0.5893073059064439,0.6190635384463417,0.6208400443612256
2006-02-27,0.7894105848916938,0.5001626513790399,0.5415174270284174,0.5311928318398301
2006-02-28,0.7592166599484296,0.46428209758421485,0.4883939484237976,0.4981215650055302
2006-03-01,0.7948837795661553,0.5020241074803765,0.5488152071831095,0.5422978031690517
2006-03-02,0.7989374436706667,0.5057333391316268,0.5522247303750404,0.5460754680817744
2006-03-03,0.7492889787906386,0.45725763224243404,0.5028722602874006,0.49725241363850387
2006-03-06,0.5892534630022285,0.2988407554437354,0.34212096917581153,0.3380633027380307
2006-03-07,0.569314898176943,0.2782395448513449,0.3210741521411331,0.3173281383406835
2006-03-08,0.6264258699561428,0.3341033059560829,0.3761314114010685,0.373554993686306
2006-03-09,0.6721483076224196,0.35754432129013175,0.4090331587072614,0.39722821063360786
2006-03-10,0.7395986760879003,0.4458970643220993,0.4921307736632866,0.48588970826904426
2006-03-13,0.8278552353423638,0.5264846335088518,0.5730483120203081,0.5670555740497286
2006-03-14,0.8660253595435699,0.5843909079031417,0.618201762013919,0.6251076747390106
2006-03-15,0.9920547752954869,0.6998599256239377,0.7398984950625328,0.7413752238337779
2006-03-16,1.0988923031850035,0.7931051948155445,0.840196224366225,0.835321968168168
2006-03-17,1.0875323898188909,0.7861350570959483,0.830872041352593,0.8283108883569423
2006-03-20,1.1012233205407347,0.7918245733325561,0.8394274329775075,0.8340427792866757
2006-03-21,1.074535444301704,0.7493054871199742,0.8018925202111131,0.7911515163001547
2006-03-22,1.2380078910162626,0.8995164392655819,0.9697969413672691,0.9423950925786413
2006-03-23,1.2090113511451603,0.8693310342444456,0.9386183074154805,0.9120018562535215
2006-03-24,1.2048611213624076,0.8670475913197297,0.9364561303245652,0.9097046089113109
2006-03-27,1.1762600065260596,0.837736057639442,0.9063734253745315,0.8802007591082583
2006-03-28,1.1815217136628766,0.8369891076245088,0.8996184902465877,0.8794466998657691
2006-03-29,1.1132973672573032,0.7742778129741505,0.8348286099516814,0.8166738501081818
2006-03-30,1.114237440903302,0.7694900029549505,0.8333947112273248,0.8118504886217216
2006-03-31,1.162234626085368,0.812631755671036,0.8753275010959166,0.8553128321897379
2006-04-03,1.1378673749584054,0.7882739601940892,0.8509078531642921,0.8307982338941293
2006-04-04,1.1529855045003976,0.8199991386801339,0.882843803881707,0.8626295517819704
2006-04-05,1.152774314566593,0.828655493842179,0.8918131619585539,0.871326427073338
2006-04-06,1.0904020340347447,0.7654742815536247,0.8253045280202659,0.8077899524382838
2006-04-07,1.093034185010021,0.7326702674156471,0.8071985216610431,0.7746041416038232
2006-04-10,1.1006770739137055,0.7442996148957706,0.8186226968463425,0.7863016078889397
2006-04-11,0.9632109485369235,0.588509066449683,0.6791735874651819,0.6293206430391199
2006-04-12,1.106224891578335,0.7305124221868221,0.8225763180474123,0.7725216070139037
2006-04-13,1.2343008708435566,0.8410530706551738,0.9521957985805607,0.884137731847314
2006-04-17,1.3861255080773842,0.9682784414973942,1.081380025152896,1.012610156650395
2006-04-18,1.4970780458826838,1.1295176791012,1.2166448402861672,1.1738408966492229
2006-04-19,1.440842068832072,1.087376517636861,1.1851716734300604,1.1315134419110897
2006-04-20,1.6127817885755444,1.2181156286625139,1.3095148935805545,1.263436186806395
2006-04-21,1.4456452646671414,1.0862041217847147,1.1753104441865398,1.1311791051089237
2006-04-24,1.466978110416308,1.0910510605233472,1.1838190162570217,1.1360648878488295
2006-04-25,1.3577276977964108,1.0020773421693623,1.099218964178022,1.046477015291959
2006-04-26,1.4692819455512809,1.0700669675326262,1.1681876099893413,1.1150349572964768
2006-04-27,1.478287222538992,1.098438063467971,1.193863411358466,1.1435398352418855
2006-04-28,1.6591405387121922,1.2266438594550513,1.3244841377503795,1.2587081629185646
2006-05-01,1.4394016616849938,1.0436262988398615,1.1274969345470807,1.0788356205196175
2006-05-02,1.457438835102825,1.086692221414603,1.1762765150917314,1.1237907133217464
2006-05-03,1.3987744361103787,1.036854863415964,1.1227988139699245,1.0744564817707256
2006-05-04,1.358821258971908,1.0275376414768569,1.1073812391336335,1.066344882295608
2006-05-05,1.4495525572363854,1.1170138488310544,1.2005235439949458,1.156223435534964
2006-05-08,1.4708432157911275,1.12442209276717,1.2118670325600203,1.165243913625785
2006-05-09,1.4285829826156873,1.1074148360663,1.1819992856784916,1.1434981764649896
2006-05-10,1.5427128060155184,1.1685736091266696,1.2731163312736165,1.218862830891219
2006-05-11,1.345913214329283,0.9817559515200369,1.072026346353692,1.0222174561847155
2006-05-12,1.3202234764557719,0.9118342964300494,0.9982217725831186,0.9614669188290023
2006-05-15,1.3623718859440515,0.9419901430983091,1.0345413367442833,0.9921938137667558
2006-05-16,1.2547557214184535,0.8689735084796261,0.9507333261488062,0.920909562301964
2006-05-17,0.9643084656257118,0.6119416188066699,0.7184930428150317,0.7256212304242049
2006-05-18,0.8093959533015125,0.5048962628712881,0.5892077087618305,0.6157612439671044
2006-05-19,0.8373339170067294,0.5345113157184822,0.6005501903122851,0.6254093213073509
2006-05-22,0.7703417244622626,0.482891929507888,0.5572489717748079,0.5887508195941341
2006-05-23,0.6334137074338313,0.3801113762639478,0.45265373296091893,0.5000055848032624
2006-05-24,0.7373377626914792,0.45907821085994066,0.5326151271452498,0.5679319853094673
2006-05-25,0.8647047034585283,0.5543930881551159,0.6293527197039507,0.6503372967996229
2006-05-26,0.8620786186631186,0.5469754043514026,0.615956680422243,0.6389120250843905
2006-05-30,0.6514471257246589,0.4046073942140734,0.4635213796892891,0.5095796758055953
2006-05-31,0.8242033868288405,0.5380064460809357,0.6150295320190742,0.6462880479678893
2006-06-01,0.8336556762804835,0.5175088520702718,0.5836116963882793,0.6166014797668055
2006-06-02,0.8330668514904627,0.510457170141553,0.574439654509678,0.6078724558481894
2006-06-05,0.7300609389251536,0.4680467818161921,0.5274675457143279,0.5735011265679616
2006-06-06,0.7147927541870328,0.46196301742155493,0.5199488224046304,0.5674502497061116
2006-06-07,0.6312765486886319,0.4102506129282352,0.46366636631885993,0.5190368498650474
2006-06-08,0.6408071255207278,0.422332205557802,0.4777603795697308,0.5316500822743863
2006-06-09,0.5629836481957475,0.35500346993313137,0.4020435535990511,0.4630603642723351
2006-06-12,0.4757458202773328,0.3125178908382017,0.34707405744981695,0.41760100801998973
2006-06-13,0.3283490517643485,0.20297260307660608,0.21758454446254114,0.3000835047731321
2006-06-14,0.3799827975200389,0.2210021039233935,0.24652576865716885,0.31976380775835067
2006-06-15,0.5541710920542728,0.31617227812094967,0.365657188850788,0.41643576745848315
2006-06-16,0.459168940909774,0.24166063731052448,0.28146866447740404,0.33668840592938365
2006-06-19,0.3482821406748439,0.1484569290175176,0.188131355965158,0.2461473474877277
2006-06-20,0.3771025110417884,0.16260195061185986,0.2042984459763558,0.2591586360617786
2006-06-21,0.4405473735484473,0.1954984288777547,0.24246722898586467,0.29043295480094933
2006-06-22,0.3907670050284111,0.1599947520840323,0.2019551130007847,0.2537436127879042
2006-06-23,0.527819435076365,0.3571293491767008,0.4032333266941496,0.4578353088232496
2006-06-26,0.6412002903951394,0.4731177048527773,0.5440732615400907,0.5783738491092312
2006-06-27,0.542821768735538,0.40395748172882456,0.46020089420026267,0.5011033591364451
2006-06-28,0.5281607031822145,0.35148241855106743,0.4406612940756022,0.45179811070790005
2006-06-29,0.7313454186038812,0.510091076550754,0.6215822597031891,0.6173730140562512
2006-06-30,0.7841372063821085,0.5773295680903353,0.6741631361681973,0.6866370617956925
2006-07-03,0.7946085588689848,0.5672873383962374,0.6720483958423147,0.6743502325536729
2006-07-05,0.6666626145063377,0.4369734333323051,0.5553628107102383,0.5439595667106011
2006-07-06,0.775245326628359,0.5525999737801873,0.6654073161490022,0.6630155780897586
2006-07-07,0.6758351635408265,0.4688373010295921,0.5757054677291751,0.5767326967545096
2006-07-10,0.5901058901920806,0.36448765996017474,0.4882587176952138,0.4717160461161781
2006-07-11,0.5837254935882963,0.3434204012284075,0.4753141460160086,0.4529288864190912
2006-07-12,0.4552762015541645,0.24533062876691084,0.35569470847897083,0.3434384315164473
2006-07-13,0.28469506292944247,0.12026099516764151,0.19017104072673557,0.19686645142440537
2006-07-14,0.21232404350222153,0.05864696674383435,0.12075441082495375,0.13054164383687575
2006-07-17,0.2040523064732921,0.05361791161915921,0.11661523478845998,0.12746881561312148
2006-07-18,0.28837431498586835,0.12915223516799773,0.19498772301418668,0.19849571271903804
2006-07-19,0.36311299091992477,0.17867413979151608,0.23964290697181523,0.23680655499223097
2006-07-20,0.2679544278737462,0.0995366244084911,0.14736943491444407,0.15627814191797726
2006-07-21,0.2565063959294409,0.10495728751609645,0.16003421390211417,0.16668854302117958
2006-07-24,0.35723848671950387,0.16719252149277702,0.21752943680423759,0.22143351012639892
2006-07-25,0.41534359716493396,0.21834237992923275,0.2747287207871536,0.27482234703881286
2006-07-26,0.41647289659830194,0.2132731335741615,0.27039446453469934,0.26869531209570774
2006-07-27,0.374929956690781,0.16765045460411362,0.224662068428775,0.22248392414912377
2006-07-28,0.40751017350663166,0.15965657128275115,0.22638044868623802,0.2131866555101603
2006-07-31,0.4598106886410067,0.22919705042149552,0.29690935238781524,0.28499401378180084
2006-08-01,0.4210806967373505,0.20230859978033336,0.26694152276493727,0.2598685350123394
2006-08-02,0.4279059573718835,0.18357522542779353,0.2587564986856884,0.24051637256723662
2006-08-03,0.4279206781120617,0.17209251658756594,0.2517018109692477,0.2292749693346548
2006-08-04,0.48672492754431607,0.26472843620293474,0.32688501127635966,0.3239642987981723
2006-08-07,0.5283423357902337,0.3277578435184015,0.38472347729439166,0.3872301464393179
2006-08-08,0.5101679614073868,0.3228995797278294,0.3670587396172505,0.37805717915264164
2006-08-09,0.42492764130952204,0.22458401387222046,0.2738099685519892,0.27261853996778596
2006-08-10,0.4571795994371068,0.25349904172076165,0.30995981097363245,0.3060126489275437
2006-08-11,0.39531841023445063,0.18118513805261238,0.2394045422875603,0.23134511659107293
2006-08-14,0.4593999953615689,0.26302229291038987,0.3156276205806294,0.3157945746317675
2006-08-15,0.5095935398185691,0.2960887508067401,0.3762275286984339,0.3574362971572657
2006-08-16,0.7073415799671777,0.519036401506297,0.6141665021014275,0.5991440051380721
2006-08-17,0.7311603415140047,0.5425127050773213,0.6396453677627657,0.6231476148779065
2006-08-18,0.777448884929184,0.5902927457100026,0.6876479057395565,0.6719410585448257
2006-08-21,0.7168334576533881,0.5233102916522591,0.6235684729466298,0.6033246655725645
2006-08-22,0.7161265308115025,0.5223795399306613,0.6227794440754617,0.6023720655700397
2006-08-23,0.7078599194499917,0.5092657865408308,0.6131328975094003,0.5889179292744732
2006-08-24,0.784599397531439,0.5996917608101836,0.7022982555852404,0.681938168366129
2006-08-25,0.7630280958268697,0.576627883207268,0.6764121830419054,0.6583886781469009
2006-08-28,0.8705584369159693,0.7138035220174448,0.799735941736328,0.7989154481386483
2006-08-29,0.8125743347834242,0.6478908489704459,0.7368105996468554,0.7317714455834224
2006-08-30,0.8678207690108352,0.7110396946679248,0.7975852482517951,0.7965903020066734
2006-08-31,0.7556329932412238,0.5823387678860148,0.6781694440015392,0.665669403830385
2006-09-01,0.8164949704231214,0.6722994928164897,0.7609087041255869,0.7574512507821749
2006-09-05,0.8507801312927481,0.7161736121822498,0.8018019139164287,0.8023740109202482
2006-09-06,0.6626237709010387,0.473788069106655,0.5808685728390282,0.5539754707174371
2006-09-07,0.6036366371641401,0.3984452157618371,0.502955604941134,0.47667289766452053
2006-09-08,0.6608337198240047,0.46497123988171357,0.5634272208593041,0.5447740493346015
2006-09-11,0.5898202804136883,0.39755637655532006,0.49370063152922955,0.4760438546349284
2006-09-12,0.6966564668526909,0.5377168978230473,0.6210772499285201,0.6188191059304499
2006-09-13,0.786046504793616,0.6358040138401054,0.7205196493024149,0.7192596497919531
2006-09-14,0.8210864536023026,0.6700783389325857,0.7572568966345782,0.7544116697182638
2006-09-15,0.8472157180820759,0.7079260963354966,0.7873574428085973,0.7931115626725367
2006-09-18,0.7956903994009035,0.6576483653562973,0.7341674253378285,0.7418709421819611
2006-09-19,0.8035413330965722,0.6544489178700317,0.739448358727319,0.7385833903356479
2006-09-20,0.9337559042038872,0.8125483086238348,0.8940431543965833,0.9005641940805783
2006-09-21,0.9789695898274685,0.8311806815048269,0.9358007298194478,0.9198028968713641
2006-09-22,0.9173727553440405,0.7562242724526148,0.863382703290417,0.8429720535550718
2006-09-25,0.9788993017828759,0.8518221462780776,0.9436990017083571,0.9402443547069134
2006-09-26,1.0424429171447533,0.9451818717712573,1.0272898427141863,1.0351751388664951
2006-09-27,1.05585857851376,0.9624780897768552,1.0431860866204143,1.0528730487019515
2006-09-28,1.043199971840628,0.9481632271101809,1.0289043325943816,1.0382191926409494
2006-09-29,0.9626410116184114,0.8596487792712625,0.934338171910275,0.9479510934277923
2006-10-02,0.8985042614848607,0.7789323764246338,0.854611277737374,0.865242328159204
2006-10-03,0.9519678069347232,0.8438873216975106,0.9193371527609615,0.9317929762159999
2006-10-04,1.1664748100937934,1.1062291549501815,1.1852014635558752,1.200044679840132
2006-10-05,1.318273069863755,1.2849998507339246,1.374706508970032,1.3844703391177164
2006-10-06,1.3411220456237347,1.3040335602141433,1.3966325231388825,1.4040432396086437
2006-10-09,1.314888761107315,1.278928429081096,1.3757897721447716,1.3783823312427335
2006-10-10,1.4123149375536828,1.3902421869310393,1.4667225320287467,1.4930103414873501
2006-10-11,1.4147473821217718,1.3876894509555882,1.4654425075523922,1.4903874213365433
2006-10-12,1.571206781430167,1.5861827997337965,1.636116759285235,1.6932847074706014
2006-10-13,1.600922594220053,1.625904218383394,1.67359474956848,1.733932230198028
2006-10-16,1.5227889930450096,1.5497066390836631,1.6045263646382777,1.65657171689865
2006-10-17,1.4575136116610248,1.471303184741516,1.531276944653894,1.5761228913277974
2006-10-18,1.5827767054526676,1.5990798293525497,1.6526777228776046,1.7079281756612847
2006-10-19,1.4575214510313068,1.4860341128282197,1.5352895955747992,1.5936175594775943
2006-10-20,1.6576729098226426,1.6523150765264836,1.7121479584975243,1.747732698439095
2006-10-23,1.6640566618491406,1.6884522254946779,1.7436857441271896,1.7884777501098166
2006-10-24,1.5584849807687198,1.6281343299686792,1.6941138206730189,1.752321665495836
2006-10-25,1.6120025322917662,1.6905527744519637,1.7539604501508521,1.8140767851388861
2006-10-26,1.6723220225218731,1.7552314457640688,1.8158301711669869,1.8762850997209635
2006-10-27,1.7228906774651225,1.730759980867253,1.797813153515283,1.84096161856372
2006-10-30,1.5880305427713781,1.630706189570105,1.6907430147138585,1.7448145480739283
2006-10-31,1.5592614756426875,1.6113235806331974,1.6692580199811669,1.725511827592976
2006-11-01,1.4575812830576333,1.4841884657493905,1.5512894772230146,1.5964417044148522
2006-11-02,1.3540104045155454,1.4114178062057365,1.4712402744749093,1.5245880979878008
2006-11-03,1.2939950201822958,1.3572463282994707,1.416346682365043,1.4690687002548406
2006-11-06,1.4122362529056993,1.5119850036947775,1.555753857755106,1.6249622123443321
2006-11-07,1.4400074871110962,1.558755028563986,1.5960203691574326,1.6720813709983209
2006-11-08,1.4615000352501943,1.5890259787743588,1.6192965802225032,1.7028871807653359
2006-11-09,1.393301864241368,1.4998491034121466,1.5448897217515722,1.610116333781979
2006-11-10,1.323804364649681,1.4545105821649384,1.4785270958055525,1.5543941762540046
2006-11-13,1.3146544676857734,1.4663906273577196,1.4718934170653222,1.5601974856467844
2006-11-14,1.3919680222323942,1.5704789305649633,1.5616469552959424,1.6665584018530792
2006-11-15,1.4579374271344745,1.63588683662246,1.6362666470131084,1.740897401018297
2006-11-16,1.463221574911028,1.6563272966768188,1.6437116004814145,1.7575665337335418
2006-11-17,1.378584101486487,1.5898855140096544,1.5507661832152522,1.6779649817944835
2006-11-20,1.345677209303006,1.5605186361536851,1.5130283665110857,1.647323918031775
2006-11-21,1.306545540164131,1.5272074316080009,1.4734247436358827,1.613428416328776
2006-11-22,1.2842328218952102,1.5095734728858952,1.453316139170156,1.5954990813127232
2006-11-24,1.185868715234488,1.3864939597896786,1.3312331042605985,1.4698229229582207
2006-11-27,1.02790389097759,1.1599586167405076,1.1027595054430004,1.2365638396779122
2006-11-28,1.1441894114830333,1.314167062303771,1.2444054141784961,1.3943146815079632
2006-11-29,1.2529276833029672,1.4389741122222233,1.3504134779784764,1.5209380698877457
2006-11-30,1.3132043154964708,1.5242757299697896,1.41706541461405,1.6083293367179174
2006-12-01,1.1952250671584235,1.3783595103614068,1.287798265066328,1.4603480292532087
2006-12-04,1.2554748139369314,1.4410484144255329,1.345184696058027,1.5239657868026404
2006-12-05,1.3192127835614662,1.515025431885636,1.4104100695030513,1.5994106385559004
2006-12-06,1.291895599897144,1.4804609373141842,1.3816269663762117,1.5641539324175442
2006-12-07,1.3076291321236166,1.5091756545063135,1.4025015838412802,1.5936639424742258
2006-12-08,1.3322981690495348,1.5378337019256452,1.4299572733196415,1.622902203595375
2006-12-11,1.3350031037896413,1.5396906900671845,1.4323772368173098,1.6247906420374951
2006-12-12,1.3176849847648044,1.5182401885809558,1.4122865575265824,1.6028932280431347
2006-12-13,1.2630734211056802,1.447856905933291,1.3469306921587392,1.5314699359652624
2006-12-14,1.307875816292854,1.4999683629368423,1.3998042640702104,1.5841444669462816
2006-12-15,1.3384607434119973,1.5396804865004678,1.4370086899786025,1.6247715763644555
2006-12-18,1.3434718280633378,1.5489835010383213,1.4452992703182388,1.634307766056697
2006-12-19,1.4160537291190898,1.643298309784767,1.535556795373691,1.7308732714044326
2006-12-20,1.4008306848029177,1.624488037392423,1.5167171108503763,1.7116696782487035
2006-12-21,1.3472208118631424,1.5600444133662164,1.4493246847197918,1.6457810529324515
2006-12-22,1.2321789778208065,1.4195999508280397,1.3012957036900559,1.502391343992051
2006-12-26,1.2834464751699548,1.4740951249663186,1.3663114629897386,1.5577914902678394
2006-12-27,1.4563068263177728,1.7129437664065648,1.5844089098075316,1.802402204668937
2006-12-28,1.4126445147311333,1.656009461892787,1.529689910383785,1.744246602972912
2006-12-29,1.4159135408929133,1.652444235321,1.529369477295507,1.7405816929136484
2007-01-03,1.454940715643871,1.7013165750347632,1.5724561357341642,1.7907718718984507
2007-01-04,1.3205204097376562,1.5280729310587742,1.4278408453239395,1.617663802833296
2007-01-05,1.1878487644235685,1.3496501933892384,1.2703115178960094,1.4345345813162065
2007-01-08,1.2271460119205924,1.4076193206288556,1.322168721534829,1.4935260502745082
2007-01-09,1.1381606067677854,1.3129553756319883,1.2433480943200301,1.3971966462797962
2007-01-10,1.1456467975086986,1.3336630132941754,1.257675743785439,1.4182698296269463
2007-01-11,1.1788492529117587,1.383801373401748,1.2996393582283838,1.469295468525287
2007-01-12,1.2206859603802893,1.4510632940760115,1.3576528692425947,1.5374267485344824
2007-01-16,1.241748585869215,1.4668544518115136,1.3745564292789272,1.5536267388698641
2007-01-17,1.2555651326888289,1.4822687503011545,1.389663712742058,1.5693857018294948
2007-01-18,1.2488128182786955,1.460946212732386,1.377841141760977,1.5474988735630564
2007-01-19,1.3102181487475932,1.5318563970199433,1.449464272420974,1.6200364481036715
2007-01-22,1.2400577138867246,1.4468450427533295,1.365662960570537,1.533123526962907
2007-01-23,1.48363338533225,1.718757790239526,1.6585878378613437,1.8135887592839768
2007-01-24,1.525830747396971,1.7924610307164968,1.7144704986112065,1.8821718126009719
2007-01-25,1.3824401991021034,1.6020058220533226,1.5246309298996827,1.6876312764942685
2007-01-26,1.3640864823159906,1.5834955571304803,1.5058701653320332,1.6699863715882384
2007-01-29,1.3036742158982164,1.5305071700471502,1.4522282568563958,1.621039166220966
2007-01-30,1.2660935267801836,1.5155805756405842,1.4214878977357608,1.6132369015967798
2007-01-31,1.3401933610499026,1.601154366323353,1.4993360822157236,1.699948982342697
2007-02-01,1.478986486961802,1.7390402306967656,1.6371400557625688,1.8345312589807696
2007-02-02,1.424864379921955,1.6977483306975774,1.5856864921088714,1.7934844301898971
2007-02-05,1.5600913130909164,1.831586846707165,1.7147805333722574,1.905727371610563
2007-02-06,1.6172046031717704,1.8842599963044304,1.769931633302285,1.9543145860933893
2007-02-07,1.6131433485154905,1.8897272216160215,1.7740466535480388,1.9644914909709936
2007-02-08,1.699751587379742,1.9650786661245194,1.8437263360152267,2.041654303625925
2007-02-09,1.528007104399515,1.7742292400976851,1.6541470370385998,1.8470378222592825
2007-02-12,1.50885809417298,1.7440808269742534,1.6212180992464487,1.8162406931624573
2007-02-13,1.5723690080748065,1.8286807742210198,1.698633628986381,1.9017853202282728
2007-02-14,1.6566237920924367,1.9203694972928889,1.7907551314768735,1.9948404984472707
2007-02-15,1.5691170280491622,1.8495017887557887,1.7086846444476398,1.9231151950684606
2007-02-16,1.5280659378187726,1.814662992968421,1.667048477594808,1.8858474747735527
2007-02-20,1.4760409645721912,1.780403183216202,1.6229752242054727,1.8520917860453816
2007-02-21,1.5009329135258451,1.7982861460962751,1.6464610967983802,1.8715423512580347
2007-02-22,1.519702727701559,1.8145828269147934,1.66265272273853,1.884320653553063
2007-02-23,1.4161726964191712,1.7030234351306155,1.547009577135308,1.7767446741899464
2007-02-26,1.4223485591430516,1.70422291760908,1.551005376267845,1.7770897504735483
2007-02-27,0.9012349815040511,0.9363003772844235,0.8744122458703343,0.9864086110965663
2007-02-28,0.9914678501991481,0.9863096481033866,0.9864175854474982,1.080430196955957
2007-03-01,1.0588118612549993,1.0600344083178177,1.079818733196469,1.15809043780134
2007-03-02,0.841886998507569,0.9152621552138742,0.9287393299381551,1.0317218209384929
2007-03-05,0.7474936517370205,0.8647921375067325,0.8842252895539413,0.9946190395232166
2007-03-06,0.9431625707903412,0.989491026416626,1.0032999701262437,1.099494331311691
2007-03-07,0.9780733427121621,1.028654565046186,1.0434088067533525,1.1401171607857434
2007-03-08,1.0695641776632352,1.0827792157694063,1.097381079975879,1.1876438241039737
2007-03-09,1.0524986013219113,1.0645104507195708,1.0786664912201767,1.1689976447796944
2007-03-12,1.132567508892184,1.1427584252931735,1.1571169426035572,1.2482342724746573
2007-03-13,0.8456891044586397,0.9526163906764126,0.9423919469876112,1.0544238687008856
2007-03-14,0.8956215814635656,0.967114943472609,0.9691306959466911,1.0741485321420094
2007-03-15,0.8149206334965577,0.876832146889827,0.8839090247391679,0.9830907559523279
2007-03-16,0.7474461020668958,0.8242057297042188,0.8254508754681892,0.9295486752011192
2007-03-19,0.8352818996952477,0.8573709112050405,0.8769878957460725,0.9681357891408251
2007-03-20,0.8774196140501879,0.8729571928636144,0.9038330671127489,0.9889503388613867
2007-03-21,1.0327338140478437,0.9578478919140802,1.017186058956032,1.087845997243064
2007-03-22,1.0856293955681693,1.0208671322564338,1.0787534827787797,1.150882778653947
2007-03-23,1.0445710775799524,0.9689051059161979,1.0252064051617462,1.099782093699626
2007-03-26,1.0515923786801251,0.9839948503255,1.0377734447085953,1.113426629274635
2007-03-27,1.0222779751418365,0.9665759715040604,1.0133587110043172,1.0918187596685145
2007-03-28,0.9661443135690914,0.9372792998779148,0.9730653501651213,1.059870138323698
2007-03-29,1.0344394533584447,1.0058938551029504,1.0509092942183933,1.130229154827247
2007-03-30,0.9802909417780967,0.9444320559875528,0.98467152893644,1.068397290461951
2007-04-02,1.0071645818476451,0.9708019673555783,1.013000453448069,1.0957301920077873
2007-04-03,1.0987937316035645,1.0373029096109136,1.1004759985839816,1.169153372229491
2007-04-04,1.116129345322739,1.0537080179328489,1.1191616245411515,1.1864628159129178
2007-04-05,1.0838239988709084,1.0032827028500868,1.0731814087233453,1.1357587533149438
2007-04-09,1.0652984863003643,0.9760137083440291,1.0465344549648703,1.1086253516590094
2007-04-10,1.086022828921468,0.9964396661111644,1.069856728269768,1.1300636011562244
2007-04-11,1.1468997849119051,1.0947694558289953,1.1531777649296708,1.2260355394050644
2007-04-12,1.1728581933105857,1.1193352041811462,1.1809249567729723,1.2475909600154056
2007-04-13,1.2970156258853034,1.2634341216181626,1.315703383559497,1.389897503615937
2007-04-16,1.3626791674015444,1.3290440132020143,1.3922962139913502,1.4495711196902419
2007-04-17,1.3992844343178978,1.370004754041802,1.4333468221574592,1.4910558448836821
2007-04-18,1.414182637824647,1.3872861527120612,1.4493026676165202,1.5085612233867702
2007-04-19,1.2792095151682072,1.217245098314478,1.3016344177533756,1.3387013910390537
2007-04-20,1.3444501554333863,1.3137312324187207,1.3774342440425,1.4354725003442184
2007-04-23,1.2956545072310608,1.2514931762728378,1.321963452391987,1.3722444107032805
2007-04-24,1.298008062936738,1.2548538412451196,1.324790498462112,1.37564913921116
2007-04-25,1.3956741128484258,1.376646426757836,1.4304454084465517,1.4982684875962027
2007-04-26,1.44577400863372,1.4322545668499145,1.4839690433280308,1.5547422565812163
2007-04-27,1.4361012685142889,1.4193964632774465,1.4735769304777242,1.541700584031946
2007-04-30,1.3109857768735536,1.2556298781527984,1.3338433509705325,1.375082202928392
2007-05-01,1.3038772961548615,1.2502103521513714,1.3263763073999837,1.369614684294196
2007-05-02,1.4361864615159106,1.401938484471137,1.4748834621005278,1.5235667467464535
2007-05-03,1.4183840047313794,1.3960328274430431,1.4498731163506238,1.5176431739142775
2007-05-04,1.488603015734759,1.4757139643291763,1.5263516850190404,1.598351770590018
2007-05-07,1.4577759115893962,1.4450657140959673,1.4942234708703725,1.5673634808382428
2007-05-08,1.3677594330900784,1.350750078099049,1.397566849969216,1.4722222315475924
2007-05-09,1.4041464381580668,1.3930738241042762,1.4400479060048363,1.5150597510764272
2007-05-10,1.281583681502368,1.2331894125440708,1.2902379170986356,1.3519045988273046
2007-05-11,1.3616073843614782,1.3216288536312968,1.3892857163399328,1.4409906544899587
2007-05-14,1.463058241258067,1.4397193199519562,1.5083765769373076,1.5617745296126753
2007-05-15,1.6007209841968437,1.5747705035958348,1.6745623616352894,1.699731855909585
2007-05-16,1.6431200368312517,1.6268988732359437,1.720173543798777,1.7538517092570638
2007-05-17,1.6381523579604143,1.618247303658695,1.7106596526861608,1.7422052866568483
2007-05-18,1.9272439252572886,1.92057116296675,1.9729645404536398,1.9731075681202983
2007-05-21,1.9731496099843433,1.95725546049066,2.0135666940392665,2.0057962445113326
2007-05-22,1.9020625544767678,1.8951403929567634,1.9616977086697,1.9603688179314098
2007-05-23,1.982606531650407,1.9593325181274461,2.01831133293685,2.00739643331661
2007-05-24,1.9663324373176,1.9060619420860352,1.9652657321486138,1.9396366462350871
2007-05-25,1.933674314458527,1.8912543868426381,1.9568882551734539,1.9357918475326306
2007-05-29,1.86152245888694,1.845903863250329,1.910257746796188,1.9027959035498891
2007-05-30,1.887589986530001,1.895528278066462,1.9514479041498352,1.9550859442637556
2007-05-31,2.0830620792431747,2.0195079658401505,2.0844035682337765,2.061112800567751
2007-06-01,2.031513235074696,2.0055334951836645,2.0557673882124314,2.0471150094945325
2007-06-04,1.9466782835289145,1.9517907410366313,2.0008710906373546,2.001470857357201
2007-06-05,1.885251033761682,1.8939612751023653,1.942367193016693,1.945191065796654
2007-06-06,1.9330515479387143,1.8596496271017569,1.9074655037719173,1.9009276441984744
2007-06-07,1.7479843818413625,1.6737740409972697,1.682894495059528,1.7150409378729337
2007-06-08,1.9390092756438353,1.8100868909550216,1.8382442858014258,1.8460646431224335
2007-06-11,1.9642577333213238,1.8278912173962552,1.8555549577369683,1.8636098503567342
2007-06-12,1.8783385632799843,1.754838368244522,1.8012324615583302,1.7903988916637992
2007-06-13,2.1200964276198766,1.920166886879971,1.9787651945077362,1.9567021311733777
2007-06-14,2.3067690592209744,2.0346914263241276,2.1161943466590936,2.0697770773016178
2007-06-15,2.28954279439621,2.028505339603117,2.098380393486574,2.054729940891723
2007-06-18,2.1155006183393725,1.9153709294170704,1.9676716835175327,1.943472814943106
2007-06-19,2.2187988350197987,1.9732931453314357,2.0392149603892458,2.0022286363701434
2007-06-20,2.1435407243240654,1.9128113919227923,1.9706245173573602,1.9468772325016683
2007-06-21,2.1630105160592206,1.928942651408374,1.993183847048567,1.965769191502101
2007-06-22,1.992092994494811,1.8279146734132514,1.879598509186315,1.872066122485777
2007-06-25,1.9879470793002245,1.8214334393437555,1.8731126566565979,1.866746896352168
2007-06-26,1.8777131927567352,1.7542740936271544,1.7955408761613103,1.8031582101262038
2007-06-27,1.956817366887067,1.8091081046915616,1.859905074095432,1.857809981356762
2007-06-28,2.047607778090198,1.8599798217515109,1.9292221810769465,1.9147461515752486
2007-06-29,1.988766787245804,1.8221460029125425,1.8797650782728041,1.8733324225642336
2007-07-02,1.9095596341854477,1.7605400626357814,1.805604665082468,1.8092902962345672
2007-07-03,1.943602514623873,1.7804808398209528,1.8320704357610706,1.831270803540855
2007-07-05,1.8939449696585915,1.7515305398466134,1.7986290145472468,1.8035432807569132
2007-07-06,2.0039096087277493,1.8177368039543138,1.880219327698558,1.8710356483529262
2007-07-09,1.9834661846084867,1.805691168691052,1.8662265108224838,1.859415082276562
2007-07-10,1.8906436183331785,1.7373215494770378,1.7747538492250137,1.7854695052145129
2007-07-11,1.9375355073990637,1.7698001315206167,1.82248082158837,1.8255431281729528
2007-07-12,2.0272397607773662,1.8384975984007352,1.89460557828706,1.8870551266063667
2007-07-13,2.1725973378263306,1.929713331236702,2.0159971531148866,1.9867053990766192
2007-07-16,2.364002741733673,2.0444918124254836,2.1835353811248233,2.1219094438946446
2007-07-17,2.3995570567099356,2.064441969733072,2.2124428340782227,2.145605116625973
2007-07-18,2.3958647908683797,2.062095827530952,2.2077323850254773,2.141735949525303
2007-07-19,2.384862064784801,2.0533770504200843,2.2045933552443224,2.1391040034211652
2007-07-20,2.1533077194023234,1.8838899519963925,2.0122546566884925,1.979853772450537
2007-07-23,2.2574083277801953,1.95252173829031,2.0974925483645146,2.049891546027246
2007-07-24,2.1257485852344327,1.856125487604462,1.9818423545843995,1.9572146693675816
2007-07-25,1.9977179345851284,1.7639859577273052,1.8838790808447032,1.8737644421548771
2007-07-26,1.675857076593003,1.5593402538241072,1.6726978574885005,1.7019452372517843
2007-07-27,1.4438108782355712,1.4254060251004124,1.5064849711024937,1.565615041720651
2007-07-30,1.5839171046928282,1.5083318020791834,1.5883466562938715,1.634418065604236
2007-07-31,1.3812861060099382,1.3933344931362404,1.4667391778564958,1.5328366255919432
2007-08-01,1.4351469690176446,1.423736809875428,1.496673845717519,1.5578327739926296
2007-08-02,1.5539095216585894,1.4952127929919554,1.571080861386261,1.619877471691378
2007-08-03,1.2130265253722676,1.315805867812022,1.3745102445145085,1.4569484671508492
2007-08-06,1.325746604376196,1.3676844111098314,1.4368283708388403,1.5095791188209051
2007-08-07,1.430769373688455,1.4210137136802639,1.4950235952036177,1.55841957190394
2007-08-08,1.5650091955799408,1.4910517710528177,1.5721879580876394,1.6232652135381775
2007-08-09,1.2861500634127336,1.3863450820204803,1.459882180545005,1.5304912706368394
2007-08-10,1.274383640646264,1.391060560585373,1.4706495808760345,1.5394882522680537
2007-08-13,1.278703623965784,1.383757300330233,1.4551669831372074,1.5264441674144618
2007-08-14,1.1607547004668743,1.347041772578331,1.4196150577439441,1.4968090104065903
2007-08-15,1.0287776500002808,1.2887098931166145,1.3501022709864199,1.4386436617910743
2007-08-16,0.9946080756737888,1.2263857555920856,1.2684927776393884,1.369367018445969
2007-08-17,1.0687046657815915,1.2287420166022813,1.2584184310784026,1.3608249161049382
2007-08-20,1.043511685804176,1.2070207472516445,1.2334295108968019,1.338676713065463
2007-08-21,1.0185704662286121,1.1724344288011423,1.198677668607399,1.304318099861078
2007-08-22,1.149123562726211,1.2516442584706713,1.2943158963366483,1.3899075286863511
2007-08-23,1.1423057592073622,1.2494332345933967,1.290437366378497,1.3868812234886976
2007-08-24,1.2623210836072347,1.3233959057859233,1.3795231260273835,1.4700454307667674
2007-08-27,1.187748304240832,1.296397213280218,1.3331351671111846,1.4332217169209671
2007-08-28,0.976300344548264,1.193951841561585,1.1857340740803048,1.3074999717491842
2007-08-29,1.0834580309086619,1.2082365630465175,1.2397178187527833,1.340941756793749
2007-08-30,1.052434794046336,1.1858727597930336,1.2145914037823258,1.317209846403921
2007-08-31,1.1232360907761336,1.2122325824529387,1.25013817879624,1.3455700244921611
2007-09-04,1.2015811297493333,1.2513160141297723,1.2983570398063433,1.3868192743229033
2007-09-05,1.0824999798175854,1.1457374469023711,1.1869186771637574,1.2781208312433432
2007-09-06,1.0856239482383987,1.1316042586298916,1.1759917342942658,1.2649107242599535
2007-09-07,1.0403797763773501,1.1917746818083597,1.2073395551787,1.3192120412084078
2007-09-10,1.0624466797770045,1.2370115677133944,1.2533076545782027,1.3643656654226706
2007-09-11,1.1278832805887176,1.2569185461517711,1.2857565520376184,1.3845024702242843
2007-09-12,1.1402359195540932,1.2572176927639045,1.290736484975261,1.3859580452532405
2007-09-13,1.119900142560777,1.1853592681089096,1.2354988942360325,1.3157299990131763
2007-09-14,1.087882008832834,1.1433418001896876,1.1925386515637753,1.2735331319143304
2007-09-17,1.0433599072935889,1.1150900334842513,1.155750195884814,1.2421364125603038
2007-09-18,1.2241337151288716,1.224908288886365,1.3099027957373661,1.365578150341888
2007-09-19,1.2581031496526387,1.2337681594376402,1.3367881350060784,1.3834378282267201
2007-09-20,1.2209842507783635,1.2337251867412125,1.3301581711584418,1.3869432200413274
2007-09-21,1.201535527545616,1.1817921864205716,1.2871547448403324,1.3345863228685468
2007-09-24,1.225557175708888,1.2366388994812736,1.333507839524283,1.3899498957281626
2007-09-25,1.2339792509359857,1.2667508582617444,1.3565983891736977,1.4197983511270273
2007-09-26,1.2165786490407158,1.2009857727158288,1.3103415246943577,1.35694705387842
2007-09-27,1.1993290665113125,1.1400428969786112,1.263360114727507,1.2972724656471302
2007-09-28,1.1636834852898024,1.10696742698025,1.2280464626438,1.2640276490822098
2007-10-01,1.2491762157792103,1.173884089261724,1.3076885530978675,1.333740553982514
2007-10-02,1.244950953976066,1.175315399956136,1.3057629431886546,1.3343159874522363
2007-10-03,1.2587992871664273,1.2065872969991205,1.3316444085043793,1.3658313400378659
2007-10-04,1.2546632915902896,1.1926873637661695,1.3208731685158308,1.351917997054441
2007-10-05,1.255921584440827,1.1403655125108705,1.2943609482464642,1.300366862919045
2007-10-08,1.1986411628456775,1.0832769512039746,1.2262054806608358,1.2430178187262824
2007-10-09,1.277832593862064,1.1565511892871767,1.307389004368759,1.3162780325247965
2007-10-10,1.2602865390833957,1.1387609016773887,1.2884016129530769,1.2984187909379883
2007-10-11,1.2119805092587173,1.091791103464046,1.237097132652981,1.2512270528813192
2007-10-12,1.2626969161928414,1.1412879394492697,1.2933070149480428,1.3008176190276293
2007-10-15,1.1307376385693306,0.9825193645965526,1.1307846355668822,1.1422396606016798
2007-10-16,1.047778664599894,0.9016307315088674,1.032062975637477,1.0609719446223966
2007-10-17,1.059220874173297,0.9091760991001838,1.0407712910117906,1.0685134635195026
2007-10-18,1.0553525979293517,0.9154404486399238,1.0458495448364564,1.0748309808218792
2007-10-19,0.8248088045388261,0.6461468651231106,0.7947198510388584,0.8005190710519179
2007-10-22,0.8555441948223559,0.6623575917245481,0.8247161218969754,0.8167012339475451
2007-10-23,0.9128901120723235,0.70734967623713,0.8614424204126145,0.8616271279023306
2007-10-24,0.8649999817861548,0.6408068160703745,0.8003391061170291,0.7951547945855714
2007-10-25,0.8605366906652683,0.6184417250362709,0.7787892764842678,0.7728241464201188
2007-10-26,0.9192833554190665,0.645303098327612,0.8067288679572018,0.7995100395094675
2007-10-29,0.9208333510553386,0.6263819459262601,0.7915382557791193,0.7806276524986048
2007-10-30,0.9155329890588548,0.6639226136460199,0.824527388514664,0.8185982113481475
2007-10-31,0.9953710611955902,0.732486050927176,0.8993796113882047,0.8870588306563706
2007-11-01,0.8073040766740361,0.594235297414128,0.7336212440280689,0.7470686611404178
2007-11-02,0.8663216862415535,0.6850011635361315,0.8175602951505667,0.8394209603842052
2007-11-05,0.8132357776061322,0.652908299092361,0.7870905278804771,0.8146250720763235
2007-11-06,0.9199414428634942,0.7405081323372218,0.8723280748083596,0.8946777581277202
2007-11-07,0.6249893224987515,0.46694812298162625,0.6032734657284521,0.6295164154364061
2007-11-08,0.5609411402088856,0.3992024413625839,0.5359066754829906,0.5603957237828431
2007-11-09,0.44436106919650437,0.3137104704965081,0.4609841814291788,0.4862812692233215
2007-11-12,0.41011913532052807,0.33527664156839254,0.46766259882948025,0.5139569596904878
2007-11-13,0.6069164704902049,0.4535563582935252,0.5860289669267619,0.6157163925072134
2007-11-14,0.5704968593547944,0.4139399807496332,0.5510435304035443,0.5753675816605474
2007-11-15,0.4158619206860245,0.271620134659078,0.4267159907800357,0.4402736170694912
2007-11-16,0.4079842505034386,0.2438787785919567,0.4044040247154835,0.4120946437715329
2007-11-19,0.2917524820659446,0.15958894618974756,0.3249864199173564,0.3338434157027574
2007-11-20,0.3315658276939807,0.17925011151161302,0.3476069911103019,0.35274521654321267
2007-11-21,0.1834018124073211,0.09370613961546045,0.2544606859027604,0.2696874123056337
2007-11-23,0.2915009622886673,0.14367978855332217,0.3193105675962668,0.32386522611640245
2007-11-26,0.12557331709295524,0.04280620467758898,0.2071207263309287,0.2207275165624492
2007-11-27,0.22861544034874934,0.13034939823214764,0.29779593165936974,0.3095537767776643
2007-11-28,0.5222336474654247,0.40061870769702873,0.5746048130135974,0.578363392911351
2007-11-29,0.496253532482481,0.3593440921802765,0.5283443352952638,0.5370475707326567
2007-11-30,0.4939005156701615,0.29008098447149383,0.48043730980553667,0.46607083218661666
2007-12-03,0.44720256980814727,0.265435527905325,0.45352469759014935,0.4415934031813716
2007-12-04,0.40210270047592983,0.25825807756140157,0.4368007656719278,0.4331137976610968
2007-12-05,0.45893333811956427,0.23881521876984604,0.4408109406200135,0.4195194007270419
2007-12-06,0.5215272494837764,0.24308396123494663,0.46290334775878283,0.4315003215185896
2007-12-07,0.5257338648293417,0.25085436553969037,0.4691449879758581,0.43926839556708003
2007-12-10,0.6039425708174371,0.32016600242772153,0.5392310107964848,0.5119602090045519
2007-12-11,0.40487895610639724,0.20783810883640333,0.3943246439609604,0.3811147186618233
2007-12-12,0.4483313641642786,0.20920520528569028,0.4143786941521651,0.39274820251313103
2007-12-13,0.43999549753125544,0.21000440696687342,0.4139178714013859,0.39370299412149584
2007-12-14,0.3507340059543536,0.15639365237143332,0.35284994749163795,0.3382226784799803
2007-12-17,0.20318052782047294,0.016257624538715328,0.2036561558758418,0.1925726194800717
2007-12-18,0.237723120762794,0.033773674915984944,0.22649561821629466,0.2127538216859023
2007-12-19,0.25513415547702856,0.060926485681860494,0.252620232022843,0.24008691495054169
2007-12-20,0.2827088638344211,0.06365353248797821,0.26227475297665587,0.24668270539076292
2007-12-21,0.37531494712020086,0.12014417900108604,0.337271735128272,0.313759573945279
2007-12-24,0.44471412287160816,0.1825403296714338,0.4136892870957489,0.38361350379008136
2007-12-26,0.49738171624584143,0.25040056443933284,0.4914383916043272,0.4532093749297495
2007-12-27,0.3795880932015531,0.14498381651668432,0.36217614448559865,0.33825103711443977
2007-12-28,0.32288451847007155,0.05819164426778128,0.2841644963240429,0.25037047202430907
2007-12-31,0.2891259716506918,0.0486868408615583,0.26413317268338427,0.2384539078881526
2008-01-02,0.2596841481268322,0.05986660497756601,0.25243843365130897,0.2444799726137314
2008-01-03,0.2677611867350782,0.07911037567429509,0.26682804948300004,0.26346103549244304
2008-01-04,0.09758888419008332,-0.0598959431839181,0.09843915446239533,0.10636007571122846
2008-01-07,0.14214873472991643,0.0343764728293972,0.17241759963534314,0.20040176656003125
2008-01-08,0.012387446859257925,-0.09666567938206014,0.051673116222943585,0.06912041811176764
2008-01-09,0.08206256006586814,-0.039883443446862045,0.11011959152859939,0.12573760456709393
2008-01-10,0.10177416624175863,-0.05124790156163021,0.10907002119665425,0.1144360156798181
2008-01-11,0.024903633562595107,-0.14363826505254174,0.02902758804690944,0.02213102405892954
2008-01-14,0.02774435019279963,-0.19260410829813385,-0.005783438612351954,-0.026305838888859383
2008-01-15,-0.09632340061347908,-0.2798226765623293,-0.10009905357106684,-0.11448167096703724
2008-01-16,-0.15142774090722902,-0.3242663358141472,-0.15003154502409866,-0.15904262351587714
2008-01-17,-0.2872985345319724,-0.4053796687353401,-0.23058032187275876,-0.24125334442953292
2008-01-18,-0.3605526866636116,-0.4724467030129148,-0.29642290563355334,-0.3083991427879794
2008-01-22,-0.40260394965441987,-0.47951769971241975,-0.3032127298952049,-0.31551293395352636
2008-01-23,-0.2751764839489807,-0.4083216022286014,-0.24143698518381687,-0.24513859113945421
2008-01-24,-0.2728534522232721,-0.46877064869784274,-0.29109682177406515,-0.3087956195729508
2008-01-25,-0.28876004669764194,-0.39986168271092665,-0.22108548457748967,-0.22782347707693024
2008-01-28,-0.18524316723452294,-0.3243639838793972,-0.14818522285865166,-0.16156906369435586
2008-01-29,-0.15270602752708803,-0.30003356685362415,-0.1246303096346323,-0.1387215912176872
2008-01-30,-0.22678071597673832,-0.3828174779660045,-0.19583810944519303,-0.2194348505602277
2008-01-31,-0.15899458774452135,-0.38468474626746935,-0.17819534602973755,-0.22130675389262602
2008-02-01,-0.09999723845315274,-0.38902581216625964,-0.16040187536770603,-0.21913097888784783
2008-02-04,-0.18171733367933268,-0.44539431555616393,-0.2250184870918912,-0.2801477651618461
2008-02-05,-0.3372995174078586,-0.5422590871577194,-0.33711912563818064,-0.38138729614639183
2008-02-06,-0.3850252824195805,-0.5716554732762517,-0.3727823487154485,-0.41421253966967186
2008-02-07,-0.35956544186900097,-0.5739070056374551,-0.37084370100019837,-0.4180361290756017
2008-02-08,-0.3888179725498082,-0.5811156707496383,-0.3814920723893333,-0.4247385237253689
2008-02-11,-0.31674566763108003,-0.48290484823877755,-0.28620637377592545,-0.3253988752517361
2008-02-12,-0.24382805267220625,-0.4163041438559773,-0.21198984709916588,-0.2554421661860708
2008-02-13,-0.2335394005087732,-0.47406251276418176,-0.24501689078709774,-0.3059300160876597
2008-02-14,-0.32159765185940536,-0.5726424559079549,-0.3484500169066048,-0.4102704053262306
2008-02-15,-0.3303524804026579,-0.5862868067966039,-0.3610514420204915,-0.4240715143892143
2008-02-19,-0.3114615776146395,-0.5705343217043848,-0.342879451868172,-0.40666610270208475
2008-02-20,-0.30672318622430306,-0.5801867305543466,-0.3465968903165431,-0.41371328143023084
2008-02-21,-0.3518247436009218,-0.6094947992837874,-0.390151346810367,-0.4523350119422466
2008-02-22,-0.31216510929571806,-0.5748691453053862,-0.3448237423291334,-0.41051058000393537
2008-02-25,-0.21757293251256637,-0.47770066497613944,-0.2277960798827173,-0.29917874077783724
2008-02-26,-0.16966477116499024,-0.4331546564335759,-0.17070958681186757,-0.2548300042851522
2008-02-27,0.053079575895961496,0.0547575526396083,0.2539851316519981,0.2577071844917669
2008-02-28,-0.06409045966646297,-0.057405501251007254,0.06996377651787564,0.09510195931063685
2008-02-29,-0.17705874144463568,-0.1580341519574013,-0.08133299145546856,-0.012959135856955944
2008-03-03,-0.114751368802739,-0.09416911023226297,-0.04425525997614576,0.025748196329293274
2008-03-04,-0.08146103019656535,-0.06063403931813424,-0.021840308605740582,0.04479070511191786
2008-03-05,-0.14426375890230514,-0.12169992606357243,-0.06233693016419993,0.008909184678104719
2008-03-06,-0.25892917397721926,-0.2547072788242295,-0.17885783514466316,-0.12589895721850172
2008-03-07,-0.367856235210383,-0.3597025625743698,-0.27926012926839455,-0.22256686156586392
2008-03-10,-0.44532640061266815,-0.43836708758671866,-0.34580269251901996,-0.3012616625458314
2008-03-11,-0.24432172948306213,-0.23873868356258393,-0.17288909462522284,-0.10450798515298106
2008-03-12,-0.18717550393307206,-0.1823674345329868,-0.11409158420368748,-0.046788063514147535
2008-03-13,-0.21709897673064596,-0.20775373493900165,-0.14940702581725646,-0.07755647682680226
2008-03-14,-0.3127698188881467,-0.28343693237908046,-0.21371673254997148,-0.1532319820801358
2008-03-17,-0.3540407775560661,-0.3141673605510935,-0.23987852397871554,-0.1837221226359919
2008-03-18,-0.18652086519299288,-0.19260936162132924,-0.14283178795249388,-0.06980316801412863
2008-03-19,-0.3526356352141116,-0.3027120387790229,-0.27669525811800927,-0.19563586380864548
2008-03-20,-0.3411221360389357,-0.31680422323171326,-0.3170545439978925,-0.23319476094846478
2008-03-24,-0.22700143933606715,-0.25041715318331365,-0.2551012430644068,-0.17528059751267963
2008-03-25,-0.22973949442725436,-0.2537444037666214,-0.26035183798092065,-0.18019912847795486
2008-03-26,-0.28900200167170864,-0.28607682239020954,-0.2892469132336986,-0.20733786473353819
2008-03-27,-0.29323227427968296,-0.28565140527986416,-0.28444454360997645,-0.20283132907564133
2008-03-28,-0.3055959333329243,-0.27112869178108345,-0.2677820033486323,-0.18715378477606742
2008-03-31,-0.2923072940437482,-0.2667791761662358,-0.2624851808903005,-0.182194242255271
2008-04-01,-0.10378857176430528,-0.15628932452335478,-0.1290725319172527,-0.05777697509956929
2008-04-02,-0.10628407256113223,-0.1617246173761537,-0.13482061259544995,-0.06316833531976564
2008-04-03,-0.15042965033178765,-0.22841646182815592,-0.21312667482314795,-0.13635095181398618
2008-04-04,-0.16224314090029107,-0.2397831995560593,-0.22646582965092463,-0.1488579811146137
2008-04-07,-0.17401444611065703,-0.2581849243067612,-0.245734621356279,-0.16691007703896538
2008-04-08,-0.18690180876471363,-0.2717591158390278,-0.2614929883508824,-0.18168312425256103
2008-04-09,-0.23188849364556038,-0.30342120605854445,-0.3043496938741658,-0.22191562103069337
2008-04-10,-0.20259637337297354,-0.26799887027197805,-0.26028700385460424,-0.18053559270921019
2008-04-11,-0.3294446450527119,-0.3793845612076042,-0.40092679388329555,-0.3128187585509501
2008-04-14,-0.37171475038936613,-0.4364561486635409,-0.46327542064956245,-0.3712183781929559
2008-04-15,-0.4101289620250964,-0.5246688697067207,-0.5467387652585298,-0.44899837263749887
2008-04-16,-0.2789838898133014,-0.4553876625696216,-0.4341381639578521,-0.3456273803763623
2008-04-17,-0.2777297830579622,-0.46271114632876276,-0.43719746559700384,-0.35106458156650655
2008-04-18,-0.22120265411376325,-0.41501544344007246,-0.39062947307974827,-0.30695755642912365
2008-04-21,-0.2683681973806467,-0.5414476784311727,-0.481929594244252,-0.431445561046762
2008-04-22,-0.2717089680872163,-0.5143951677733938,-0.4646230613016514,-0.40452031271854433
2008-04-23,-0.2822553505967481,-0.5268245145599211,-0.47649583940334206,-0.4168438369854533
2008-04-24,-0.3078110847888458,-0.6231572438386512,-0.5394648419372478,-0.5116208352982465
2008-04-25,-0.26487472370985005,-0.5912913654455854,-0.49603428941515004,-0.48014234769641595
2008-04-28,-0.2595181795136566,-0.5794776820797555,-0.4875312673342479,-0.46842640859070156
2008-04-29,-0.23659810232240722,-0.4903990078632219,-0.4351589833849102,-0.37944231528377664
2008-04-30,-0.2811894996542418,-0.5590961601980671,-0.4998839552389325,-0.44756670971901746
2008-05-01,-0.20289444090267178,-0.4917339957127881,-0.40381448776425605,-0.38152339297258214
2008-05-02,-0.21681874446436636,-0.5447124185430142,-0.4341934051154258,-0.4337936560229881
2008-05-05,-0.26191656998751295,-0.6197963798063078,-0.49561904148238084,-0.5081309696237404
2008-05-06,-0.21748131912384544,-0.5723635281977075,-0.44590060529507997,-0.4612568013130435
2008-05-07,-0.30338965613192,-0.6540634286587069,-0.5410927564158775,-0.5428019406016865
2008-05-08,-0.33105429324974467,-0.7006534731399331,-0.5842843013501235,-0.5889261545247798
2008-05-09,-0.286388655565141,-0.5819410385461524,-0.489664768684001,-0.4702431488964548
2008-05-12,-0.27235854524556646,-0.6100864379864652,-0.5177743479033196,-0.4978932466486083
2008-05-13,-0.26019337086797695,-0.5865054585387922,-0.49809565641800746,-0.474493776157219
2008-05-14,-0.2507980292582633,-0.5774656314282012,-0.48797545819903343,-0.46554257052428166
2008-05-15,-0.22118488663200234,-0.5637694004274533,-0.46685215885426584,-0.4520903823957301
2008-05-16,-0.2061120516612612,-0.5366855311320441,-0.4426878366489933,-0.4252243062428623
2008-05-19,-0.2373924874510857,-0.611798998157185,-0.504461247567168,-0.49920132715710247
2008-05-20,-0.2769069182817893,-0.6618881017228301,-0.5548194691217018,-0.5490206680854368
2008-05-21,-0.36036376406640586,-0.7643571389266793,-0.6675445419152185,-0.6513340142262194
2008-05-22,-0.36030047842507285,-0.7649062480376531,-0.6677275038127777,-0.6518780403378565
2008-05-23,-0.38265529990977337,-0.7440777356982742,-0.6590278922480444,-0.6309941108153115
2008-05-27,-0.36574804054020443,-0.7437928827829766,-0.6547736967763018,-0.6307132718058746
2008-05-28,-0.3606006395181875,-0.7547543758385841,-0.6601955969928002,-0.6415341338437934
2008-05-29,-0.37688096426407275,-0.8196322727920918,-0.704856478583667,-0.7053731502493442
2008-05-30,-0.35848652465956565,-0.7936173437028252,-0.6794424157016611,-0.6796051189410311
2008-06-02,-0.43755480798260393,-0.916565035000526,-0.7909053043834251,-0.8015178702641587
2008-06-03,-0.4683397157442739,-0.9553854254140007,-0.8326028099405782,-0.8400583857548097
2008-06-04,-0.45050435499128744,-0.9157404970924253,-0.7992979152862697,-0.8006733890077539
2008-06-05,-0.2908132711799212,-0.664961342869107,-0.5572051104612746,-0.5524472814335849
2008-06-06,-0.3606797617638637,-0.6933475611370286,-0.6065290087745528,-0.581302501116741
2008-06-09,-0.41531029626657523,-0.7875297921552337,-0.7005768079680733,-0.6740274741454404
2008-06-10,-0.4495764039095081,-0.8252382486793003,-0.7291682742700114,-0.7114137756350816
2008-06-11,-0.4687286614149142,-0.8141343001058639,-0.7263492999611659,-0.7002982210651353
2008-06-12,-0.5267722167603879,-0.9129072446762541,-0.8041567115903898,-0.7974155508109453
2008-06-13,-0.49417823258363625,-0.8940089986207463,-0.7879687409555518,-0.7715627959182674
2008-06-16,-0.5204706506610195,-0.931123140832536,-0.8169347374060875,-0.7994365849718913
2008-06-17,-0.5391882383690969,-0.946773050028402,-0.8324061507458427,-0.8163343755427389
2008-06-18,-0.6013984026563287,-1.011807298887666,-0.8955818383337028,-0.878223100349286
2008-06-19,-0.5245646639903647,-0.9114708548314587,-0.8008955021423371,-0.786370961319639
2008-06-20,-0.6351065860650791,-1.0295453152587548,-0.9242180293431437,-0.9051595088934173
2008-06-23,-0.5924339277544566,-0.9749419103739771,-0.8737603973906638,-0.8553867739758405
2008-06-24,-0.5781552246701014,-0.9543658466860067,-0.8535315079462279,-0.8358177420783557
2008-06-25,-0.5015792115450847,-0.8646821986241343,-0.7642011080103334,-0.7500013716465163
2008-06-26,-0.7102928439973754,-1.0907333733536153,-1.0103288589427077,-0.9755953580100806
2008-06-27,-0.7372542127882727,-1.1152104747827523,-1.0429370347342015,-0.9998186220461033
2008-06-30,-0.7208689190904439,-1.1004357213034544,-1.0297697984910177,-0.9851242257532754
2008-07-01,-0.7515481048105084,-1.1421760532499465,-1.0731737675058655,-1.0265665701717457
2008-07-02,-0.8551289174910125,-1.2408475669366357,-1.1779653251316946,-1.1268010587286672
2008-07-03,-0.8445382905970501,-1.2299620438707188,-1.1655803533041713,-1.115377853159449
2008-07-07,-0.92258804075058,-1.3127400885970992,-1.2505551244505968,-1.201744862672592
2008-07-08,-0.8337159471657964,-1.20561595041993,-1.1618594383972445,-1.0968642122269505
2008-07-09,-0.8576641459845281,-1.2061108791665036,-1.1519737709119864,-1.0929274348448035
2008-07-10,-0.8731277654510691,-1.2334122105147804,-1.1921859678489468,-1.1301504252515298
2008-07-11,-1.0131565337819117,-1.4074110766707542,-1.3519371163846685,-1.2955131409288807
2008-07-14,-1.0733477721211444,-1.4736019967215264,-1.4134983067061708,-1.3606932848136835
2008-07-15,-1.1417951958090642,-1.5462332701677366,-1.475623492411751,-1.4330109717192256
2008-07-16,-1.0089657985002798,-1.3990723224956958,-1.347388971621696,-1.2888545147201258
2008-07-17,-0.9488156729821325,-1.3401712300766642,-1.2880956478991308,-1.2311420795313899
2008-07-18,-0.9368533066722275,-1.339437598227087,-1.2915744499866704,-1.2311447158475717
2008-07-21,-0.8842883341051231,-1.2639801454876343,-1.2153555835286176,-1.1568821316057638
2008-07-22,-0.8418576943945965,-1.2339358062298151,-1.188260620141523,-1.1291439511882404
2008-07-23,-0.7299862796401569,-1.0876246296927414,-1.0434781016202261,-0.9901536447441048
2008-07-24,-0.8408311097373224,-1.1883039571146732,-1.156907035523901,-1.0918567730417843
2008-07-25,-0.7277126504363892,-1.0362627648154614,-1.0273378167187641,-0.9651495059363642
2008-07-28,-0.7037597744102377,-0.9873595184731995,-0.9727179118331309,-0.9153593409406723
2008-07-29,-0.6738127196539747,-0.9780421316984871,-0.9400690925268226,-0.8889044986869324
2008-07-30,-0.5272540431060767,-0.842551112028816,-0.8086937164680564,-0.7680093413207696
2008-07-31,-0.6169657269940949,-0.9212318019371419,-0.8836884405159077,-0.8397053285413498
2008-08-01,-0.6834728676272355,-0.9856523432423934,-0.9395598531944983,-0.8943267088380904
2008-08-04,-0.604201105956931,-0.89659086379688,-0.8638867572017548,-0.8209436246065367
2008-08-05,-0.5509594564356532,-0.8621596326123732,-0.8242406523708434,-0.7888665857251024
2008-08-06,-0.5825746132606703,-0.8927030433323894,-0.8460172948671457,-0.8099590285100756
2008-08-07,-0.7268804226379757,-1.0166097827518925,-0.9572198331276304,-0.9178641687968911
2008-08-08,-0.48745624893779643,-0.8166246143289443,-0.7619554380523311,-0.7281559723015404
2008-08-11,-0.4114504935656921,-0.7560223124375559,-0.6997253764182164,-0.6678218961982743
2008-08-12,-0.48157624710106234,-0.8120648017322565,-0.7528242951065254,-0.7193771129114894
2008-08-13,-0.43563683302147477,-0.7751797492936344,-0.722848998183737,-0.6902312686465989
2008-08-14,-0.3284251059196424,-0.6879070311116028,-0.6364676220614106,-0.6063837980419747
2008-08-15,-0.3418736324171512,-0.696839878442019,-0.6437843063997366,-0.6134730521762085
2008-08-18,-0.5042777831721905,-0.8288949016652462,-0.7825652485638841,-0.7480772585983768
2008-08-19,-0.5564908184415053,-0.8722526361717688,-0.8359239469460539,-0.7999264737012071
2008-08-20,-0.5430596093852958,-0.8602097291485753,-0.8209271942910408,-0.7853919900892553
2008-08-21,-0.5950344192753363,-0.8992964540784156,-0.8655825187962489,-0.8298800709245833
2008-08-22,-0.5163977163564896,-0.8297044791103975,-0.7825797646743009,-0.7612302507510653
2008-08-25,-0.6796448771308076,-0.9657933268901628,-0.9543220746850173,-0.9044857321504608
2008-08-26,-0.6185303196211765,-0.9154231840074202,-0.8909649797183894,-0.8460654468537344
2008-08-27,-0.46008692445268756,-0.7810571988150583,-0.7357089584137998,-0.6952313644294577
2008-08-28,-0.49892178290555866,-0.8044812430607481,-0.7813297958174196,-0.7427182368998175
2008-08-29,-0.5395346578903547,-0.844111698342635,-0.8239385467831006,-0.7804489306879462
2008-09-02,-0.6213473252453197,-0.9113903803370892,-0.8969568511496802,-0.8487032346956713
2008-09-03,-0.6776192634923882,-0.9585185516792933,-0.947279720908453,-0.8972707773996915
2008-09-04,-0.7803436042387071,-1.0709304613771085,-1.0582866539898654,-1.0060064520141738
2008-09-05,-0.7760579130453092,-1.0665235875855847,-1.051182083691658,-1.0027668118599462
2008-09-08,-0.6010156695306184,-0.9080823033026822,-0.9020861365327809,-0.8408024950392367
2008-09-09,-0.7342762536695174,-1.026255170879611,-1.010373173760263,-0.9571541303108053
2008-09-10,-0.7728534924505533,-1.0682209740441346,-1.054041829906358,-0.9985492460708887
2008-09-11,-0.7124781967146698,-1.0197948090996083,-1.0201558605364538,-0.9523222463321457
2008-09-12,-0.7246193981754528,-1.0375052726325773,-1.0420909127022988,-0.9735687233449889
2008-09-15,-0.9392810193521759,-1.2098687698891886,-1.200132270644167,-1.1285499652437254
2008-09-16,-0.8307319511230812,-1.1275404696203843,-1.1024407109382257,-1.033767992868307
2008-09-17,-1.1752606714688671,-1.436419887709045,-1.4157842432089758,-1.3370699121444982
2008-09-18,-1.054422588661411,-1.3800031976080882,-1.3743719849454783,-1.2971038472851475
2008-09-19,-0.8246432513205874,-1.2402328312659843,-1.2553912079326244,-1.1818724503658578
2008-09-22,-0.9379438494832065,-1.3052782066492932,-1.3158376828377212,-1.2407066664128845
2008-09-23,-1.0297925696366568,-1.3486183185971656,-1.352357456341091,-1.276292225795707
2008-09-24,-1.0059752792859162,-1.331658928338038,-1.3353918023377447,-1.259808887499065
2008-09-25,-0.9568826226134297,-1.320970806914338,-1.3311093785049728,-1.255662565590365
2008-09-26,-0.9819205788846325,-1.3538637251034622,-1.365875379065486,-1.2893676623900914
2008-09-29,-1.2562761292467677,-1.497880833967701,-1.5178802536487683,-1.4392693775388579
2008-09-30,-1.1146720272481954,-1.4890050711001968,-1.4774419115014155,-1.4003051971398595
2008-10-01,-1.1063611061963938,-1.4798817011790655,-1.4673838394740655,-1.3905201925222006
2008-10-02,-1.2395204966207427,-1.5292308025976253,-1.5092050331839246,-1.4318539200523388
2008-10-03,-1.3010257071603297,-1.5621178758651622,-1.5424543748383512,-1.4635033357623728
2008-10-06,-1.535849744378964,-1.7242248010444152,-1.7149970461007176,-1.6204384119966948
2008-10-07,-1.6739860243931508,-1.7612171579947118,-1.752133114950167,-1.6606726405343761
2008-10-08,-1.8075499265261243,-1.8670482456801705,-1.8612974606488852,-1.7641958533556457
2008-10-09,-2.0117763537972175,-1.9618207994451669,-1.9502199622896081,-1.8518284183792233
2008-10-10,-2.080095828859308,-1.9675289118672812,-1.956182074196032,-1.8583865515297742
2008-10-13,-1.3987395497357662,-1.75580857438324,-1.7873852816865339,-1.69279932261069
2008-10-14,-1.4194926125838232,-1.7206457192358202,-1.7489675387469896,-1.6611316817236585
2008-10-15,-1.6483784749925448,-1.777381660085762,-1.7771413495188628,-1.6968089073916908
2008-10-16,-1.513386627015444,-1.7604003909614059,-1.7584263980335986,-1.6837928457768703
2008-10-17,-1.5207509773117929,-1.7358892277331421,-1.7388883680606253,-1.657999076842136
2008-10-20,-1.232880655128004,-1.477880782167718,-1.5195180495901766,-1.408554762939402
2008-10-21,-1.3407543100456583,-1.5461996505449613,-1.5947662571779138,-1.4757389155063478
2008-10-22,-1.5195018929575193,-1.653769629490832,-1.686307696727845,-1.5818124256221966
2008-10-23,-1.4771605754677777,-1.6307740303602192,-1.6649612784324885,-1.558238096758287
2008-10-24,-1.6252692134092896,-1.695864023046071,-1.730146561056311,-1.6255009541434886
2008-10-27,-1.7625620455545552,-1.8091920036095677,-1.8377256645828821,-1.7439454783686743
2008-10-28,-1.3617855156040761,-1.7043063404230616,-1.7152694975647707,-1.625771451380217
2008-10-29,-1.3626626676780225,-1.6689941857243233,-1.6858072809931928,-1.5921026709057067
2008-10-30,-1.288933879506382,-1.7037194392200885,-1.7185518207697357,-1.6268905762733876
2008-10-31,-1.2079810920522582,-1.5728874036164082,-1.5840883427531012,-1.494509176086058
2008-11-03,-1.202892168641374,-1.5760753520586086,-1.587810031581677,-1.4981631155855237
2008-11-04,-1.0805742562213603,-1.5038448051014985,-1.5131181451712532,-1.4248102585255884
2008-11-05,-1.2330262313063256,-1.619271332675575,-1.6350174031708302,-1.5445026961440542
2008-11-06,-1.30329283202835,-1.5412209398717422,-1.5841920025499536,-1.4938441753720155
2008-11-07,-1.1928625900733598,-1.4861309873225408,-1.5131846110434093,-1.424177258479484
2008-11-10,-1.1911786661488675,-1.4378573898435596,-1.480097332274261,-1.391547960666874
2008-11-11,-1.246781326949573,-1.428538904242094,-1.4825161738456367,-1.3939352893813717
2008-11-12,-1.4502211511897827,-1.6304929247735966,-1.6786994649812501,-1.5860227342113777
2008-11-13,-1.256697616435484,-1.5384221490140881,-1.567619770656393,-1.4774206550572009
2008-11-14,-1.3452593934987949,-1.5436791884066672,-1.5917290288253543,-1.5012833214561216
2008-11-17,-1.3854214715515796,-1.5661341228894334,-1.6161275926036414,-1.5252614970822254
2008-11-18,-1.2958266715989957,-1.4861004882888624,-1.5409241137274121,-1.4512880047833945
2008-11-19,-1.4693576549195122,-1.5897823427601592,-1.6539922261094435,-1.5628041234823382
2008-11-20,-1.5900430233734728,-1.5980309707245228,-1.684212379616008,-1.5928923560924666
2008-11-21,-1.4843423561240865,-1.6052577778619803,-1.6869507992203134,-1.595562373723475
2008-11-24,-1.2352959462406872,-1.4447594075314316,-1.5235102356368886,-1.4349443481923372
2008-11-25,-1.2459860726830418,-1.4804106280454654,-1.5597360145511268,-1.4704333643417693
2008-11-26,-1.2276974987397524,-1.5548381319933164,-1.6357094755136201,-1.5444845841621895
2008-11-28,-1.1959136278758276,-1.5399340785100368,-1.621472586145094,-1.530515898693176
2008-12-01,-1.4206148440475592,-1.6815557219430701,-1.759377238789754,-1.666673744911513
2008-12-02,-1.3041818019024765,-1.6138936305456328,-1.6835202978289825,-1.5922925587097354
2008-12-03,-1.2210567201571318,-1.5565532821477244,-1.6258263214566935,-1.5356021518111393
2008-12-04,-1.3192066468849937,-1.641602740459374,-1.718402727722354,-1.6263522309655865
2008-12-05,-1.276352486741096,-1.6548990389143854,-1.7390026953709996,-1.6464818511776527
2008-12-08,-1.1867976083704517,-1.612186777802426,-1.6912247408893797,-1.5996734336611627
2008-12-09,-1.2459385219540302,-1.6597214623595091,-1.745372415389902,-1.6528303473751125
2008-12-10,-1.1633545421284524,-1.5580620004167796,-1.627248153714702,-1.5360169099809768
2008-12-11,-1.2458190533354947,-1.6208581355246028,-1.710589243901839,-1.6178206520927474
2008-12-12,-1.2109697093216,-1.5985951992171772,-1.6827176567630087,-1.5904725043877117
2008-12-15,-1.2139760592624216,-1.5710269266449337,-1.6599671577196675,-1.568032215794798
2008-12-16,-1.059496735566421,-1.4564469752645808,-1.5099988332643683,-1.4209770826910035
2008-12-17,-1.0966709670951653,-1.4892757129689533,-1.5529329498230442,-1.4631384463315342
2008-12-18,-1.1415554079686179,-1.5131849904055228,-1.586811190954819,-1.4964781134178864
2008-12-19,-1.1675128117011278,-1.5427514535615507,-1.6235997034120306,-1.532569916719058
2008-12-22,-1.2341544948188783,-1.6209550887158273,-1.7220501946070843,-1.629024693029444
2008-12-23,-1.2774737615792775,-1.6675549667542864,-1.7840280648379019,-1.6898272925544762
2008-12-24,-1.268449337638948,-1.6664320418933734,-1.780402354790752,-1.6862727445829944
2008-12-26,-1.2239042848719177,-1.6035040349103225,-1.7034972400899193,-1.6105347450560572
2008-12-29,-1.2247860477782049,-1.596589494982457,-1.697760739424166,-1.6048952003015127
2008-12-30,-1.147694943385997,-1.5161321913267052,-1.5842808197036005,-1.4936656838187863
2008-12-31,-1.0912946585478651,-1.436399543037304,-1.4883586639992106,-1.3994463433421733
2009-01-02,-1.0151536181829828,-1.348042995531196,-1.3859990527643302,-1.3119966383439432
2009-01-05,-0.9595365038228046,-1.2375159319187796,-1.2609853545579983,-1.187484026923481
2009-01-06,-0.941173858484855,-1.2144108699383003,-1.2358609283985629,-1.163498251927717
2009-01-07,-0.9736353286073154,-1.2218473078011405,-1.2588546078192733,-1.1708997128879266
2009-01-08,-0.9893928839735694,-1.262332419420096,-1.2960447661385037,-1.2108800998722413
2009-01-09,-1.0565123796629619,-1.3575566664832432,-1.3873543448115906,-1.3051957973630484
2009-01-12,-1.094173683332664,-1.3830722793426633,-1.42512652987557,-1.3305410420535744
2009-01-13,-1.1093819972753063,-1.4237932787316476,-1.4596851009397804,-1.3707638998633744
2009-01-14,-1.1311687416550327,-1.402058623574792,-1.444616236886974,-1.3490838688448865
2009-01-15,-1.1096051808051197,-1.3583094364683057,-1.39941896577348,-1.3057420405431346
2009-01-16,-1.0290909883694683,-1.206008511338677,-1.2725640094991775,-1.1545113719883793
2009-01-20,-1.1262727452722232,-1.3204876673792398,-1.3747713858072588,-1.2687339423965762
2009-01-21,-0.9952556694185507,-1.1476907970292034,-1.190361519119989,-1.0980942675673122
2009-01-22,-1.0903374294235042,-1.3067099403780535,-1.3175025390485064,-1.2551068500693041
2009-01-23,-1.1002439449254977,-1.33406958475171,-1.3425714147612131,-1.277792428526024
2009-01-26,-1.0494957687626434,-1.2553585234498703,-1.2779527983082255,-1.2110485563957425
2009-01-27,-1.0650893883226569,-1.3054865675655285,-1.3193898502301622,-1.250091257947006
2009-01-28,-0.9941038662385774,-1.2399059713155873,-1.2517696479500753,-1.1838786424730134
2009-01-29,-1.052303471807053,-1.28353724010759,-1.3070167848064191,-1.2292110695951979
2009-01-30,-1.1440965360234407,-1.4064933230318553,-1.4326743867036569,-1.350535632236503
2009-02-02,-1.1902217740626753,-1.4779230676997102,-1.5115160055574979,-1.428540349106684
2009-02-03,-1.1265106861078211,-1.3974959733462338,-1.4277101973969457,-1.3444078119700555
2009-02-04,-1.075648396052363,-1.3101986031395436,-1.3382304515776204,-1.254199793223224
2009-02-05,-1.020610236686737,-1.2448141043993812,-1.2645421924322122,-1.1859418844284582
2009-02-06,-0.9672455380321553,-1.1981198015343004,-1.20084597328294,-1.138146450152368
2009-02-09,-0.9487391877389653,-1.1711623049586628,-1.1735792969587375,-1.1120304477139034
2009-02-10,-1.0660449954282558,-1.294274142635176,-1.3156142948458183,-1.2349282668951462
2009-02-11,-1.0741334315137392,-1.316426578515162,-1.3361600820232244,-1.2605783866544935
2009-02-12,-1.0968526904935234,-1.353754918625421,-1.3807500658020027,-1.304997317580701
2009-02-13,-1.1014206428224311,-1.344838265627052,-1.3675849534030673,-1.289742307549365
2009-02-17,-1.198225133954715,-1.4372581370702415,-1.4750040046996113,-1.3813365165503277
2009-02-18,-1.2105343790825591,-1.454384661366824,-1.4955934959385195,-1.4001179690733665
2009-02-19,-1.2426730281485439,-1.492771917457816,-1.5354331179286491,-1.4409418124512483
2009-02-20,-1.2459401920528526,-1.4824298515985823,-1.5141258949490053,-1.4210925603384874
2009-02-23,-1.3418040547675671,-1.602731963439196,-1.6412479053849107,-1.5486887905719924
2009-02-24,-1.2793399028529324,-1.5641169825524783,-1.6067221373960654,-1.5274365362059479
2009-02-25,-1.315418594375932,-1.6196886654592384,-1.6738497621530513,-1.582524114964156
2009-02-26,-1.3505676891645995,-1.652033866575272,-1.703325456268861,-1.6146353654805445
2009-02-27,-1.3790430632345985,-1.6588398451971251,-1.6985284351216887,-1.621403895024376
2009-03-02,-1.428061513885727,-1.6639963804633293,-1.674581851407057,-1.6265531896927503
2009-03-03,-1.439886370591838,-1.6704166153482987,-1.6785299131781979,-1.6329247874662296
2009-03-04,-1.3742376482124945,-1.5916959507719817,-1.6105146526726417,-1.5549227602515787
2009-03-05,-1.4795525321028586,-1.716403843490721,-1.7288649061679298,-1.6788050825835235
2009-03-06,-1.4285261174737247,-1.5933600586024166,-1.624669000307452,-1.556353539689602
2009-03-09,-1.4318185580499223,-1.5633639179266041,-1.593434791941708,-1.5265412766918613
2009-03-10,-1.2558404728577586,-1.334743821591029,-1.3959127296484821,-1.3001298504590526
2009-03-11,-1.3263794370090272,-1.543903460883122,-1.56106438999013,-1.5066920687671106
2009-03-12,-1.211053510930307,-1.4158761041143435,-1.4447437255054176,-1.3798689369622468
2009-03-13,-1.198057326930867,-1.4096189418342162,-1.4361211792451936,-1.3736677398534922
2009-03-16,-1.1698584134009924,-1.349850953649714,-1.3903862753206857,-1.314293783068938
2009-03-17,-1.0750833254330139,-1.2442040536510475,-1.2883850781948756,-1.2095669687856017
2009-03-18,-1.121035556982451,-1.3928617631800446,-1.4021550523662207,-1.3563232400658805
2009-03-19,-1.0933956015124184,-1.335226437910981,-1.3386876029886015,-1.28968779974103
2009-03-20,-1.1848004982372744,-1.4421352417659403,-1.4406963149427128,-1.386356107500925
2009-03-23,-1.0584988236745843,-1.354832775453462,-1.3064776856505322,-1.2902335121038608
2009-03-24,-1.104809039317514,-1.3936513350860398,-1.3566413494677403,-1.3409520799017305
2009-03-25,-1.0531392205998726,-1.3357722759030153,-1.3048037939115094,-1.2885423346439344
2009-03-26,-0.999160290935322,-1.287124533514011,-1.2582376897528518,-1.241463975003569
2009-03-27,-1.018037541182238,-1.290987450763064,-1.2626831945675108,-1.245958874062479
2009-03-30,-1.102229797734987,-1.3657458367654265,-1.343091042935463,-1.3272546405229402
2009-03-31,-1.162820248957899,-1.4696640452551193,-1.4595916683534282,-1.4450468401621914
2009-04-01,-1.1197456287093077,-1.4326916359736515,-1.4217990136293193,-1.4068324837499466
2009-04-02,-1.0578735739317497,-1.3808272576768144,-1.3629789936669714,-1.3473590049345632
2009-04-03,-1.0327823882270248,-1.3562396952359888,-1.336136801985877,-1.3202198448882008
2009-04-06,-1.0515322036706767,-1.3743761681518716,-1.35567165313229,-1.3399709334417846
2009-04-07,-1.1009856873027333,-1.4198900727914305,-1.4072091610814208,-1.3920773691763897
2009-04-08,-1.0602504497935756,-1.3722224370909863,-1.3482005068237273,-1.337133306190244
2009-04-09,-0.971838245071256,-1.2843837305177488,-1.2471250838059649,-1.2518305742810834
2009-04-13,-0.9282372479269697,-1.2171235650083565,-1.1583247289261671,-1.1621112607910775
2009-04-14,-0.959006057097024,-1.2437578878421043,-1.181653873795438,-1.1825412763498058
2009-04-15,-0.940162557781844,-1.228261428513313,-1.1639747604400037,-1.1695323976506486
2009-04-16,-0.9687063171256524,-1.2953715593076927,-1.260647467086141,-1.2749063485005647
2009-04-17,-0.9568714697649066,-1.2857444068970063,-1.2486948022204016,-1.2671859404237549
2009-04-20,-1.0718083559336116,-1.4248251546646993,-1.4090828895853038,-1.4026801301600085
2009-04-21,-1.028656142127749,-1.384020269678316,-1.3461515547217031,-1.3620121037233575
2009-04-22,-1.0324565921839917,-1.379231394178287,-1.3416217163165667,-1.357234433783606
2009-04-23,-1.0068075137641974,-1.345120809129124,-1.3088471164473978,-1.3232272772368294
2009-04-24,-0.98250224335256,-1.3254091773812526,-1.2893001496439767,-1.3035850209795843
2009-04-27,-1.024305567074079,-1.3971399315179764,-1.3687123039694036,-1.3750977793461832
2009-04-28,-1.0317995287569446,-1.4068331987268663,-1.3795054660567616,-1.3847646704788261
2009-04-29,-0.974933363283684,-1.3208473982916025,-1.2857273593182306,-1.2990651603363506
2009-04-30,-0.9610609660635364,-1.2820382891701385,-1.2482084988378805,-1.2603455478444803
2009-05-01,-0.9957407243345505,-1.4102058051989914,-1.3770526222766413,-1.3879368113621005
2009-05-04,-0.9246585499424342,-1.3116482559827745,-1.2631641659176818,-1.2897973429966638
2009-05-05,-0.9215697587013262,-1.2944038508879827,-1.2518552205830504,-1.2725929316188809
2009-05-06,-0.9020257310768209,-1.2921028481851535,-1.2460335569953322,-1.2703010324856054
2009-05-07,-0.8934514016563349,-1.2397535116592389,-1.1935009115445345,-1.217995258120825
2009-05-08,-0.8353313581297945,-1.1523256639336215,-1.0963620851895484,-1.1308692028662677
2009-05-11,-0.8723723171887119,-1.2025038634343124,-1.1500490277033728,-1.1809538753443183
2009-05-12,-0.9039970756411388,-1.279691472904118,-1.2211208764527206,-1.2578758785505173
2009-05-13,-0.9594142500074062,-1.35928289627124,-1.2998272197500513,-1.3373295305815605
2009-05-14,-0.9448991221347646,-1.3445942456367979,-1.2812147922370585,-1.32268880807879
2009-05-15,-0.9908552845381405,-1.4626286442857201,-1.385129169751565,-1.440301372503079
2009-05-18,-0.9289468148232415,-1.3769579845084556,-1.290879400735328,-1.354966849845044
2009-05-19,-0.9376744001222697,-1.4003254513321433,-1.3118060942754246,-1.3782643362108171
2009-05-20,-0.9345679682832113,-1.3696903279757278,-1.2818819643189163,-1.347683062739135
2009-05-21,-0.9290166339318294,-1.3126897153156665,-1.2211449596261077,-1.2907099243640934
2009-05-22,-0.9340449875511304,-1.320992884592849,-1.2298967162250525,-1.2989902945504226
2009-05-26,-0.8472586282576245,-1.1476760722002608,-1.0616047974482423,-1.1261737731343753
2009-05-27,-0.9028047502430978,-1.252060767805904,-1.1743227623430719,-1.2302897309339136
2009-05-28,-0.8820265302052712,-1.2326674237468795,-1.1494194870231975,-1.2109670012034233
2009-05-29,-0.853751531953189,-1.2015408391756994,-1.1156175491028053,-1.1799585647155542
2009-06-01,-0.8053965219077017,-1.1343842638241386,-1.042375970861183,-1.113058059505933
2009-06-02,-0.7808765055346938,-1.065257073513919,-0.9771410387083781,-1.0440637994068616
2009-06-03,-0.7957890264821996,-1.0708755017965215,-0.9799938864699203,-1.0496724915235942
2009-06-04,-0.7739200892500611,-1.0356083897768942,-0.9431500137083001,-1.014513046001989
2009-06-05,-0.8178145964544594,-1.1769962081862713,-1.0770190558072636,-1.1553014196946187
2009-06-08,-0.7574094167130593,-1.0039710487666094,-0.8934167701000981,-0.9822272133372547
2009-06-09,-0.751484708658998,-0.9968679751677633,-0.8846827071661885,-0.9751472164698267
2009-06-10,-0.7461095469557257,-0.9819228490384007,-0.8783420040717885,-0.9602385701298323
2009-06-11,-0.7039363448494249,-0.889592137895895,-0.7995544234538727,-0.8681050247529383
2009-06-12,-0.7062935698408478,-0.8968025792979125,-0.8011405817186057,-0.8752922034603952
2009-06-15,-0.7845559866237032,-1.059783469931008,-0.9763495402347516,-1.0378831730067295
2009-06-16,-0.8156338796854606,-1.1170574196866951,-1.0571049818686862,-1.095029500929159
2009-06-17,-0.8071279802400836,-1.0972820781347457,-1.040029996038743,-1.0753043948107517
2009-06-18,-0.7695244763791793,-1.0166249486001366,-0.9611817577518939,-0.9948628862333505
2009-06-19,-0.76417558169654,-1.0066978296911662,-0.9500257710946669,-0.9849669657600413
2009-06-22,-0.7939773826419966,-1.0537584864064615,-1.0103452339770254,-1.0320364138702107
2009-06-23,-0.7900734179609935,-1.045716021819969,-1.0007398128415361,-1.0240167143955585
2009-06-24,-0.7666745051285798,-0.9979308287122727,-0.9589442280613003,-0.9763825251601769
2009-06-25,-0.7288969769382745,-0.9225075330638596,-0.8947732796090775,-0.9012726716897104
2009-06-26,-0.6753112018546409,-0.7987012638242883,-0.7603790014873335,-0.7775747348834292
2009-06-29,-0.6426407662161181,-0.7303645915537672,-0.6911441803091475,-0.7094418025025051
2009-06-30,-0.6681978394831757,-0.7865218941832645,-0.739349756222037,-0.765456969675583
2009-07-01,-0.6659761465812941,-0.7812733863099885,-0.7348280622468902,-0.7602252280396062
2009-07-02,-0.6880703647228712,-0.8319296280474525,-0.7763307505514759,-0.8108793623354255
2009-07-06,-0.6905820402929239,-0.8371385530467077,-0.7820831715700977,-0.8160735479051802
2009-07-07,-0.7105666853427877,-0.8703977281282339,-0.8071530403793679,-0.8492970194991732
2009-07-08,-0.7513332289991161,-0.9853426210742798,-0.8997631269641979,-0.9637853860432473
2009-07-09,-0.7049388907721402,-0.8757258984333735,-0.7998178034905331,-0.8543470132933024
2009-07-10,-0.7191939560891449,-0.9074335113853336,-0.8285362820680086,-0.885960384028614
2009-07-13,-0.6397775955200283,-0.7377444750187968,-0.6700077340907835,-0.7168330447829977
2009-07-14,-0.6074696229238075,-0.6684472414615384,-0.6030921122203103,-0.6477084714807271
2009-07-15,-0.5121334574038965,-0.46709536203527763,-0.4218833391539061,-0.4469969977916138
2009-07-16,-0.5696805310524122,-0.6113589279423148,-0.5429726107746291,-0.5906733966886907
2009-07-17,-0.5675838270154546,-0.6156199533579764,-0.5490246505979407,-0.5949184934944911
2009-07-20,-0.5579108567714088,-0.6028921976686563,-0.5323062371052841,-0.5822356330540117
2009-07-21,-0.5489662831521377,-0.5876915169158874,-0.5160675318091761,-0.5670804732442182
2009-07-22,-0.574386279083,-0.6417110850089737,-0.5664256531797588,-0.6209194375128897
2009-07-23,-0.5376668239226179,-0.5676314363740095,-0.49177421512189695,-0.5471399937023319
2009-07-24,-0.4831651419712368,-0.45903778254973904,-0.37439902216302473,-0.4387530570425158
2009-07-27,-0.4761460755816909,-0.44499266382128627,-0.36071757679117894,-0.42474826013781103
2009-07-28,-0.4542153369200971,-0.39680417205044016,-0.31908780010452703,-0.37664456093521625
2009-07-29,-0.5065749022086661,-0.5073806545007383,-0.4314584111005755,-0.4868139760728457
2009-07-30,-0.5228255258642758,-0.5376374983595084,-0.45729142212228885,-0.516946452572584
2009-07-31,-0.49060671848242016,-0.4769249617598921,-0.39573026029017827,-0.456371623410574
2009-08-03,-0.44266683226822495,-0.3653355074326372,-0.2818159505534876,-0.3451697347336092
2009-08-04,-0.4165638089260095,-0.3130705309456072,-0.22940598889716307,-0.293034643654911
2009-08-05,-0.48227170293196764,-0.44503074292163547,-0.3601015945228734,-0.4244985019121478
2009-08-06,-0.5034804061021714,-0.49448298958062725,-0.409682916156127,-0.4764115481851217
2009-08-07,-0.44174296550311015,-0.35337368620671206,-0.273356593301507,-0.3410175864630778
2009-08-10,-0.48730869162541113,-0.4421996079171527,-0.3612739536766239,-0.43106350264868043
2009-08-11,-0.5376960352536234,-0.5635277030090784,-0.47640610666260497,-0.5530033926706981
2009-08-12,-0.4910565204698147,-0.4576999703980297,-0.3677817961796472,-0.44822738008527935
2009-08-13,-0.4609001758709133,-0.37917618255541863,-0.29883190242555274,-0.3695681015645186
2009-08-14,-0.49448723437111786,-0.46562626799552903,-0.3744798530116273,-0.4555109222378271
2009-08-17,-0.5593591486588296,-0.647525807161842,-0.5391242139084113,-0.6380514001497462
2009-08-18,-0.5117583825668639,-0.5450180716806476,-0.42884790694474156,-0.5297451574474852
2009-08-19,-0.46837885657148576,-0.4512925484123124,-0.3371993791699394,-0.4263370421422734
2009-08-20,-0.4559094110012869,-0.4144643977269481,-0.3120098131236996,-0.3929840534638189
2009-08-21,-0.41655379549554744,-0.3056262680248171,-0.22657333241526084,-0.28448784551227463
2009-08-24,-0.44862350811600815,-0.37046931238912856,-0.3004056152256966,-0.34916798559396195
2009-08-25,-0.39962820703331153,-0.2724928301722515,-0.1813128079516122,-0.25128707055393096
2009-08-26,-0.4058339188684765,-0.2842024581458647,-0.19601705315679382,-0.26297360380829343
2009-08-27,-0.4223686372682297,-0.31536944168457015,-0.22735902948130857,-0.2940644936938559
2009-08-28,-0.4495327902458133,-0.37276987579334686,-0.2862170321695345,-0.3513241660751706
2009-08-31,-0.4454414715234061,-0.37240263343467744,-0.28649640086315603,-0.3509571926601004
2009-09-01,-0.48036455616832896,-0.4688678116094861,-0.3947562413755001,-0.44741576534116395
2009-09-02,-0.48682662882398514,-0.4841750761798542,-0.41403537061756834,-0.46269845301892676
2009-09-03,-0.40207532915766026,-0.2849702528499114,-0.22190578918498624,-0.263596808313324
2009-09-04,-0.37812584319423054,-0.2276691882396753,-0.1691700407638193,-0.20645411442779255
2009-09-08,-0.40463526045890524,-0.2802922215017364,-0.2016129095085639,-0.25890172602399775
2009-09-09,-0.321880335932651,-0.10399749206258982,-0.040582990085836164,-0.08273994705936796
2009-09-10,-0.30828154403260893,-0.06771733180029395,-0.00251403031305301,-0.04655384551632222
2009-09-11,-0.34064803422290557,-0.1296387138771442,-0.04941247936057788,-0.10832131176797269
2009-09-14,-0.34010254875202656,-0.12284965781474662,-0.03834783306276341,-0.09914440714257526
2009-09-15,-0.22430353665415884,0.10264334612093924,0.1625455806138323,0.10423310569898143
2009-09-16,-0.22784488348792614,0.1473252658296673,0.19340186185191424,0.1378047545752695
2009-09-17,-0.12947669829801478,0.29317495698131874,0.30096105324142425,0.2494495939956364
2009-09-18,-0.19387405129337626,0.21177366841545567,0.2279109606462925,0.1739211249142672
2009-09-21,-0.2879726083364934,0.08655857536225989,0.1266976966555469,0.06920288402080893
2009-09-22,-0.2236375367276153,0.18865167340045566,0.2174161032998978,0.16365238832299564
2009-09-23,-0.1908111716384557,0.1861579820762467,0.20384097620467653,0.15219853322427981
2009-09-24,-0.2229628886653822,0.0992538311123575,0.11306739767772517,0.06753735678255801
2009-09-25,-0.2701724640389329,0.02396348368568468,0.0404706104549394,-0.0029561532477419784
2009-09-28,-0.23106159947492144,0.13929034160866513,0.1560587998402199,0.11104029260175316
2009-09-29,-0.05482663064341912,0.3346084796827981,0.3470965544862356,0.3114857859210686
2009-09-30,-0.15741165590337666,0.22593922187316104,0.21302446121363258,0.1710740316365373
2009-10-01,-0.21632303899655075,0.029418490683829675,0.05561284224755073,-0.022580786942029463
2009-10-02,-0.14260105637561885,0.07282716265227249,0.08511353606609302,0.010831992723831023
2009-10-05,-0.07702792986802483,0.18809088589517478,0.1763767871557898,0.1240865288313844
2009-10-06,0.07694055659245798,0.3740708167813353,0.3371457555087597,0.3027437075986928
2009-10-07,0.1908660978554269,0.4769937952933881,0.43778257390301695,0.4086480798070554
2009-10-08,0.2687623659231529,0.568880000714766,0.5172209025773519,0.4978789162143823
2009-10-09,0.4591914253438269,0.7438438089312889,0.6702756223868644,0.6594290905713354
2009-10-12,0.527755237443951,0.8106439228479323,0.7339411828264683,0.7264673742964286
2009-10-13,0.21148802646132356,0.5767894992524146,0.5396670106243934,0.5264347342157865
2009-10-14,0.2918287636404716,0.6984597244513112,0.6649189424654848,0.6503526982454148
2009-10-15,0.5818788643533611,0.8655970205436594,0.7939649416417064,0.7804054401226157
2009-10-16,0.4584405990917621,0.769290347432657,0.7071096483949824,0.6906134927639901
2009-10-19,0.49565581081761423,0.8252621449361454,0.7625749830002219,0.743954717210711
2009-10-20,0.3328319492921426,0.7220941322993165,0.6724960836682708,0.65453566619266
2009-10-21,0.39041698998730595,0.7041490938412713,0.6464477879154951,0.6353688957538363
2009-10-22,0.5723965713287207,0.8313886152168235,0.7743477691784596,0.7567908084312627
2009-10-23,0.5104995686533665,0.7464764798162885,0.6838064483675629,0.6736954897942321
2009-10-26,0.6271236206940135,0.7436885357464168,0.6726737686100704,0.6733307696456607
2009-10-27,0.7162756603470498,0.7583213737910383,0.6901563108947927,0.6934942804610739
2009-10-28,0.3799276441346666,0.511098960113445,0.4399594460126726,0.4403015515793592
2009-10-29,0.4605601913536711,0.6336513868273566,0.5775453145663915,0.5627093834257543
2009-10-30,0.28020332440293605,0.4187641433529491,0.3872545571692733,0.3537602933911579
2009-11-02,0.28537757632596256,0.44831781008393473,0.41384520082963905,0.38216154935471114
2009-11-03,0.2861469741471406,0.4610067987730925,0.42174606172283174,0.39409549742856625
2009-11-04,0.19911643112967276,0.4387133721070994,0.3895745578079208,0.36365910501492044
2009-11-05,0.3766829999694551,0.5775446606528103,0.5241289623036149,0.5162851462631198
2009-11-06,0.5562659467345523,0.6524379023507156,0.6202584595288096,0.616078405796182
2009-11-09,0.5283563679584056,0.7248012292674768,0.6675771165042415,0.6737316052089788
2009-11-10,0.568007731082247,0.7399396305633427,0.6866193175362967,0.6933266420938983
2009-11-11,0.6778879723046259,0.803996654112453,0.753317803437586,0.7633635822792868
2009-11-12,0.7871513634142788,0.8129723744544666,0.7784560556093412,0.788732661217512
2009-11-13,0.633505227433212,0.755606648654007,0.7104185218296616,0.7168629234958209
2009-11-16,0.8413116260122292,0.8945609161539346,0.8625408878123155,0.8683215334684095
2009-11-17,0.886567378151441,0.9180291749740278,0.8882241069746497,0.8938608085307804
2009-11-18,0.8287837939421394,0.8890934783373212,0.8589901396738382,0.8641116558900512
2009-11-19,1.0122343374165879,0.9222887384107864,0.8898665264204156,0.9101885005991368
2009-11-20,1.2814480487304893,1.0187280164545138,1.0032207493336152,1.033396720488659
2009-11-23,1.1679652710632604,1.0103603565175139,0.9986447957374636,1.0160069253561728
2009-11-24,0.976964165321384,0.9339692084696425,0.9265520886207445,0.9393665900282371
2009-11-25,0.9641819559472729,0.9416701659366677,0.9375698968659736,0.9465243807025272
2009-11-27,0.7871961565231633,0.7982006683255402,0.7856622759158844,0.8116447723380573
2009-11-30,0.7569872290221888,0.7981261684181579,0.791660760167751,0.8122406440760769
2009-12-01,1.1701999160741885,1.0193810386429552,0.9930959039664682,1.0287891729624385
2009-12-02,1.0434246236623832,0.9675269174558296,0.935785938874734,0.9694007305424184
2009-12-03,0.932911610006166,0.8848649530046444,0.8599825312193912,0.8887726110500488
2009-12-04,1.0412325331048429,0.9511994527071338,0.9253874703444184,0.9543678442616489
2009-12-07,0.931499568920575,0.9013471091149364,0.8756249968567654,0.9028245625207922
2009-12-08,0.7717022893018562,0.7786956316068204,0.7499249154668843,0.7766880227602504
2009-12-09,0.8475976506341908,0.8287571547098342,0.8015492674875022,0.8299834063229764
2009-12-10,0.843380494542859,0.8606249482552037,0.8280880246910471,0.8597183181779506
2009-12-11,0.9519606676880553,0.9251405348613567,0.8989707046518498,0.933197661283839
2009-12-14,0.9339566632319073,0.9600302545851307,0.9269067474638859,0.9618693529914736
2009-12-15,0.9696417800309433,0.9442784591918288,0.9169871269169763,0.9537939931233318
2009-12-16,0.8175144472967322,0.8900662410395171,0.838928958475395,0.8729976451508936
2009-12-17,0.8084249294531833,0.8015353863214213,0.7591555815450642,0.7931527052790242
2009-12-18,0.9020343058864873,0.8718463122160255,0.8441539930030905,0.8748661799001104
2009-12-21,0.9555422033295088,0.9576402155905503,0.9250368532185604,0.9631261503618755
2009-12-22,1.0184318702601916,1.008377666283514,0.9812279828631276,1.021326194113503
2009-12-23,1.0656237906968606,1.0437377768778668,1.0212012945515203,1.064188137418123
2009-12-24,1.0617110769670348,1.0708675763760571,1.0421672055013125,1.0871555657660912
2009-12-28,1.0483070574836104,1.0770062125592899,1.0436707157519127,1.088220525042988
2009-12-29,1.0538118827416851,1.0689361247244666,1.040201248822716,1.0832408531611164
2009-12-30,0.96817988246874,1.0178320105035787,0.9636454937664487,1.0038724171896747
2009-12-31,0.8790880263829043,0.8703276117817574,0.8211910846924204,0.8464675444916933
2010-01-04,0.8340924636086128,0.9359173801453176,0.8776540801229196,0.9121161419819213
2010-01-05,0.8485462324510161,0.962524426677443,0.9039267796812274,0.9386547555637933
2010-01-06,0.8262808796281552,0.9481250837585268,0.8879896063404112,0.9242910631732019
2010-01-07,0.96371268722933,1.0905262012227328,1.0264421607648835,1.0661704198302295
2010-01-08,0.9608920202282805,1.109555632958897,1.036591498796938,1.0851568058769856
2010-01-11,1.0524429321062285,1.1997974433642213,1.11896410557494,1.175064283150625
2010-01-12,1.1138439717370157,1.183972451706438,1.1243366875329053,1.1593198949978218
2010-01-13,1.1385853371781938,1.2526199783002419,1.1898106725921693,1.2278492277228352
2010-01-14,1.281735031060788,1.3905911332850316,1.3189586100719897,1.365261218507748
2010-01-15,1.235331121555912,1.2753265562127623,1.2226735501703425,1.250499103363893
2010-01-19,1.2524171080987496,1.3458550144683195,1.2970013882361449,1.3209653117983056
2010-01-20,1.454455749648684,1.4807125582254277,1.4147466460978404,1.4549484908534138
2010-01-21,1.2231868468049762,1.1770572560847832,1.1337912539299633,1.1523376708865665
2010-01-22,1.1928221902570746,1.041438423019102,1.0106350794599535,1.0174499744980599
2010-01-25,1.195845680661935,1.06118632100612,1.028096798105128,1.0371534732839558
2010-01-26,1.1520489695370673,1.0162152577320809,0.994132182075905,0.9923142416282102
2010-01-27,1.1313633017113436,1.0182708751208627,0.9918212665005758,0.9943656338978507
2010-01-28,0.9600164299207606,0.8575235550790509,0.8470656421532141,0.834030253852517
2010-01-29,1.0571666085487998,0.8775666525916631,0.8848916732554758,0.8539810934062656
2010-02-01,1.204959279700231,1.0186451787179513,1.0198742938608663,0.9947368918970634
2010-02-02,1.2648002315221545,1.0917105531664422,1.08913494977744,1.0676549490613922
2010-02-03,1.1894685811871206,1.0256685849890053,1.0286805275716684,1.0017927150853256
2010-02-04,1.073582789269809,0.8421209503291506,0.8705837374315716,0.8191649070961108
2010-02-05,1.0241706846893526,0.8144243367634431,0.8398891215023105,0.7915254963659412
2010-02-08,0.8870198530066103,0.7066117272707843,0.7277661942815569,0.6839484210901885
2010-02-09,0.930848012220309,0.7631972678855626,0.7734476159845205,0.7404294879814923
2010-02-10,1.133501559366617,0.8806048913831486,0.9161161429098617,0.8573406533235352
2010-02-11,1.151519196499155,0.9153103169532926,0.942432698745603,0.8919801621228636
2010-02-12,1.1451117120228547,0.9096127140735797,0.9366220693484528,0.8862983047444348
2010-02-16,1.2530325068348238,1.0089848546679254,1.0409481121514115,0.9854593064634072
2010-02-17,1.4774556903387785,1.1464561648934732,1.203728478859072,1.1223969572199202
2010-02-18,1.511987733375338,1.179557748389278,1.2410768019846306,1.1554147624272118
2010-02-19,1.567909584211782,1.2184411620323181,1.279931326637881,1.194178048311814
2010-02-22,1.6113184372301255,1.2485027474472457,1.3080232012944326,1.2241427774612745
2010-02-23,1.7320204202371794,1.2924493670965118,1.3404348717855559,1.2678684446516053
2010-02-24,1.6310920466905634,1.2429768650452953,1.2929599664508555,1.2184239104821724
2010-02-25,1.6603787587272236,1.2564436594319057,1.3059518482244652,1.2318465877950873
2010-02-26,1.7385421702417372,1.304097267790786,1.3514620463285352,1.2793360019720765
2010-03-01,1.8891780901413464,1.4263605278785745,1.481374664690914,1.401228493369285
2010-03-02,2.1469303922499874,1.5899642850706788,1.6429179542868404,1.5640826950988358
2010-03-03,2.1860400070475077,1.6162584585844848,1.6708544305596458,1.5902900626689735
2010-03-04,2.1054434480256345,1.5737496358580332,1.641494827177768,1.5478572861332554
2010-03-05,2.3957599882898992,1.778670302309287,1.8604502336469948,1.7520691428412438
2010-03-08,2.388588866420264,1.775796697292004,1.8574803323428521,1.74920438002412
2010-03-09,2.4544228445670533,1.8224189809336837,1.8973725151388656,1.7956673553864537
2010-03-10,2.2868804589429015,1.722761825900575,1.805124511440597,1.6959469900388084
2010-03-11,2.276391499602289,1.748617614746991,1.8218990834134299,1.7217432509964758
2010-03-12,2.1278060515326964,1.661738666707199,1.7477352328681788,1.635006461743183
2010-03-15,2.0928497299271283,1.6467627137813774,1.7326859238193246,1.6200739434098355
2010-03-16,2.144604537489958,1.7330110815184137,1.8103224048767683,1.706153738339131
2010-03-17,2.0478850113221467,1.7341761001838876,1.8002767434419942,1.707317812556458
2010-03-18,1.9485977204098703,1.6782243632028098,1.7414724120843694,1.6515057637710244
2010-03-19,1.9877731314021068,1.6445409564895788,1.7225470131634368,1.6179723980012937
2010-03-22,2.1306041338357145,1.7534935584521425,1.8323159868076238,1.7265924739622465
2010-03-23,1.9352120423248773,1.6899730340593058,1.7380737443073009,1.6629891587563554
2010-03-24,2.0238282419449254,1.6606619038986066,1.745541599457205,1.6501954473406777
2010-03-25,1.9629946000549887,1.6161794215787795,1.7090795193121862,1.6074499036828191
2010-03-26,1.8641021395598838,1.566376682847488,1.663031755775282,1.5587473914766037
2010-03-29,2.001707406874544,1.685940336355413,1.766220190812479,1.6801506825610273
2010-03-30,2.2308818854264154,1.7765144621949553,1.8621800510699027,1.7789137801441495
2010-03-31,2.164542939273911,1.7058882769696468,1.802817829699003,1.7060795810877878
2010-04-01,2.1071165217830403,1.7500421408449705,1.8293301400530895,1.7479518630552404
2010-04-05,2.0167613214946605,1.7868428644451866,1.8429928345761961,1.7768956810477963
2010-04-06,1.9780100313760574,1.7982830481604941,1.8417691850522997,1.7858623715002286
2010-04-07,1.9905994574989319,1.7233673597160173,1.8025258995460325,1.712822183523223
2010-04-08,2.1571511917656845,1.8296709832720315,1.9078437625432885,1.8296709832720328
2010-04-09,2.1362287408709295,1.8876961222921513,1.9382842784543106,1.887696122292153
2010-04-12,1.9738351684878321,1.8188230142053534,1.850374531008473,1.8188230142053543
2010-04-13,1.9767618335758994,1.828589239349108,1.8572962169054485,1.828589239349109
2010-04-14,2.1458416825375495,2.00839313775912,2.0149048955059645,2.008393137759121
2010-04-15,2.09363066371146,1.9933876751406798,1.9930625729351028,1.9933876751406814
2010-04-16,1.9176303765335028,1.70853010539267,1.778159049903249,1.7085301053926714
2010-04-19,1.9019322430574273,1.7282319266850728,1.7925716593814625,1.7282319266850739
2010-04-20,2.2612050373168358,1.930712360708284,2.0205971626186963,1.9307123607082852
2010-04-21,2.149800230145212,1.8680701764158192,1.9391229678019317,1.8680701764158203
2010-04-22,2.2049069032352797,1.9152720045201754,1.9792827645441766,1.9152720045201765
2010-04-23,2.1875146809350956,1.950349036259831,2.001778268707041,1.9503490362598321
2010-04-26,2.083609886586111,1.8675212019767913,1.9228945618185156,1.8675212019767922
2010-04-27,1.9816275572526871,1.610253760695365,1.7115855025721587,1.610253760695366
2010-04-28,2.04309511134272,1.671732836669906,1.7849675251318522,1.6717328366699065
2010-04-29,2.0015884704283473,1.6884475962618404,1.7770979675014786,1.6884475962618415
2010-04-30,1.8892414954465453,1.5602258118437993,1.669429304349988,1.5602258118438
2010-05-03,1.9289114328186205,1.6179537290951729,1.7180542310687417,1.617953729095174
2010-05-04,1.6096504904044753,1.3579767473341533,1.4630886044651348,1.3579767473341542
2010-05-05,1.5939852044556908,1.3367800010945492,1.4470885840836294,1.3367800010945499
2010-05-06,1.2775912661147009,1.0918334268297072,1.2327007485713155,1.0918334268297079
2010-05-07,1.2712470819377584,1.0712666577221222,1.2161507230334192,1.071894523573655
2010-05-10,1.3573721022345668,1.1667375570913532,1.2677737437880363,1.1308780587387588
2010-05-11,1.455952299004453,1.2224668570840778,1.3329041781851598,1.1871580311470782
2010-05-12,1.5472182154782463,1.2773453172095663,1.3802950386268302,1.2316955146924098
2010-05-13,1.6337857239169828,1.323478304103795,1.4386853063875555,1.2855547320724938
2010-05-14,1.4743288782223427,1.2344234064151,1.3475865218981506,1.2034557906708225
2010-05-17,1.5255762528512467,1.262334867427167,1.3782788484526667,1.2314624645803656
2010-05-18,1.3008880680184305,1.132721606184029,1.2349105822251365,1.1038459249027954
2010-05-19,1.274439978533821,1.1178996032696185,1.2190296901086963,1.0886283010231146
2010-05-20,1.0681691140491516,1.0070441589093788,1.0908008779396152,0.970902030076026
2010-05-21,1.2299615682078333,1.103197319758105,1.2014063021914574,1.07684351612239
2010-05-24,1.1667499530160712,1.0716632357401816,1.1708448206373094,1.0473624557755008
2010-05-25,1.0418892297654148,0.9886560226156661,1.0779876885204023,0.9636872942643386
2010-05-26,1.1142440012696773,1.0340700648324417,1.140092032994903,1.009060436448652
2010-05-27,1.2052911544012248,1.0848086631682703,1.1974962553161512,1.0686059447266447
2010-05-28,1.0394518085970437,0.9910174862666652,1.0845302667586718,0.9642320859723872
2010-06-01,0.8151764724030379,0.8654273775200351,0.9400654800772759,0.834770696238281
2010-06-02,0.9445904672802231,0.9341561835582209,1.0192443018581574,0.9106801161869686
2010-06-03,1.0366512428896277,0.9886990001247019,1.077793768601661,0.9668804947562064
2010-06-04,0.7720773853033079,0.8539794788995295,0.9211588920093252,0.8218922263658868
2010-06-07,0.7010820381620119,0.8184970760592578,0.876218343982815,0.7794767704155738
2010-06-08,0.7803020051422603,0.8620242427038158,0.9237900025616987,0.8227686660143542
2010-06-09,0.7236023657043116,0.8263828370111334,0.8846096531340775,0.7886197506971548
2010-06-10,0.8831367151490478,0.9232201553148097,0.985610053441125,0.883072229024104
2010-06-11,0.8852586949290118,0.9204880396482226,0.9794499202187396,0.8817843260931629
2010-06-14,0.8623023015062048,0.9041933305254277,0.9594530413287293,0.8654179901630547
2010-06-15,1.1082880144017946,1.0751047337285287,1.1815230899011202,1.0410204952438484
2010-06-16,1.1831092105281131,1.1304561103819255,1.272557082612749,1.0963072001385388
2010-06-17,1.1970731818862421,1.1394283453405147,1.2830773513529405,1.1059547208937173
2010-06-18,1.1644057839547113,1.111829890090384,1.2533116411813723,1.0789857456017613
2010-06-21,1.1291006707520708,1.0864308215162912,1.2224320863914662,1.0517731284981537
2010-06-22,1.215200953965146,1.1749152581711086,1.3253955661140961,1.124484623546745
2010-06-23,1.1937864481566647,1.1612143629207876,1.3051982343354582,1.10681499276588
2010-06-24,1.0526327395435966,1.0668357728061113,1.1894184425632075,0.9949050604990778
2010-06-25,0.9648244894848047,0.9896973669026662,1.120672635991999,0.9230513987414354
2010-06-28,0.9617899535158299,0.9892071063906756,1.1179216362131623,0.920277077257005
2010-06-29,0.7301387408960721,0.8253252180324121,0.9092789913149985,0.7227543082113533
2010-06-30,0.7222280564243536,0.8316448279606453,0.8945266645231239,0.713701916708124
2010-07-01,0.6760157964684022,0.7952311271423369,0.8580196012773976,0.6780973162315984
2010-07-02,0.8040436426863588,0.9184685569657284,0.9817261485308632,0.7997053894538544
2010-07-06,0.8396622265868154,0.9471707870702577,1.010246216043173,0.8265222374670671
2010-07-07,1.1056627938385901,1.1654107587055196,1.2252705182626045,1.0431024168287213
2010-07-08,1.1609966064531034,1.205954595301234,1.275121756095695,1.0903324497442202
2010-07-09,1.1898793316061491,1.2260488780771688,1.2949190153178536,1.1082215407307905
2010-07-12,1.206362617107514,1.2391387616667184,1.3082019667984757,1.1209216657079915
2010-07-13,1.1633741183301234,1.2035594553495106,1.262453181943495,1.0813969157058188
2010-07-14,1.1327704651887014,1.1811478736845702,1.233228289999072,1.0590309591082745
2010-07-15,0.990007070204094,1.0699414109032255,1.1167927635110162,0.947348284711452
2010-07-16,0.8360995487599246,0.9417449314089047,0.974692425766725,0.8147692950682617
2010-07-19,0.8099938248840961,0.9245375281839016,0.9649257926888057,0.8032735472513345
2010-07-20,0.812383180895765,0.928783426113019,0.965884582532195,0.8053275900218584
2010-07-21,0.714947739807717,0.8584599800766104,0.8875347832159526,0.733329698646875
2010-07-22,0.8295317322344246,0.944225563355347,0.9835066810965504,0.8246037855227855
2010-07-23,0.7630940963318732,0.8858723373498144,0.9214338070604616,0.7702688112950105
2010-07-26,0.795918452685928,0.9085396321917832,0.9421615291818616,0.7930931380401613
2010-07-27,0.7796136387938766,0.8954499124547641,0.9283798160244351,0.780037547855748
2010-07-28,0.7697541621296303,0.8908470355037361,0.9217305139379681,0.7724873386246017
2010-07-29,0.7564624863071754,0.8795834542095017,0.910456943181016,0.7603128601108701
2010-07-30,0.7005984000081223,0.8338118688035399,0.8527640951946935,0.7145921716894083
2010-08-02,0.8076457114408001,0.9248903094046277,0.9598060205116778,0.8183346368175561
2010-08-03,0.6967007699469577,0.8211357656739362,0.8374629467454097,0.7091597521355241
2010-08-04,0.7182185562772517,0.8364652343359085,0.8528278353618617,0.7261080028594368
2010-08-05,0.7280749834665716,0.8487356249359521,0.8640584785310221,0.7383053211984336
2010-08-06,0.7341376515742424,0.8597388377753855,0.8740865257977505,0.7482797321760541
2010-08-09,0.694153138580387,0.8127310583585646,0.8224607557320538,0.704552804817495
2010-08-10,0.675946981501669,0.7979502985216882,0.8025985085898452,0.6847229754665486
2010-08-11,0.5887808857149623,0.731384302990594,0.6916488089330873,0.6194023316733125
2010-08-12,0.4996840021415766,0.6448120378694762,0.579983913069796,0.5332590800740774
2010-08-13,0.44368509885126306,0.5811700477897214,0.5204668243983579,0.4699101592966203
2010-08-16,0.4827673390162615,0.6324678093861751,0.566262667975418,0.5206988469273084
2010-08-17,0.6858110038952241,0.8695390889536249,0.7949216074344324,0.7546890176334236
2010-08-18,0.6536387243826156,0.8358864639108593,0.754652696981916,0.721176601945817
2010-08-19,0.510336172892901,0.6935727072506324,0.6148861671765161,0.5802524967155509
2010-08-20,0.4385193797003776,0.6213617533228322,0.5457468861762212,0.508391228271606
2010-08-23,0.31543867390173197,0.48927745929105737,0.427882278930787,0.37650176415997727
2010-08-24,0.2345237528842386,0.40197369921242515,0.3444629685195711,0.29021729910193883
2010-08-25,0.24489978816705252,0.41279299139822223,0.3578052508943509,0.3009832108874184
2010-08-26,0.20809583463109046,0.3750037816345745,0.3209128049036615,0.26352572113200035
2010-08-27,0.2777798850829461,0.44538470500793953,0.39551954983315435,0.33382375335199316
2010-08-30,0.19997348194613246,0.37068381695170216,0.30881673845634505,0.2599357410453453
2010-08-31,0.24796753705314953,0.4210779127353018,0.36641495482558556,0.30985438180373626
2010-09-01,0.5220459156166191,0.7125406282626439,0.6717383789509855,0.5999765145011845
2010-09-02,0.5910171146676285,0.7743508445924243,0.7482943654979821,0.6614357793287394
2010-09-03,0.6146820790306028,0.7903312716800698,0.7594325023527121,0.6773996263258009
2010-09-07,0.4810366146794384,0.6712061594325968,0.6367139457874313,0.5589749900573886
2010-09-08,0.47277471962245454,0.6591214713565308,0.6203405015545584,0.5469221037974931
2010-09-09,0.45687635642488955,0.6415820288155059,0.6002841926963253,0.5292841451818877
2010-09-10,0.4300701939795167,0.6150327027604957,0.5682824798886045,0.501055761416391
2010-09-13,0.48912326194274863,0.6699766874370552,0.6255951856169231,0.5552077114289748
2010-09-14,0.4601641903020114,0.64208504531568,0.5937261751112632,0.5272619892805899
2010-09-15,0.45826486808026606,0.6388849095699481,0.5885168937282762,0.5255080061977331
2010-09-16,0.3782331942726561,0.5430209614631779,0.488783110500202,0.42957488871715904
2010-09-17,0.38818761047245326,0.554270283931951,0.5018202455038496,0.4411356535459649
2010-09-20,0.46418609871344796,0.6307494272291498,0.5985581515718124,0.5327071862495483
2010-09-21,0.46695269680938595,0.6361810032466656,0.6009338928330948,0.5347737344256362
2010-09-22,0.4099581166782661,0.5699726634762055,0.5278835116975032,0.4652358247328203
2010-09-23,0.41105288248733934,0.5818746680178816,0.5359180642558297,0.47032085629623566
2010-09-24,0.576138810130046,0.7650553828415791,0.7615857046163781,0.6522948891816801
2010-09-27,0.5790739005402785,0.7736446993353335,0.768572089834467,0.6607785756782881
2010-09-28,0.5057300178080227,0.6857136534673,0.6706703979925496,0.5729347211368012
2010-09-29,0.5125226013947429,0.6930567023799481,0.6820655850403847,0.5802005839620923
2010-09-30,0.517362138605318,0.6988780453225101,0.6866465975130952,0.5859564720307511
2010-10-01,0.6794059887789372,0.9250751095432093,0.8848462332930792,0.8081294778413188
2010-10-04,0.6637057585872443,0.8955967744550932,0.8618698180863383,0.7790742371169607
2010-10-05,0.6894085731349414,0.9509467766835176,0.9327629794558246,0.8347822034841049
2010-10-06,0.6145527049800019,0.8713965245138211,0.8624946168293659,0.7555734356213938
2010-10-07,0.593381332534348,0.8475104064535616,0.8419698258422783,0.7319008029418116
2010-10-08,0.5826895373255374,0.8439287532726476,0.8395087175253634,0.7283341665141966
2010-10-11,0.5553951249754026,0.8162938705393111,0.81409550003999,0.7008869623980193
2010-10-12,0.5509998661099303,0.8164456733411349,0.8139338528831876,0.7010377660172463
2010-10-13,0.6031423285890265,0.8832167678579665,0.88223011145659,0.7673683807721954
2010-10-14,0.4924756400474055,0.7613133166733326,0.7488151803435921,0.6460816843138757
2010-10-15,0.48385651339995606,0.7554078964277342,0.740663390249928,0.6402184821695025
2010-10-18,0.5510498941983375,0.8329742926079294,0.8247493542475567,0.7170288026661036
2010-10-19,0.4348641849867981,0.6837576650069815,0.6561625874124833,0.5696718186820591
2010-10-20,0.5152049472319254,0.7793313068781849,0.7730432822597376,0.6645952992364141
2010-10-21,0.5761963543565187,0.8444433472117567,0.8485818586960712,0.7289756033859727
2010-10-22,0.5325121804397878,0.8042616300405719,0.7958110760749524,0.688998470826851
2010-10-25,0.6115793273736416,0.8945402413091322,0.8967022183426621,0.7782264835538754
2010-10-26,0.6725208751441863,0.9563029020020343,0.9722752452235811,0.8391930839676603
2010-10-27,0.6820000368994344,0.9568115496531191,0.9765343751096679,0.8396953302911547
2010-10-28,0.7905421798545134,1.0703430762442983,1.1013107971519756,0.9514286578261988
2010-10-29,0.6835485539077354,0.9727837022955845,0.9811264335640214,0.854070525494258
2010-11-01,0.8580522173327351,1.1523726698322612,1.157054027981403,1.0301879636428892
2010-11-02,0.8611996616178659,1.1910107253511697,1.2019766839142092,1.0687194683724095
2010-11-03,0.8658581526279693,1.2235214918372386,1.2328598041669805,1.1010341145814446
2010-11-04,0.9524882526967234,1.4062800861406544,1.3924158246660387,1.2852982652878835
2010-11-05,0.8766060098623583,1.3573725789560207,1.3551241052424536,1.2364621629882733
2010-11-08,0.8516563370956052,1.327235786862784,1.3296567398826813,1.2066411600673124
2010-11-09,0.6912786588016,1.1580625828010762,1.17935645389479,1.0387473818346427
2010-11-10,0.7125765055291852,1.1923088396187036,1.2094025647784326,1.0727344244492234
2010-11-11,0.6630872980799093,1.1355400434314107,1.1577940306575742,1.016569462638311
2010-11-12,0.6532624294968076,1.0687580852056822,1.105295080636982,0.9510258943040514
2010-11-15,0.61546042526698,1.033550279678739,1.0666452041960086,0.9161304506312743
2010-11-16,0.44703913526215644,0.8357908721079466,0.874529738267924,0.7209820816185932
2010-11-17,0.44336129256520673,0.834724022793349,0.8721338549194882,0.7199244899380595
2010-11-18,0.5266670843947152,0.9503267630577763,0.9644137018078852,0.8353078360226809
2010-11-19,0.6165347244484628,1.0297127819643452,1.0602057151582855,0.9137782712049256
2010-11-22,0.6318649290540503,1.0390319464177815,1.0769948956203284,0.9229977033685464
2010-11-23,0.4796561989372704,0.8715050725232852,0.9052558845928328,0.7575362522178384
2010-11-24,0.5510404532399407,0.9593528794394067,0.9948070260729887,0.8451619796777179
2010-11-26,0.4655685576863391,0.8678204397643773,0.8997337103594002,0.7547661987965605
2010-11-29,0.5755024526052321,0.9666305467529419,1.0259901742629822,0.8523404041113473
2010-11-30,0.5251653856484019,0.9162084391136264,0.9711386340851207,0.8024311228582574
2010-12-01,0.5712969008531316,0.9630582276976235,1.0216874252898502,0.8494625174714079
2010-12-02,0.6427495891259567,1.0318327549223887,1.1007718640392443,0.9178897155507907
2010-12-03,0.7016514188931492,1.0925529249058266,1.1628151063393186,0.9779399171414137
2010-12-06,0.6645893158265904,1.0549344225225383,1.1214826032224068,0.9406078209841066
2010-12-07,0.6762627121500765,1.0674796250898981,1.134640315177547,0.9530332395031104
2010-12-08,0.7596741670005254,1.1579297355692144,1.2356670288738534,1.0423966909492282
2010-12-09,0.7605090820719749,1.1553648668481784,1.2336964139430047,1.039848238203763
2010-12-10,0.761492910499097,1.151467607009889,1.235470427881986,1.03596994792735
2010-12-13,0.7417192762642515,1.1273223866247908,1.210323704420178,1.0120026981992558
2010-12-14,0.7092654806912078,1.0865960353497253,1.1676457000050584,0.9715221439401911
2010-12-15,0.7096990111658223,1.090966996533479,1.1673549994392085,0.9758371535958091
2010-12-16,0.7330166446488555,1.1174954131097903,1.2031037268452955,1.0022005600339687
2010-12-17,0.8079516588867959,1.2186958352035295,1.3169971723674,1.1019622217224192
2010-12-20,0.7902722662425566,1.1969848755564259,1.2906578110450935,1.0803802676177763
2010-12-21,0.769892367446001,1.1687672858459013,1.2754888681393806,1.052208605696948
2010-12-22,0.7672492451455496,1.1649063489502811,1.2778955579450233,1.0483727614841822
2010-12-23,0.7483130517943398,1.1383628463656474,1.2493612749100709,1.0220754360475026
2010-12-27,0.7244470164753907,1.1064732945411575,1.2169249632868395,0.9904087613516434
2010-12-28,0.7205712382930464,1.1044947687416717,1.2139988575266178,0.988445170265509
2010-12-29,0.7324990544686601,1.1243901077935052,1.2340832333287248,1.0081457863305567
2010-12-30,0.7255876619201125,1.1107383602141663,1.2193548150953804,0.9946393426332446
2010-12-31,0.7818528298693964,1.2132597007597097,1.3195608979030093,1.0956388571332223
2011-01-03,0.7474222412064236,1.204160704791047,1.2811416382234009,1.0864256654140896
2011-01-04,0.729603079927832,1.1749930830822835,1.2514097648893914,1.0575140123336069
2011-01-05,0.7543912427115707,1.2377595565435857,1.2976616497008386,1.1199894687828984
2011-01-06,0.7199775956126808,1.1758721699140444,1.2459909913225307,1.0586680655107268
2011-01-07,0.6904524070518286,1.1183116755562854,1.199113132945695,1.0016454610089414
2011-01-10,0.675595460140091,1.0880352153297537,1.1739072453557464,0.9716647751719987
2011-01-11,0.7487649419891358,1.2269330075515916,1.2977412604667466,1.10891077932514
2011-01-12,0.7518656842595104,1.2722086002459714,1.3197984337390232,1.1543764118506141
2011-01-13,0.7276060535640038,1.2266878416822162,1.2784857937984895,1.1092944593029357
2011-01-14,0.8324152764030394,1.4245798022413583,1.4477753995542582,1.3052657786644808
2011-01-18,0.7740473165054316,1.3551698817921245,1.365629366016452,1.2359575368217692
2011-01-19,0.7762070958476803,1.2966860667619924,1.3408684553131334,1.1787544772580443
2011-01-20,0.8833787788055426,1.4467829297418493,1.4793474227580028,1.3259321630441043
2011-01-21,1.0325151749241437,1.6501727441586616,1.6760328278176404,1.5256806990214762
2011-01-24,1.0355961045436894,1.6906394620542016,1.700686370422165,1.566025233017153
2011-01-25,1.063054878350093,1.7232600182504225,1.7263506487171174,1.5982572437472498
2011-01-26,1.0581291084144644,1.7435873206981676,1.7410711500835483,1.618479855373653
2011-01-27,1.14077697856685,1.8478600416004418,1.8328692820107029,1.7213668458787155
2011-01-28,1.098897546815843,1.6451415637294153,1.6754443865823063,1.5238868266965355
2011-01-31,1.0565681068583948,1.6304610968748396,1.6728422676991992,1.5091886140604045
2011-02-01,1.0767833170149008,1.696390898623314,1.7134164633222022,1.5754964658869064
2011-02-02,1.0948249923022022,1.708116193683038,1.7263649131508745,1.587070773929965
2011-02-03,1.3087750376989293,1.9254557007150264,1.9369696641117828,1.800195647019864
2011-02-04,1.3131372029108228,1.939244231475249,1.9445804322295879,1.8138667657738259
2011-02-07,1.3923111973321673,2.025295731099278,2.0197330074199376,1.8990896255852718
2011-02-08,1.3488954241279,2.00622792402447,2.002215565379389,1.8800916943534156
2011-02-09,1.3470760256589482,1.9956327487477754,1.9925871109268234,1.8696321847294302
2011-02-10,1.2906399403675395,1.9528728626798342,1.9481361442915404,1.8271844019109806
2011-02-11,1.3296934429009408,2.0059472791199897,2.003092795239445,1.8798579284604011
2011-02-14,1.2572987670969213,1.9593228037182997,1.9484548156734256,1.8334246540406296
2011-02-15,1.2111795059139014,1.9101983590334346,1.89082568963486,1.7848569769619869
2011-02-16,1.2135307326333018,1.936131464543097,1.91886918792001,1.8106615108959396
2011-02-17,1.2188021932756294,1.9538878034481777,1.9364525768659666,1.82827065497854
2011-02-18,1.229915937755896,1.972260940719591,1.9560130968537741,1.8464692361803483
2011-02-22,1.177251018368464,1.8186749645789253,1.791144537931503,1.696596949457411
2011-02-23,1.088472182466325,1.7276530121636344,1.6610668453188413,1.6065018378120748
2011-02-24,1.0924043514987585,1.7296021766284984,1.6654090998216629,1.608429597942779
2011-02-25,1.1487667058856712,1.7971305504372816,1.7285136192297446,1.6756325934658498
2011-02-28,1.1258001181766308,1.7868117012885254,1.7031877448636645,1.665350240446702
2011-03-01,1.0066357505539676,1.625151386255675,1.554482977701156,1.506427376463338
2011-03-02,1.0138165446728646,1.634867286773729,1.5633342450030097,1.5160593024876443
2011-03-03,1.0904027755507113,1.7337818032710746,1.6346638435930447,1.6150304248958893
2011-03-04,0.9670594886950108,1.6062870987410731,1.479051022419996,1.4885536618062507
2011-03-07,0.9194011549962071,1.5508415785053606,1.4309189395540787,1.4338132109525394
2011-03-08,0.9590552440733943,1.5913479404966293,1.4682775609887717,1.474112349319399
2011-03-09,0.925322337918264,1.5453463810797907,1.425666399232838,1.4284707371008776
2011-03-10,0.788921381974043,1.380095165439842,1.2680883647325034,1.2655599992090532
2011-03-11,0.8274336548731938,1.4178135439209756,1.311324010704859,1.303022650892719
2011-03-14,0.7906978330718155,1.3804245425377613,1.2754898427013905,1.2660508477902208
2011-03-15,0.6783530428985879,1.2419766786606663,1.136194842640301,1.128797766775949
2011-03-16,0.5348816354770741,1.0737520147530337,0.9629231256310138,0.962477646061866
2011-03-17,0.6109159457648572,1.1442451085755176,1.0402446643766425,1.0326169327831003
2011-03-18,0.6604728066734384,1.215645424190165,1.1068177064816065,1.103243295950804
2011-03-21,0.715153427932712,1.2380796596303358,1.129559855957552,1.125661171161901
2011-03-22,0.6561870972960303,1.1561712891765936,1.045802619921586,1.04422460239202
2011-03-23,0.7001229707197751,1.2315249733194424,1.1088723376076248,1.118712026363982
2011-03-24,0.7622235921705542,1.2977222627569787,1.1752689915689225,1.18442817530258
2011-03-25,0.7827909857455662,1.3198314455962878,1.1987865950619043,1.2063470501271951
2011-03-28,0.7335556373263258,1.2373252572858158,1.1242598917434314,1.1242783315356015
2011-03-29,0.7670741376132897,1.2627629141836065,1.1594308617191973,1.1495522846514206
2011-03-30,0.824874736858833,1.3421217805090297,1.240044033747621,1.2281673478892225
2011-03-31,0.7791872297511094,1.2586722188962962,1.162144261213206,1.145099223486533
2011-04-01,0.7576799441722164,1.1945583833731461,1.1112273992720298,1.081081535626249
2011-04-04,0.7490751723536624,1.1687742161060162,1.0940044525078307,1.055474706498297
2011-04-05,0.7810945290673549,1.2479643650960324,1.149447246295023,1.1335905348274484
2011-04-06,0.7793623677859608,1.225704241037072,1.1422011498863567,1.1114490045725678
2011-04-07,0.7282378812119202,1.1323705391441128,1.0575000665944807,1.0185899481263558
2011-04-08,0.6995311651401992,1.0883355316493124,1.0083864263964586,0.974968760937953
2011-04-11,0.6780871172659075,1.0574291400358669,0.9711999314869112,0.9443638789787275
2011-04-12,0.5723126241811628,0.8722863323879723,0.7846848944327366,0.7599247901931983
2011-04-13,0.5672115594629408,0.8621772220462107,0.7751177671787295,0.7499000181746244
2011-04-14,0.6652385285813237,1.0779952908372827,0.9381513965402904,0.961572291331025
2011-04-15,0.664559528430059,1.083054107495181,0.9377328944864826,0.9666071973144025
2011-04-18,0.5493200980200222,0.871639426560706,0.7542641536800379,0.757650004047544
2011-04-19,0.5919823387146543,0.9526563582912719,0.8269097285986236,0.8381698741607191
2011-04-20,0.6502154889654368,1.0675255310366087,0.9152168412637035,0.9533536397030472
2011-04-21,0.6423815421926475,1.0570205843307252,0.9090685821553659,0.942870508171241
2011-04-25,0.6580460562673033,1.0823454092395712,0.9328676590398337,0.9678944449126768
2011-04-26,0.8495503284376972,1.421174825926118,1.2230370503974097,1.300875672538739
2011-04-27,0.843685175883141,1.4337375828646208,1.2124042242993527,1.313415999771154
2011-04-28,0.7934635761773313,1.3865977278000934,1.1734546618304782,1.266366322875409
2011-04-29,0.9095870871371498,1.5340959966034609,1.2988542994798427,1.411563186806071
2011-05-02,0.828570712534353,1.443374838225562,1.213793066899333,1.3213974040737266
2011-05-03,0.95440427078398,1.5612748247604038,1.3138374186983588,1.4368318610597968
2011-05-04,0.9502983156130029,1.5195276692444721,1.277482060926133,1.3957874757993103
2011-05-05,1.1151649149215932,1.6243587201213205,1.3453247899153766,1.4979284917041404
2011-05-06,1.2355286952492475,1.7367384108817723,1.4615030505502113,1.6082110926695317
2011-05-09,1.0350360763894138,1.6099165360979686,1.3556474577050668,1.5156587698219735
2011-05-10,1.1039550685779738,1.6980075864117639,1.4406589572372845,1.6022800611135974
2011-05-11,0.9541294620633899,1.5414056913174705,1.2932906860519937,1.4599726974773404
2011-05-12,1.06369453900193,1.6292969483927706,1.3758818427865736,1.5383978758945493
2011-05-13,1.1351898466801167,1.622766380523446,1.3725177332517409,1.5240447296430446
2011-05-16,1.0913043406976295,1.5632875407623514,1.314346176156764,1.4660216228806644
2011-05-17,1.1801924552704737,1.6117920294193548,1.3622859977233093,1.510209844812154
2011-05-18,1.2707007341625602,1.708562928100855,1.4541877721546272,1.6057624234667194
2011-05-19,1.5737638110401029,1.8819307853091178,1.6430829558880753,1.7816313621609075
2011-05-20,1.432373718029936,1.7510825936097123,1.512037740083251,1.6443125672424557
2011-05-23,1.4413852353295635,1.6700379429712637,1.4402057536688349,1.5630719613252155
2011-05-24,1.4293451962112944,1.659353246429018,1.4295535386493732,1.5526067033783202
2011-05-25,1.4911267315857346,1.7096450388260422,1.4761979756716321,1.6023478194659226
2011-05-26,1.3368206549228814,1.6541586355114086,1.3982086931045365,1.5390703748417853
2011-05-27,1.4508554944850025,1.7292517112392032,1.484570573505398,1.6235947714865357
2011-05-31,1.6401487893127071,1.8734270615890662,1.633055462976729,1.7691408806096045
2011-06-01,1.3196078100607214,1.5680120635874903,1.3026822722399034,1.464220077345924
2011-06-02,1.2897174933606594,1.5505322456579709,1.281316710049957,1.4455753729797642
2011-06-03,1.5030263774052341,1.588057976179339,1.3533657359931959,1.4928821272016468
2011-06-06,1.517674353719834,1.54548904898015,1.3325872891693151,1.4584333357757413
2011-06-07,1.4435143954053202,1.5109834870158625,1.2967217414476708,1.4247810802473786
2011-06-08,1.451973278432249,1.4988395715987175,1.2884326123402121,1.4111372712831238
2011-06-09,1.3296002354507526,1.463375594235665,1.2430084888211081,1.3787095138759868
2011-06-10,1.1917240206575066,1.3393646466939948,1.1237664275834498,1.255479552813002
2011-06-13,1.2081423149435582,1.3497152907968002,1.1345151180856414,1.265690825561369
2011-06-14,1.1486768493511657,1.3650713861548076,1.1323164873348655,1.2767868705695422
2011-06-15,1.0164573645901656,1.2393334275383088,1.0043046278316368,1.1536952855958373
2011-06-16,1.020573375592596,1.2476656206349175,1.0124346307922667,1.161264609480757
2011-06-17,1.033643472999263,1.2627570359326887,1.0243843160839505,1.1754119337943583
2011-06-20,1.0889615337763767,1.3040433013840207,1.0671127935219271,1.2179381828805096
2011-06-21,1.304015242388666,1.4448869808585636,1.2334540365329771,1.3733161806443241
2011-06-22,1.2825197091341705,1.4186591758255598,1.2076962642741704,1.3514729663701284
2011-06-23,1.3890498229052881,1.4620986445911488,1.2743711432010987,1.4123895971204479
2011-06-24,1.2729801894603003,1.3746712066527176,1.1718476630856236,1.320361894027222
2011-06-27,1.3555846249969021,1.436976616383195,1.247223804479462,1.3843917758038116
2011-06-28,1.7036661366393018,1.6396365709367324,1.5126726204088552,1.6232527735687177
2011-06-29,1.8355870472878797,1.721804088126553,1.6248243450275661,1.7215037658543766
2011-06-30,1.9337631194119838,1.7965015832304383,1.7020345912228683,1.7951015889446555
2011-07-01,2.0704520401901125,1.9012454223065764,1.8153046474808694,1.8993854025814625
2011-07-05,2.019273504743277,1.8675997784349254,1.7806088154762063,1.867729131778672
2011-07-06,1.8493403045059604,1.7512983167459188,1.6554307863107018,1.7532534116497296
2011-07-07,1.8523830676930269,1.7744356141116269,1.6716915743989356,1.769463155158893
2011-07-08,1.7449082031058936,1.6985854374926956,1.5887027704313494,1.6962372159994603
2011-07-11,1.591363536638354,1.5732580882921166,1.4442978793685068,1.5719953762493735
2011-07-12,1.4583956750085203,1.484175195619974,1.3482158630448504,1.4870677782292285
2011-07-13,1.4831274247054993,1.5037690119474276,1.3679554694349536,1.5065719622504616
2011-07-14,1.4285795621111308,1.459604260564156,1.3225570081954496,1.4627049756533055
2011-07-15,1.7097322674974456,1.639809716984037,1.5228240230195365,1.648554711771694
2011-07-18,1.6024734130638871,1.5586270031036642,1.4312005815430067,1.5619787613162999
2011-07-19,1.6342233104430242,1.6087270061832382,1.4907238231172568,1.614041438264991
2011-07-20,1.7354416244515978,1.6611094464086555,1.5499560954429736,1.66850015514578
2011-07-21,1.687104797893871,1.6566570351458811,1.5334426294365444,1.6589119649962882
2011-07-22,1.6302847789379116,1.6278203645340286,1.497504141880813,1.6259739133398523
2011-07-25,1.5130167432583652,1.5519811303321487,1.4165489338296717,1.5502479525285078
2011-07-26,1.4848042456099049,1.5278443906585897,1.3907524379837173,1.5262396276787153
2011-07-27,1.362785630815786,1.4089728094024103,1.2623486130662533,1.4110331133247187
2011-07-28,1.3780709169645802,1.4146106358478858,1.266369200921679,1.4147170959423125
2011-07-29,1.3265259808330154,1.3740178071073386,1.2278650706132548,1.3794360242250503
2011-08-01,1.1438803523987888,1.2505326095646918,1.0818884115097351,1.2461510260996245
2011-08-02,0.9678758746166753,1.0907200624197955,0.938568559767585,1.114187766993655
2011-08-03,0.9589935079735672,1.0910950116220979,0.9397546193825819,1.1152715174891301
2011-08-04,0.5782672373892628,0.8099525166123474,0.7015761121470817,0.8943416603428008
2011-08-05,0.5964213941229436,0.8239635413184967,0.7171203525538604,0.9086627709217446
2011-08-08,0.08402787652754677,0.5164957008864741,0.48316266343286995,0.6910161123377916
2011-08-09,0.38815303674255247,0.6614729128687924,0.6502127941637852,0.8439706895006927
2011-08-10,0.2766642484246812,0.6899257990843496,0.7528552999332712,0.9046934967339277
2011-08-11,0.5544573692413397,0.8081949149930722,0.8737114377523919,1.0029117528884761
2011-08-12,0.6094493673060831,0.8335231058948246,0.898778418178627,1.0262399791235242
2011-08-15,0.7268869556647907,0.8763386150287445,0.9361644851612919,1.0607269375645523
2011-08-16,0.6093728757289898,0.8035637278875205,0.8592462304530685,0.988136663745904
2011-08-17,0.6028301708112102,0.7963652947992557,0.8505235840129796,0.9805170645189211
2011-08-18,0.4403591978217466,0.795493663198176,0.853320494680763,0.9834408275508495
2011-08-19,0.36565619169364405,0.7804244740697268,0.8338346426752437,0.9649413598727793
2011-08-22,0.39122945381904906,0.8017893355207327,0.8554694644046075,0.9871241050902313
2011-08-23,0.6446605383621478,0.9442683877084934,1.0108923808299044,1.1372704271156833
2011-08-24,0.6979931371081225,0.9494129478421726,1.0214504922204781,1.1471687930824515
2011-08-25,0.6491094722170108,0.9564930408655723,1.0218805998543878,1.150001705109349
2011-08-26,0.6442618383066226,0.9062780389090485,0.9719936818911268,1.104634758730361
2011-08-29,0.8702569018276015,1.0280133825837763,1.136279717238327,1.2466369058018159
2011-08-30,0.884382533987111,1.0325616675509117,1.1436468523235124,1.2533881974918195
2011-08-31,0.7586996142095986,0.893957537414807,1.01232493734169,1.1158015935372843
2011-09-01,0.6504387900623261,0.8346796533694315,0.9283321097427214,1.044654016426511
2011-09-02,0.43597814944241237,0.7299780382921062,0.787960909719387,0.9082056874206123
2011-09-06,0.4581653004150994,0.7650434104482726,0.8142399524814022,0.9356283108264033
2011-09-07,0.5648619798899728,0.7952243995865762,0.8684233319727217,0.9842515915676382
2011-09-08,0.48361878278354,0.7520613947966925,0.8109692274246315,0.9314853518381601
2011-09-09,0.3117007531691269,0.6592941252572293,0.6994665213913408,0.8289292272930691
2011-09-12,0.287616498684946,0.6252698997210377,0.6639120014051549,0.7963589505109901
2011-09-13,0.3388870205208453,0.6527830327356733,0.695674940459797,0.8255059764830348
2011-09-14,0.3905390250571715,0.6729107367294507,0.7199304979336715,0.847738417753442
2011-09-15,0.4803575019413787,0.720565568155963,0.7817886556421264,0.9044765501100531
2011-09-16,0.5092012655197033,0.7346605461697086,0.8012458592734137,0.9223454102255703
2011-09-19,0.3774663770851947,0.6262911237809297,0.6616146147168465,0.7943381126932312
2011-09-20,0.38196441150140426,0.6326973879450224,0.6719290539315341,0.8038141769496149
2011-09-21,0.2474922776988469,0.5585305669757396,0.5729435183931313,0.7123825822252373
2011-09-22,0.11736481977069128,0.49513391976292886,0.4749197851025274,0.6214469071593373
2011-09-23,0.0436908232875813,0.4096841766231793,0.35603587567504974,0.5359340779557857
2011-09-26,0.18829415589921802,0.5035378772449328,0.4609865279881331,0.6255696885270595
2011-09-27,0.22701898817930422,0.5182457209280612,0.4780904010810851,0.6409132302852855
2011-09-28,0.12975095918866802,0.46299238647887475,0.42100132570123594,0.5888314692479779
2011-09-29,0.18477119607336379,0.5028774196069422,0.4664506852743988,0.630089253608787
2011-09-30,0.03459795397628275,0.39799101126056396,0.3528258387560958,0.5224329021296293
2011-10-03,-0.07223108878350493,0.36513379237082727,0.30166056461124946,0.4790887198983338
2011-10-04,-0.06341882938142161,0.2924519072617848,0.22736883946500597,0.407254123955702
2011-10-05,0.028365886685455338,0.34314561119582015,0.28286967722558093,0.4579703643842788
2011-10-06,0.12289975745963368,0.40161292968634343,0.34350628450822424,0.5152123563777854
2011-10-07,0.06199798712631349,0.3464782609843466,0.2881715001442111,0.4587546012401746
2011-10-10,0.21716636941571368,0.43434098615248895,0.38428243917508287,0.5457984945999894
2011-10-11,0.20704364851954776,0.41646771003184624,0.36648630881526634,0.5277918591097014
2011-10-12,0.21181724644214542,0.388504384649833,0.3358021298561431,0.498706208744823
2011-10-13,0.22121370951528352,0.40921813765590226,0.360047549683636,0.5197065196416549
2011-10-14,0.2930139160566757,0.44269437879430235,0.4024077103593298,0.5593015848088089
2011-10-17,0.17458750360449526,0.35713949550155216,0.28968020712744524,0.45862211056986885
2011-10-18,0.3315387205215881,0.5037035232465671,0.4767656142224636,0.6227018329173487
2011-10-19,0.22688532690893434,0.409709345838473,0.348614442440913,0.5184365954737281
2011-10-20,0.23729256618240252,0.4076748142693887,0.3484758530645722,0.5184116989404205
2011-10-21,0.31788095173571285,0.45222726347238906,0.40524897284343037,0.5695181465764981
2011-10-24,0.36173594755051497,0.4654852670295442,0.4320850278729355,0.5907043206254604
2011-10-25,0.2654019998779045,0.4026779151309211,0.3518607054792762,0.5166479737388027
2011-10-26,0.32711030739478075,0.4557348647570503,0.4172661837440053,0.5780771320251746
2011-10-27,0.4835355050344626,0.557491609276721,0.5438406275532259,0.693482453076596
2011-10-28,0.4788551326572885,0.5507087415966021,0.536003848200612,0.6863664809765804
2011-10-31,0.35976308278646707,0.4709654811428692,0.4521881902001457,0.609202968010968
2011-11-01,0.1887585896831698,0.3134786733334597,0.2738150752895303,0.44838238068760355
2011-11-02,0.24464425837614054,0.31749353400940983,0.28507598596641387,0.452392438664918
2011-11-03,0.24005393088002464,0.1680902201317645,0.15693577104732157,0.2975431985135829
2011-11-04,0.19424190500370916,0.11688754890494119,0.10001462046379841,0.24628254140396763
2011-11-07,0.23156332695503473,0.15205424347097196,0.13262718600583356,0.28155088580163595
2011-11-08,0.3236486696748226,0.2564277891983165,0.22853625497365496,0.38687649729327517
2011-11-09,0.12911137308066062,0.10130972415910536,0.057310040229550274,0.2216118308967784
2011-11-10,0.1889031420921754,0.15928446595728626,0.12133930708972922,0.28707955176417155
2011-11-11,0.32740740791718353,0.31225332373148323,0.27020764812521136,0.4413680260419153
2011-11-14,0.2902935615354559,0.2960558537781876,0.25130047129628086,0.4241163266362105
2011-11-15,0.38491172771741017,0.43298783144384473,0.3811074892574079,0.5654403873658891
2011-11-16,0.30896523269300996,0.3812905387408021,0.32168701449573195,0.5097362137198053
2011-11-17,0.16989640904869205,0.22280269629291405,0.1715702919682123,0.34098595573550344
2011-11-18,0.15260937176688077,0.2003729279483836,0.14922933717208228,0.3175246556857455
2011-11-21,0.06899794979156008,0.1488405458548718,0.08234044447306314,0.2560854468960567
2011-11-22,0.11736044508028089,0.24124472086982177,0.1622866840181867,0.3481196287021089
2011-11-23,-0.04996609200312568,0.07860485143770313,-0.026750485250994754,0.17051165617135064
2011-11-25,-0.005600317906872768,0.14464217441550029,0.03709653818067573,0.23658228144786017
2011-11-28,0.10894360303009523,0.22288694607831103,0.12803554889989358,0.3187156519964977
2011-11-29,0.14699006008850798,0.2644092380914287,0.17109027477863206,0.36314220877522946
2011-11-30,0.2307578277365463,0.2718324626622,0.18819816444099366,0.3728515167140824
2011-12-01,0.17388936457784387,0.20547013445583398,0.10909212841469144,0.30527754734101736
2011-12-02,0.15804585563567525,0.18919174447340031,0.09272772823121402,0.2889788918250898
2011-12-05,0.21062133335368827,0.2284963515228793,0.13263016033504144,0.3270247106911881
2011-12-06,0.20949729588336333,0.22633171293033003,0.13058163210742474,0.3248451845586831
2011-12-07,0.20975777338713708,0.21768322723161532,0.12254628254186872,0.3170349259101753
2011-12-08,0.09368164370891223,0.12631820565752896,0.009539141717011156,0.21181183517545576
2011-12-09,0.1419017616525383,0.15088506642514984,0.04229684040789773,0.2457018915657853
2011-12-12,0.07415175208199916,0.09822063283728127,-0.01916856610315552,0.18860890119899118
2011-12-13,0.029009186016745778,0.06139016139199303,-0.061968712404185326,0.14933207380183797
2011-12-14,0.00212919630092897,0.052117110775391974,-0.0676085679397604,0.13766911140264507
2011-12-15,-0.007424203996390241,0.027225752430894746,-0.10119476849640663,0.11379861512131538
2011-12-16,-0.00561903547384015,0.02545872368137033,-0.1039969153714294,0.11200012625765153
2011-12-19,-0.06329773727916531,-0.028525198748015547,-0.17356655309694613,0.05697632393397838
2011-12-20,0.039351004124712013,0.032013690431737775,-0.08334916068489708,0.11822357347558567
2011-12-21,0.03426239462397316,0.017605753630372274,-0.10303720203305013,0.10357166554686999
2011-12-22,0.07878316032651472,0.05782678555741211,-0.05591472552258175,0.1444902315680835
2011-12-23,0.11564540509236267,0.08595155252814317,-0.022825183364263445,0.17308176991069896
2011-12-27,0.11286460583703946,0.07528095608909346,-0.03365305017841383,0.16222505229586015
2011-12-28,0.052312049807014656,0.018383980052742558,-0.10176781425393683,0.10418437366307307
2011-12-29,0.10367218437889035,0.07195458866638704,-0.033522489620606465,0.1586711385691608
2011-12-30,0.08127623336538564,0.04654454138850638,-0.06005610690123376,0.1327790572930748
2012-01-03,0.10505740554632173,-0.016275808979979458,-0.09722274416488984,0.06939782540466238
2012-01-04,0.11421654893958107,-0.002221824699109394,-0.08249257429192997,0.08370870284701834
2012-01-05,0.1033163452693488,-0.05846525223550974,-0.1195953443930793,0.026635191661418253
2012-01-06,0.10063498285039925,-0.04419022868080742,-0.11381159978137988,0.041194877904045725
2012-01-09,0.11961063550829207,-0.007651573966556364,-0.07979243146470301,0.07842819069525084
2012-01-10,0.16228014705777452,0.05134881261086433,-0.012988579669733978,0.1384439776439729
2012-01-11,0.14934972303163516,0.0077085384214509115,-0.046739069797883934,0.09409837654447077
2012-01-12,0.12096245839967212,-0.097872550445,-0.12854355871968923,-0.01282068459550092
2012-01-13,0.1055768290019252,-0.1059304824481826,-0.14780694131055808,-0.02104597688008599
2012-01-17,0.09114129128021912,-0.17921784659408224,-0.18959367686294534,-0.09532758711310142
2012-01-18,0.1312073325532677,-0.13603910566968083,-0.12072263239319826,-0.05150502460517251
2012-01-19,0.19665115517379084,0.02558709190507555,0.01777087884123198,0.11388893808611047
2012-01-20,0.2184522963054383,0.06517419383858596,0.05941241055912574,0.15421869056124646
2012-01-23,0.19751614279026264,0.015079330522169011,0.019561861605575825,0.10318155872576051
2012-01-24,0.16811610592634868,-0.06544915426515548,-0.04127716250768252,0.021340669948888127
2012-01-25,0.2016771638710416,-0.0013076534600514314,0.024973289131889426,0.08648127617038319
2012-01-26,0.16273484497008808,-0.09257711324043882,-0.05779737614840256,-0.00650802080888011
2012-01-27,0.1501252020075719,-0.12646121718029538,-0.08620825085641996,-0.04099554409428933
2012-01-30,0.21208082758864086,0.05678734943266334,0.06415536744131108,0.1479384022840712
2012-01-31,0.17806912983237627,-0.015680084018944655,-0.019248633028229302,0.07423868986843389
2012-02-01,0.14725409567990638,-0.06622946768010118,-0.047634417185670734,0.023216054006534353
2012-02-02,0.16244962558110476,-0.030909624598428827,-0.01836837210848029,0.05924726096774765
2012-02-03,0.21289699132718146,0.11944435937140614,0.09556216123020968,0.21126647348521746
2012-02-06,0.1977575698248795,0.08917796355050392,0.07052524313871421,0.18042205353260168
2012-02-07,0.1817383635281649,0.06457121549792687,0.04642823228036644,0.15541962021005176
2012-02-08,0.17493599075057292,0.05876756980312411,0.037022275491094075,0.14951981064234382
2012-02-09,0.19022122471786762,0.09139682099108681,0.06542021537424729,0.18280639694908302
2012-02-10,0.15633372203315876,0.006134687865267474,-0.005267528174918582,0.09553463554856335
2012-02-13,0.1626444388801813,0.0314621366036595,0.015673256322214706,0.12121128158699655
2012-02-14,0.14679405574657986,-0.001658264343048502,-0.01681397450024065,0.08745109553789064
2012-02-15,0.14019767256827637,-0.022907931310470663,-0.029602097828223886,0.06571129272182799
2012-02-16,0.16051812554780137,0.041612266185319186,0.01251388497942354,0.1309789736077048
2012-02-17,0.15904289970567784,0.04119495388047063,0.008274410160327043,0.13055459642757253
2012-02-21,0.15192833050404014,0.026784923132162203,-0.00777822594091283,0.1158803977670712
2012-02-22,0.22661717020689454,0.1800187946443297,0.1662161863624622,0.2737597663844359
2012-02-23,0.2726059154545233,0.2690490654876763,0.2715905670004585,0.36459786031295877
2012-02-24,0.2851255227954137,0.29680177429717164,0.29678284404815686,0.3928897122922481
2012-02-27,0.24642210384657784,0.24045946858234446,0.24390753301031098,0.3356788246525418
2012-02-28,0.2322718527329593,0.2303377254258742,0.23025748857814377,0.3253897186901383
2012-02-29,0.28910180515267747,0.3215171489578939,0.3056628388850776,0.41929973599167353
2012-03-01,0.30227964179687483,0.3633326961305338,0.34657044236081713,0.46182106079486823
2012-03-02,0.2149780999435783,0.19785717743142556,0.21284643225633687,0.2937563091081674
2012-03-05,0.23009464692396214,0.2043173703496314,0.21699284049516912,0.3003854375156755
2012-03-06,0.19979747826288688,0.0638901724681324,0.10074703866228416,0.1553617883474753
2012-03-07,0.1921536849263189,0.07740822203281628,0.12348633120837567,0.16906803697849035
2012-03-08,0.24149536042348782,0.183261678615945,0.20716990294352916,0.27658518281234906
2012-03-09,0.3410890279736698,0.34224139364023376,0.35305989011991606,0.4394998540214569
2012-03-12,0.31128515353346875,0.302403490333369,0.3086729499616902,0.39893309567957197
2012-03-13,0.41510725730436565,0.5040329980071881,0.47922731116386147,0.6031007685409272
2012-03-14,0.46143960474008777,0.5629420457788097,0.5367104742553924,0.6634547251278925
2012-03-15,0.5704162263363186,0.7197796418273212,0.6890457056966597,0.8240540870311526
2012-03-16,0.5195276710309698,0.6629888985517495,0.6243893470433366,0.7663739211851565
2012-03-19,0.52075993317887,0.6788450901255966,0.634623535810753,0.7825076673912572
2012-03-20,0.4411681171630348,0.5755343767567973,0.5356805728560001,0.6773830533982572
2012-03-21,0.4493101861460158,0.5780689352465154,0.5411523792010006,0.6799749265948353
2012-03-22,0.40461947746340937,0.498083127429424,0.4635374836256786,0.5981094227109915
2012-03-23,0.3771739548120309,0.4759928547199884,0.43993854137351107,0.575663432518174
2012-03-26,0.42446135747141023,0.5746738498249221,0.5378043969797485,0.6755837954358539
2012-03-27,0.42148246887558216,0.5631182838631038,0.5245673376363769,0.6637674775530462
2012-03-28,0.3701535168061287,0.48950611881781464,0.44386757537168614,0.5886432906790767
2012-03-29,0.33246166955913536,0.43836548684477955,0.3835293150986398,0.5365374260764163
2012-03-30,0.35658068489725975,0.4773039983315451,0.4261760863076096,0.5762133200983852
2012-04-02,0.3699987453220222,0.5077714758147575,0.4564120768423337,0.6071566710431631
2012-04-03,0.34825318675757133,0.47097036872599624,0.4137289102858666,0.5695548101481904
2012-04-04,0.3047524915329661,0.38238899711518975,0.3270336631330132,0.47876888272958934
2012-04-05,0.2887292684365133,0.3587145294877157,0.2958009329186098,0.4546420881243622
2012-04-09,0.2499481421980021,0.2773263412578287,0.22806653947945663,0.37117347581459476
2012-04-10,0.19025309072498603,0.1676664516160715,0.11733958213998705,0.2585346149315283
2012-04-11,0.2386658946646366,0.243912044641631,0.2051503790078409,0.33611577779712415
2012-04-12,0.3280421899628254,0.39626364413309434,0.35472905870950444,0.4910349988750041
2012-04-13,0.27565790142519,0.31135183229678104,0.28128269953600693,0.40412726413551375
2012-04-16,0.2694682745130066,0.29969020995059137,0.27053505393960897,0.39224548520588765
2012-04-17,0.31719182630287807,0.3597260647808059,0.31820215611977704,0.4529834769391023
2012-04-18,0.35198435859093147,0.4601092565616994,0.4121096378070782,0.5560109993144196
2012-04-19,0.29881733063033344,0.3558770053566321,0.3170003966820498,0.44990186188820613
2012-04-20,0.24741557507500783,0.21867728998829855,0.21527706159335747,0.31120890168931675
2012-04-23,0.18812572224732946,0.11503318205253349,0.11830928905876005,0.2055281306946319
2012-04-24,0.20925919181928201,0.14953485330011346,0.15158468619135848,0.24067697537995922
2012-04-25,0.23099828713091677,0.15390581083101137,0.17599734711837564,0.24509382804104118
2012-04-26,0.23289146943244682,0.13347644824654448,0.17214999204429343,0.22437624103335096
2012-04-27,0.2259302897732906,0.11172695297632156,0.15702834137779204,0.20224896135045953
2012-04-30,0.19946376831780405,0.06495628218054693,0.11306837360618685,0.15457291114715999
2012-05-01,0.23317727833848517,0.11910857386155814,0.1705233371010035,0.2097153110690389
2012-05-02,0.2358707651968662,0.13710379455743052,0.18043829817959103,0.2281082230706816
2012-05-03,0.23146434373813782,0.1557026002040822,0.1836223524911797,0.24717267523937564
2012-05-04,0.19969897350754184,0.13900711610009767,0.13810166892930467,0.2299985524950361
2012-05-07,0.1837198234991968,0.10358692710574131,0.10422579952715046,0.19396648094678767
2012-05-08,0.14936195604741034,0.04445669828430326,0.04749854993126532,0.13371879679227325
2012-05-09,0.08645580947075143,-0.07178646162882438,-0.06475670237082817,0.01542496921208604
2012-05-10,0.14167927931370447,0.035236218251847376,0.043806856191637746,0.12492051957343814
2012-05-11,0.10781258430612177,-0.027093425705971313,-0.0185896234639058,0.06142349281959923
2012-05-14,0.09295173623508084,-0.04735632590982514,-0.04415122661923215,0.04062517673028137
2012-05-15,0.09558773645223377,-0.0381738178985981,-0.03923720130330198,0.050025830115697535
2012-05-16,0.07952377849911779,-0.06866743501990132,-0.06559514587816902,0.018892795589969008
2012-05-17,-0.0243498544865336,-0.2669785097247689,-0.24294017980923013,-0.18364077996495312
2012-05-18,-0.07207454592041482,-0.3518157130711091,-0.32702016073306306,-0.27024472421202717
2012-05-21,0.036679413688230085,-0.14861657892198524,-0.15497861389778686,-0.06366962198715091
2012-05-22,0.09501194313351594,-0.03420802483570202,-0.04686625586751789,0.05338348814794415
2012-05-23,0.10093183415481914,-0.023850354374010466,-0.0372406997404746,0.0639417319750546
2012-05-24,0.09500656875807058,-0.038374827686087055,-0.049040350375302036,0.04916661524214347
2012-05-25,0.060907115225996615,-0.1037896948252134,-0.10487232065491457,-0.017455934467045357
2012-05-29,0.09648322880384548,-0.04558866843648572,-0.051765030334306024,0.04153544262878758
2012-05-30,-0.011930965586259602,-0.23665037241820086,-0.24298801155011895,-0.15323920057862056
2012-05-31,0.07741864538663966,-0.06883040888096441,-0.06367445534012052,0.01929093701746986
2012-06-01,-0.02891012587810057,-0.233208780722001,-0.20780614574345194,-0.14956637302274992
2012-06-04,0.012364138123081294,-0.16963368881256344,-0.15727080111513053,-0.08459622169037838
2012-06-05,0.09124406906669216,-0.05303226809623113,-0.060966742653984926,0.034367534806021324
2012-06-06,0.18945297445743584,0.08188399587968574,0.05309093470775791,0.17107777993425435
2012-06-07,0.21022586619688538,0.11255894312933183,0.08000323146047704,0.20237420280470592
2012-06-08,0.21158849449676287,0.10055822565768217,0.06962992623839458,0.19019729167668967
2012-06-11,0.21696852203149206,0.13214199138718646,0.0969601486582879,0.22262687852665866
2012-06-12,0.2626331634986486,0.18248502692366908,0.15043455673651576,0.27378888415215485
2012-06-13,0.18074085951592123,0.06825795449293993,0.04342204735544954,0.15765374506893656
2012-06-14,0.30444363274445313,0.23197385523375924,0.21328899578804536,0.325038233220627
2012-06-15,0.3386548782661865,0.2674234960558923,0.25438092726094974,0.3610721492265649
2012-06-18,0.33415758999539835,0.2591774714976958,0.24934804459065438,0.3526758307765457
2012-06-19,0.35350990818642924,0.2769217810638694,0.27406597637929403,0.37069577174771007
2012-06-20,0.2881350597267319,0.18856641791822557,0.182224732372673,0.2809323442765631
2012-06-21,0.21506505325004296,0.10431895983964004,0.08157305685450034,0.19442196227124292
2012-06-22,0.2604285662477664,0.1561104270788822,0.14847382728053077,0.24716532370149924
2012-06-25,0.24082991482671276,0.14820489791477207,0.14209019759133415,0.2390532886176327
2012-06-26,0.2243381370308847,0.12073078345952527,0.10949115505485572,0.21114485643601014
2012-06-27,0.20731726864982084,0.09010318893791042,0.07222805031575955,0.1800903794006862
2012-06-28,0.15835623880483835,0.03094903701176114,0.003390456568961357,0.11988470853845283
2012-06-29,0.22240882071603793,0.08708946401572026,0.07735871067843401,0.17665407978631023
2012-07-02,0.17270548056834628,0.016458094419645505,0.003933403427059463,0.10499671879381234
2012-07-03,0.2044078969705325,0.05285982421556146,0.03907037914815132,0.14205361703113795
2012-07-05,0.1798043841355037,0.023877766854628328,0.009835413544199713,0.11249368493534656
2012-07-06,0.0944490282550546,-0.08714727333218247,-0.1045677053949773,-0.0005996927333348245
2012-07-09,0.11968986193957605,-0.05121427038840213,-0.06393121721126022,0.0361004429882215
2012-07-10,0.1608578470220953,0.010827489108274814,0.007762400387306182,0.09977221491721847
2012-07-11,0.18018564324752387,0.035961381587323725,0.0378061396976676,0.1254235594593422
2012-07-12,0.14482760612547346,-0.008612794278091024,-0.010101423151332783,0.07996601858490407
2012-07-13,0.2458639401315171,0.12012662801303071,0.13795362788806637,0.2109092381049784
2012-07-16,0.21087253035786035,0.07163104837535078,0.08607101472270533,0.16152675816027862
2012-07-17,0.2757991780066658,0.15921935278988963,0.1790038351732831,0.2508887161913587
2012-07-18,0.23872253223507725,0.1003756848325137,0.1184701592508814,0.1912876039352033
2012-07-19,0.2525878845028204,0.11765931486130828,0.13969635918039175,0.20890244873805147
2012-07-20,0.15374125310981843,-0.01348893312847216,-0.004387406819634609,0.07539010782630672
2012-07-23,0.10690651216741613,-0.07781850401049425,-0.08191274296935094,0.009637205454113661
2012-07-24,0.09378567903580205,-0.09494308199722774,-0.10830157428077448,-0.007884168174301494
2012-07-25,0.11089052328775932,-0.07064567513270414,-0.08275966836946134,0.01690915160022701
2012-07-26,0.27096330859414275,0.15805847596228478,0.16330561148432177,0.25038643677696876
2012-07-27,0.3613077684217427,0.2804810840833443,0.3104265298122569,0.3775284151696259
2012-07-30,0.39100698772219283,0.319525646132207,0.3470638299699509,0.4125900600102703
2012-07-31,0.3790188435310106,0.299063872105879,0.33355827441740454,0.38974951426657733
2012-08-01,0.48979356010160596,0.4599431007939099,0.4861551446500688,0.5351014149118872
2012-08-02,0.43625357039529106,0.38584043070196045,0.4104969846210285,0.45720752472095444
2012-08-03,0.7430795128396193,0.7884878894806628,0.7679564619504143,0.8042098612429269
2012-08-06,0.7582582094799071,0.8064143763474185,0.7883128358914727,0.8230723724396058
2012-08-07,1.129934365499071,1.1615414721557162,1.031123133189249,1.0577599244539744
2012-08-08,0.9455957830025633,1.037823949079875,0.9019232873847041,0.9355047000753576
2012-08-09,1.1921436376880112,1.1741461303283833,1.0051984947644519,1.0336857307356124
2012-08-10,1.009505518167801,1.079812581240471,0.9342691336363423,0.9661117543155757
2012-08-13,0.9741772471040695,1.060730252806229,0.9180357349535028,0.9507655580221703
2012-08-14,0.8754396064551657,1.0143935709969298,0.8817581630429181,0.9162525862688702
2012-08-15,0.9248404494533183,1.0424121058111162,0.9086022014788985,0.9406241832366655
2012-08-16,0.9576601012132941,1.0942659498258054,0.9720832330897408,0.9914621843558866
2012-08-17,1.2151334744974336,1.2117640676264758,1.0902093022980035,1.1008454744319125
2012-08-20,1.3049640111971534,1.250037820397833,1.1327565828707051,1.1410789418812157
2012-08-21,1.285025021972007,1.222741198091084,1.1001201192630026,1.1146189832260627
2012-08-22,1.1358467295667547,1.1570405312177874,1.0310667509856684,1.0483344838809745
2012-08-23,1.0215637560878534,1.0537312677831596,0.9043029087877116,0.943008679252456
2012-08-24,1.136671439885056,1.1397943825646444,1.0081854887159976,1.0319398070657848
2012-08-27,1.0650304097619105,1.1121512114043353,0.9725329261073881,0.9982295247072277
2012-08-28,0.9210150249420923,1.0442283300241832,0.8859551720878964,0.9148850878800491
2012-08-29,0.9112305111778757,1.0476211266247761,0.8862397973036752,0.9159569309238756
2012-08-30,0.8488722961761768,0.9535561365140531,0.7924322026833994,0.8215078403381587
2012-08-31,0.9312248350832061,1.0273358866904154,0.8783730100229269,0.9041561211473261
2012-09-04,1.074337972009895,1.0715670067049692,0.960587366312799,0.9776257257717677
2012-09-05,1.1100231120795525,1.0744630696673383,0.9783866592188559,0.9904391784687837
2012-09-06,1.0741740930957586,1.2549189080637337,1.083528490051961,1.1530602991970287
2012-09-07,1.1533920050009117,1.322202914942039,1.1637227824601006,1.2278662350474876
2012-09-10,1.2793596557036344,1.3389611604604543,1.21492099190876,1.252864940843003
2012-09-11,1.259875553820927,1.3474991045925089,1.213257261215158,1.2594131989328419
2012-09-12,1.2293559075896492,1.3534600408332669,1.2091342380794778,1.264681741271464
2012-09-13,1.2361663542046093,1.448922294410424,1.2758759151347598,1.35648931927874
2012-09-14,1.171321188511416,1.4371089257947365,1.2511202329333777,1.3370809358134477
2012-09-17,1.1204741099131976,1.3880916280538855,1.2033927613508528,1.285089948970327
2012-09-18,1.1728674300101725,1.4167527904754427,1.237429587487663,1.3152405353967807
2012-09-19,1.1823245482997633,1.4257900873555325,1.246728537671261,1.3245973572684453
2012-09-20,1.3666288559743212,1.5422920273682794,1.3916513042058105,1.4586959148876644
2012-09-21,1.5757633946779748,1.6676580177915497,1.5665136632837633,1.6195615973851303
2012-09-24,1.533554178815428,1.6328334872240158,1.5285860552202482,1.5835143737067965
2012-09-25,1.3475374900632737,1.4451452037191381,1.3379826794752627,1.404721433867441
2012-09-26,1.2531235203929068,1.3575557925792496,1.237863389965845,1.3179077707798723
2012-09-27,1.4338889282058962,1.5100583593771073,1.3916330521747107,1.4628883880289243
2012-09-28,1.3622708020194039,1.4437281866552254,1.3206853737055384,1.3971218167784782
2012-10-01,1.5407842843397657,1.5570677466097205,1.4395077009893429,1.5081888267663073
2012-10-02,1.7417026385522554,1.668102961962856,1.5700392801308394,1.6288645583091932
2012-10-03,1.6496095284520795,1.6359176287068848,1.5336465874481218,1.5950747494466586
2012-10-04,1.5903101651421117,1.6402512986120001,1.5430278189293076,1.600604258097716
2012-10-05,1.4911057098440184,1.5854395070014802,1.4872409689464428,1.5490771426578323
2012-10-08,1.511993723774778,1.5692373721435509,1.4751590239261856,1.532935045416301
2012-10-09,1.2753761879134493,1.3511328934537536,1.2584101641850773,1.3199631196288995
2012-10-10,1.2288659443993124,1.28101675054218,1.1840542623423607,1.250388113527092
2012-10-11,1.1802855819242661,1.2599056334495629,1.161248845936027,1.2300279833891634
2012-10-12,1.1721671182610487,1.225966313691932,1.1381076540479782,1.1968746627090001
2012-10-15,1.1235451832003398,1.2690489456512113,1.15197418337652,1.2340524493428742
2012-10-16,1.3117883165054158,1.4364840349462036,1.3277957651960133,1.4144984130793608
2012-10-17,1.2279082963146672,1.425098566728996,1.2936335337355043,1.3895857226580721
2012-10-18,1.2894974280356446,1.4344964416969508,1.3193586903301042,1.4079330466496278
2012-10-19,1.1507817962725557,1.2336111372441738,1.134392653301747,1.2071324914256885
2012-10-22,1.041588462938465,1.1731435177641418,1.062589350863712,1.1413338410912581
2012-10-23,0.876936773630946,1.0081197339970533,0.9075903781677288,0.96989680289647
2012-10-24,0.9893622788509562,1.0542813490676064,0.9730058466269205,1.0260908190568168
2012-10-25,0.9456986365049558,1.0450096467942578,0.9483267984497924,1.00936905096744
2012-10-26,0.7436556265660411,0.9289494104695161,0.8091151677426652,0.881219365337828
2012-10-31,0.7451598969294084,0.9297000794379284,0.810155328315858,0.8821659338010005
2012-11-01,0.9801038719890794,1.1050856383348255,0.9821328586332954,1.0511872366656254
2012-11-02,1.1240663389117997,1.1355208229361637,1.0180705269966965,1.0807582877553692
2012-11-05,1.0360201573678327,1.0996835026257208,0.9776617503995114,1.0451289712154248
2012-11-06,0.9732055092843284,1.1038876712904566,0.9791791965199134,1.0545124895451599
2012-11-07,0.8511564953592495,0.9256461859082645,0.7931509262584596,0.8770687296624516
2012-11-08,0.728149784738137,0.8229528474627875,0.6685967137559693,0.7758787197731379
2012-11-09,0.6519521354952581,0.7844327827816888,0.6270476762825592,0.739235725435228
2012-11-12,0.9364668919316482,0.9293767095043406,0.7904431292875665,0.8894141013844908
2012-11-13,0.849803592175087,0.8773500606543524,0.7304840357675854,0.8311424827895356
2012-11-14,0.6309903703691249,0.7282802768024574,0.580725686958878,0.6856664803168881
2012-11-15,0.6862965264014518,0.7468441187052965,0.6022900264496303,0.7048103091686645
2012-11-16,0.6862642607870498,0.7650863881020132,0.615823720501877,0.722742941724014
2012-11-19,0.9319072531057591,0.9476816846072446,0.8047377139616211,0.9076214851036256
2012-11-20,1.0516692883622174,1.002375214689028,0.8736914706670567,0.9699785663620597
2012-11-21,1.0719655679606612,1.0172710630658104,0.8888170505822849,0.9853893033422633
2012-11-23,1.305541558937589,1.1612904601528633,1.0506872044850886,1.1383257126188044
2012-11-26,1.3185697790697386,1.1606807708324285,1.0535787513127566,1.1409083498688852
2012-11-27,1.4559053919919953,1.2042949733045605,1.1180579402943602,1.1974875084303636
2012-11-28,1.5240028858344001,1.2583522733341062,1.179989040686735,1.2531120962229354
2012-11-29,1.3820621256295658,1.18862173091133,1.1028269287977936,1.180954776492246
2012-11-30,1.3633840776896455,1.1805313167715685,1.0917674876806343,1.170805367036451
2012-12-03,1.0828391591483382,1.02046348281626,0.9085472667990708,1.0088638929715135
2012-12-04,1.0733614357931482,1.0119248916589318,0.897401077154152,1.0004401802782028
2012-12-05,1.0931743626471464,1.0260306914520056,0.9151720674575772,1.014193432169412
2012-12-06,1.0403770702128627,1.0119550917110183,0.9078921295092282,1.0022216526832082
2012-12-07,1.0604783403792877,1.0344531064622775,0.9350041402204881,1.024643689523552
2012-12-10,1.0360901930436457,1.0256675285611492,0.9243227434719217,1.0148215135586978
2012-12-11,1.2705062660133657,1.1607878577272996,1.0938594567097923,1.1631627253944543
2012-12-12,1.1553512301526019,1.104741132189239,1.02275548230516,1.0981388228638937
2012-12-13,1.2276894071179651,1.1053474264771774,1.0204834061715728,1.1024932424105673
2012-12-14,1.2743537928220798,1.1042370132616017,1.019458265473293,1.1032939274718525
2012-12-17,1.4475321960442398,1.248075636922368,1.1819140748731958,1.249578933897262
2012-12-18,1.5007137279524698,1.3280625940340134,1.2746854174613726,1.3280625940340152
2012-12-19,1.4290714350120677,1.2401945463777622,1.19685888798652,1.2401945463777637
2012-12-20,1.560709806588484,1.336546748506857,1.299351225685664,1.336546748506859
2012-12-21,1.2898320141707398,1.138548518499214,1.0736591546585514,1.1385485184992155
2012-12-24,1.2497669209110753,1.100308818284649,1.0361615340145167,1.1003088182846503
2012-12-26,1.148551606948747,1.026228870761907,0.9641941227052,1.026228870761908
2012-12-27,1.0699201099639808,0.9791461989796585,0.9122570502881533,0.9791461989796598
2012-12-28,0.9737740404646749,0.8580448305391482,0.809545933070169,0.8580448305391493
2012-12-31,1.2077126839453534,1.0617771820955246,1.0224177349078545,1.061777182095526
2013-01-02,1.305095341709554,1.2015807217161905,1.1495926429456849,1.2015807217161918
2013-01-03,1.3266283167036046,1.2108492070898234,1.1607540979228772,1.210849207089825
2013-01-04,1.2462781422366014,1.1666094069843747,1.1005980193996714,1.166609406984376
2013-01-07,1.2123594606559338,1.1418851156793213,1.076609935504251,1.1418851156793224
2013-01-08,1.1689216285242074,1.1112222158818714,1.0452527308918773,1.1112222158818728
2013-01-09,1.209022604574738,1.13909423195216,1.076263837923533,1.1390942319521615
2013-01-10,1.2499161900596614,1.176257962731984,1.1118689465668536,1.1762579627319854
2013-01-11,1.1845397031870772,1.132539499671552,1.0548690510696577,1.1325394996715534
2013-01-14,1.1749614188926474,1.1253812609972413,1.0460309399453798,1.1253812609972424
2013-01-15,1.1617001477117956,1.116099092012759,1.0339389815236055,1.1160990920127603
2013-01-16,1.2022674924807915,1.14659740356835,1.0741420399729635,1.1465974035683515
2013-01-17,1.2214129374381988,1.1647966622126498,1.0971106003582507,1.1647966622126513
2013-01-18,1.1567898560188232,1.1146852606257116,1.0292714340017803,1.114685260625713
2013-01-22,1.1576641315576202,1.1203088364898641,1.0325921287128978,1.1203088364898657
2013-01-23,1.1414569913557693,1.107718121815027,1.0181264202794977,1.1077181218150285
2013-01-24,1.1640801062338029,1.1325762824285335,1.042994510811836,1.1325762824285346
2013-01-25,1.2160496481747092,1.1833810709173505,1.1097321557753392,1.183381070917352
2013-01-28,1.1435121584185637,1.1044448304235142,1.0223532128121913,1.104444830423515
2013-01-29,1.2153406249349052,1.1802150221032663,1.1154044371527483,1.180215022103268
2013-01-30,1.1874469297950636,1.1503200267726958,1.0747171943436116,1.1503200267726974
2013-01-31,1.1951429632783523,1.1620655513016893,1.0788035360159665,1.1620655513016909
2013-02-01,1.2747284684367333,1.2945123960647973,1.1899398341065175,1.2945123960647988
2013-02-04,1.1156979660919781,1.040770675699041,0.9704861138314924,1.040770675699042
2013-02-05,1.1784851172973183,1.1323961214580547,1.048055546540904,1.132396121458056
2013-02-06,1.0817831384958712,0.9879308951189394,0.9279977978714188,0.9879308951189406
2013-02-07,1.0766042970481537,0.9798205306267133,0.9241568393301194,0.9798205306267145
2013-02-08,1.0995203718326714,1.0138287501448182,0.9498091511531013,1.0138287501448195
2013-02-11,1.075006326827771,0.9804910063664593,0.9222939024173733,0.9804910063664605
2013-02-12,1.078024111826612,0.9855303126242636,0.9257679144958953,0.9855303126242649
2013-02-13,1.144855682228863,1.081095768321495,1.0085024959793165,1.0810957683214966
2013-02-14,1.0955955692505703,1.0188014269578727,0.9448468960250237,1.018801426957874
2013-02-15,1.0961813035972807,1.018108044561383,0.9441929063813251,1.0181080445613842
2013-02-19,1.1905870704643318,1.1527006276712044,1.068909102718302,1.152700627671206
2013-02-20,1.0041650564236768,0.8875750161881579,0.8132801484505476,0.8875750161881589
2013-02-21,0.9347155284469976,0.800309228338036,0.7207291170844456,0.800309228338037
2013-02-22,1.0046095089167157,0.8841321242151985,0.7964444308311085,0.8841321242151995
2013-02-25,0.8702808157436729,0.7358208251720927,0.6562387763193595,0.7358208251720936
2013-02-26,0.8882700434620746,0.741885301353047,0.6683361722301335,0.741885301353048
2013-02-27,0.9636807458869265,0.8057881768941185,0.7201849803189134,0.8057881768941195
2013-02-28,0.9355349821276777,0.7748166437446674,0.6911195072247022,0.7748166437446683
2013-03-01,0.9383947913314051,0.7662620333725572,0.6811393937356601,0.766262033372558
2013-03-04,1.0091289630634772,0.8455151821205162,0.7585307513853605,0.8455151821205172
2013-03-05,1.0363694586456076,0.8522285514803659,0.7628387002249347,0.8522285514803669
2013-03-06,1.0705277448545913,0.8961408241953391,0.8067111901178396,0.8961408241953401
2013-03-07,1.1163182176106439,0.9545070446859977,0.8654052376953284,0.9545070446859987
2013-03-08,1.2700616118999561,1.190578787569093,1.0746050183036062,1.1905787875690945
2013-03-11,1.2467894118976468,1.1519085685993518,1.0323698773937517,1.151908568599353
2013-03-12,1.1557826286551327,1.042752819503901,0.9363513352536189,1.0427528195039022
2013-03-13,1.1371962983061163,1.018574534384999,0.9182901984253765,1.0185745343850003
2013-03-14,1.1769318712258927,1.0578417574511192,0.9672698590790721,1.0578417574511205
2013-03-15,1.0378594482880075,0.8890102008753187,0.8150722768993792,0.8890102008753197
2013-03-18,1.0020138039542452,0.8546780175812264,0.7667373850680866,0.8546780175812273
2013-03-19,0.9394826028446295,0.7894725543867667,0.702641553686978,0.7894725543867677
2013-03-20,0.9817364424632314,0.8298991462174271,0.7620754222315029,0.8298991462174281
2013-03-21,0.8825835170693946,0.7226227251831753,0.6394926946118569,0.7226227251831763
2013-03-22,0.9660791939541189,0.8116553124973457,0.7425010604788058,0.8116553124973468
2013-03-25,0.9458212227210488,0.7915654296507318,0.717385923782366,0.791565429650733
2013-03-26,1.0638457306999225,0.9399665868912375,0.8526259608147763,0.9399665868912386
2013-03-27,1.0390292822645129,0.9128364219655436,0.8230685446704932,0.9128364219655446
2013-03-28,0.9597572116411394,0.8361351930901807,0.7319378904388011,0.8361351930901817
2013-04-01,0.9529080802906137,0.8120197532519913,0.7231647502597705,0.8120197532519924
2013-04-02,1.0303744798921852,0.9075194179019004,0.8110690292218506,0.9075194179019015
2013-04-03,0.9610148759606573,0.7957005471272768,0.7194047907014076,0.7957005471272777
2013-04-04,0.9604316455313462,0.8077517947391015,0.7256593884818953,0.8077517947391025
2013-04-05,0.8693551548385502,0.7030543495010622,0.6226138214056008,0.7030543495010632
2013-04-08,0.953159449114839,0.8044933433668597,0.7212261977172687,0.8044933433668611
2013-04-09,1.060683328374887,0.9316843433792706,0.8468899668973268,0.9316843433792719
2013-04-10,1.1548298079271269,1.0540598895204185,0.9587085492633021,1.0540598895204196
2013-04-11,1.2731840880889673,1.1866123767566819,1.088846666385052,1.1866123767566832
2013-04-12,1.3989436483389481,1.3103765373135425,1.2321568261074665,1.3103765373135443
2013-04-15,1.132572790809714,1.0061559677897258,0.9382972973955264,1.0061559677897272
2013-04-16,1.1440142916500853,1.0068460042276555,0.985436525091344,1.0068460042276568
2013-04-17,1.1200852793162637,0.9956874776471593,0.9785687145808453,0.9956874776471606
2013-04-18,1.075282811804304,0.9615852404766095,0.9477084331527195,0.9691035122459492
2013-04-19,1.0328262763201022,0.9160095920364436,0.9075497538260419,0.9116598733713833
2013-04-22,1.0933046325872318,0.9644934981977482,0.9535649035329845,0.9550471752231656
2013-04-23,1.2209093771711677,1.067755316558896,1.0499372078879032,1.048100160390349
2013-04-24,1.212951681022729,1.0610667097169666,1.0431867104317087,1.0410298969515464
2013-04-25,1.3122847314406616,1.1413400558886713,1.1252154024944072,1.1189049314250556
2013-04-26,1.2693546380804188,1.1067570769616468,1.0869451598960367,1.0846235102133037
2013-04-29,1.220577665729589,1.0587306957909297,1.0422828103908302,1.0375590226768394
2013-04-30,1.1864334940209493,1.0302012703733012,1.009616406512815,1.0103634851852326
2013-05-01,1.1021902838491167,0.9645086317950824,0.9282447267802634,0.9375986981965369
2013-05-02,1.200736412743168,1.0435012105363273,1.0276260557279675,1.0264455288948648
2013-05-03,1.2287159452332457,1.0647456642676079,1.0575313497626169,1.0562094179913535
2013-05-06,1.2718482725383113,1.0988593395344444,1.1005921710024078,1.0924586969343706
2013-05-07,1.372315585857121,1.1785958769579077,1.2017621980145778,1.1752610477520853
2013-05-08,1.5467128217169697,1.3170862317203387,1.3882112886657225,1.318399751769224
2013-05-09,1.5183619920267568,1.2948213537319901,1.3581739396081738,1.292757115122669
2013-05-10,1.5759826824688417,1.3400963710606972,1.4132379235249375,1.3427685186444416
2013-05-13,1.631006945113057,1.3863742566643862,1.4642421610523362,1.3904462503007202
2013-05-14,1.6908187555817809,1.451472659046383,1.5396167428228704,1.4580552730683825
2013-05-15,1.7560664239048263,1.5184809622686155,1.6143971795042993,1.5266123108464176
2013-05-16,1.8124504761827944,1.5581748036611427,1.6669617313137537,1.5795133014431937
2013-05-17,1.9312068390796784,1.6993517818583879,1.800903015101262,1.6984545763018803
2013-05-20,1.9620670534161082,1.7316230403568194,1.8305201998755039,1.7307939764862037
2013-05-21,2.1069533640290175,1.8866303181748139,1.9734729871235785,1.8861491666402554
2013-05-22,2.1174198967386357,1.8666401149777432,1.9738740488689885,1.8661123345687134
2013-05-23,1.9748822163635693,1.717997246513513,1.8395079604883864,1.7171808303357083
2013-05-24,1.954105290143125,1.6975209331112102,1.81960478593054,1.6966609613233887
2013-05-28,1.9958622620626754,1.7522385746778124,1.8713771102959718,1.7514896729852887
2013-05-29,1.925048247617301,1.6665379974546741,1.788572990606006,1.6656015119106358
2013-05-30,1.9807683963223832,1.7271587765190042,1.8479840000459322,1.7263495251839271
2013-05-31,1.7639990269972197,1.4677404949585693,1.6083612805030725,1.4663710491430746
2013-06-03,1.936606324137588,1.6272897359095513,1.7863709092035027,1.6262615276858723
2013-06-04,1.9143394551806754,1.5953387771166263,1.764137729447835,1.5942414960570899
2013-06-05,2.036045757047891,1.6521178139420667,1.8281755407330462,1.6511570693837851
2013-06-06,2.108443057146075,1.7260193058094775,1.9016517327145968,1.7252073895531412
2013-06-07,2.143120148057915,1.774317868982486,1.9475748185749122,1.7735956064222367
2013-06-10,1.9936338502198954,1.6544880319591366,1.8409619161851951,1.653537741494391
2013-06-11,1.8959191222536522,1.5674301222139009,1.7623562541154079,1.5662874858258289
2013-06-12,1.7618803574268995,1.4643617844807648,1.661164428093548,1.4629994755883922
2013-06-13,1.9873534629076903,1.6357290815303118,1.8285650930133017,1.6347187396691119
2013-06-14,1.847064302780113,1.5368269066391103,1.7229624357371838,1.5356107452253873
2013-06-17,1.962331107499168,1.6192968977723103,1.8059394707632779,1.618251829193227
2013-06-18,1.9434546955997072,1.6207818163904972,1.800143566308294,1.6197396573395286
2013-06-19,1.7394886923867436,1.4741860983432789,1.6417774318456309,1.4728316074190817
2013-06-20,1.4877571630345472,1.2917557132405157,1.434226718607341,1.2900106540759544
2013-06-21,1.4401162401664507,1.2618661217604175,1.399461056457331,1.260522776413152
2013-06-24,1.3444157935379146,1.1997664468795917,1.3475359386930124,1.2141131092153594
2013-06-25,1.6239203611009272,1.375165914780572,1.556185359690958,1.3839185768345579
2013-06-26,1.639587361887254,1.3890736527030552,1.5534722581363594,1.3918547064782676
2013-06-27,1.831975388020123,1.4971442472180856,1.6744435815633492,1.49836616738078
2013-06-28,1.7577292361416486,1.4542217919937832,1.624214520536237,1.455975022443402
2013-07-01,1.7347169336236028,1.4443173874657802,1.6128122941538254,1.4457950504243406
2013-07-02,1.7509415160455792,1.4529170468314425,1.623025060251411,1.454168691447306
2013-07-03,1.584825047880737,1.3493125890795632,1.4992784535492552,1.350464983008301
2013-07-05,1.643331158325251,1.3912635207844226,1.5524752850951011,1.3997106882005976
2013-07-08,1.6365885710710664,1.3900206360561853,1.562451778192244,1.4050192981131084
2013-07-09,1.7322004089528178,1.45171495265915,1.6374262692223107,1.4725729160009633
2013-07-10,1.8205065869457246,1.5058839866705367,1.6966011153537999,1.527373548134699
2013-07-11,1.9324587881284372,1.5852652445700015,1.8005867381262233,1.620640397873366
2013-07-12,2.0143172986025,1.6345208666425588,1.8593970282666084,1.6707425959688775
2013-07-15,2.0440212435216427,1.655965294590035,1.8861543831280483,1.6945396670262511
2013-07-16,2.053936156857447,1.6597688738890493,1.8879740384179233,1.6945097272976282
2013-07-17,1.954146617654972,1.5910132720291716,1.804778486048385,1.629112799846569
2013-07-18,2.0185524383823386,1.6362823878803874,1.8679694678683083,1.6822453034253366
2013-07-19,1.978745548207237,1.6122530764511938,1.8419894556140455,1.6608019888142267
2013-07-22,1.9362675162133542,1.592621331869709,1.811898178699778,1.63867357772696
2013-07-23,1.896317082438814,1.5580672019848085,1.7721380586265605,1.605949606530085
2013-07-24,1.947815809318229,1.564702548135823,1.8038738758318542,1.612610895266548
2013-07-25,2.0618581318010163,1.6567095726127687,1.914699870110897,1.7048610950805327
2013-07-26,2.15022842495331,1.7229122309418294,1.9956846823115606,1.7712494122655598
2013-07-29,2.12118962907737,1.6819861013357589,1.9581337374028427,1.7302091879481598
2013-07-30,2.000338179287205,1.5871864761369456,1.8531484857003317,1.635490310731963
2013-07-31,1.8718700894267932,1.495381261590391,1.7374991002916442,1.5438088132665744
2013-08-01,1.9624093003475374,1.6266763505846475,1.8608787296902731,1.6748128491552008
2013-08-02,2.041601063842552,1.6937614620937704,1.9248426651963857,1.7420662164191465
2013-08-05,2.036339327180819,1.6804967387750405,1.9151660949474107,1.7287684900397884
2013-08-06,2.0482235336249635,1.65062903444512,1.8977034923010982,1.6987667782885238
2013-08-07,1.8753117130555566,1.4955649626104979,1.7392243877557172,1.5437639123451892
2013-08-08,1.8897861107445193,1.526733606800183,1.7634455010631054,1.5749453838619332
2013-08-09,1.8215364957900038,1.4563945196189028,1.7019377908879312,1.5044620087158442
2013-08-12,1.800511213090457,1.4324877223036343,1.6808388069633742,1.4805075458451338
2013-08-13,1.818411848088621,1.4668090719897784,1.707539268884066,1.5148504811437375
2013-08-14,1.757300933696821,1.382329864736091,1.6327252555999938,1.4301035144596241
2013-08-15,1.6262051162813904,1.1708710649476681,1.4484362550537944,1.2174212165324156
2013-08-16,1.5955880917129843,1.131449693067481,1.4090410958381767,1.1779052204269898
2013-08-19,1.5278972946631697,1.0482310357143447,1.3440315952977162,1.094437195919493
2013-08-20,1.508397142168048,1.0536360991854885,1.3207682472847142,1.0998364514191221
2013-08-21,1.4414170913809317,0.9764234459736688,1.2531655623308402,1.0224099270919313
2013-08-22,1.5146385440790682,1.0665764469358614,1.3288410753864752,1.1124834583348109
2013-08-23,1.5696780327957167,1.1209733003111906,1.3887222493579725,1.166948161127739
2013-08-26,1.5330968802504121,1.081290572564106,1.3518762801199102,1.1271764436699134
2013-08-27,1.4538159756592117,0.9789993650413693,1.2857760659320985,1.0242773156536469
2013-08-28,1.4338514310452315,0.9610966650257142,1.2537972977439138,1.0063820745489902
2013-08-29,1.4454653748290338,0.9718174143298607,1.2627566889351844,1.017114194127645
2013-08-30,1.4263275947633964,0.9524217070534517,1.2485870119567597,0.9976749769162938
2013-09-03,1.4572111801640761,0.9845923943231262,1.2756428628866436,1.0298543694397415
2013-09-04,1.5886917719985993,1.1275920099926149,1.4231932216730032,1.1730581247796699
2013-09-05,1.559995269068224,1.0926692152578228,1.3825253719525705,1.138131095504798
2013-09-06,1.5720440740318045,1.1088861028319739,1.3961999317500717,1.1543749301186073
2013-09-09,1.6556463575335463,1.19672351444386,1.4863371536159058,1.2421988204026848
2013-09-10,1.5667252320900096,1.0255889252848598,1.3679183204405023,1.0724050256849125
2013-09-11,1.5605128062472726,1.0124111109659188,1.3528438224383754,1.0592278683140162
2013-09-12,1.58826943688135,1.0488510275628833,1.3708414861253546,1.0957873015457502
2013-09-13,1.5837758877916512,1.040565232464672,1.3708420868462328,1.087497881187319
2013-09-16,1.6036057829393362,1.0603399550469679,1.3999112368084317,1.107261409203076
2013-09-17,1.5231079391875237,0.9663559866330096,1.328733785360948,1.0135918348441386
2013-09-18,1.5781669839304246,1.0326069785422236,1.4007258816292203,1.0796924686084877
2013-09-19,1.593656969306481,1.0471476441088947,1.4085439224356464,1.0942703858312037
2013-09-20,1.537088899030723,0.9868315618218049,1.3475808963827056,1.0337630706887335
2013-09-23,1.4910454825391106,0.9393751954995716,1.2972290443446084,0.9861950140794757
2013-09-24,1.4697766935104233,0.9177059529565845,1.274559486576171,0.9644838254711567
2013-09-25,1.4479469450646965,0.8951397690466876,1.2509234607396884,0.9418695162231414
2013-09-26,1.4934558361195633,0.9515741795657076,1.3020718604188746,0.998345256868159
2013-09-27,1.551446490735076,0.9994952547899406,1.3717032295727953,1.0464962704617728
2013-09-30,1.554185172259056,0.9873892503262494,1.3765669496380015,1.0343432571274727
2013-10-01,1.5427109628986893,0.9946114792578834,1.3736529710426186,1.0415463662702245
2013-10-02,1.5760463713993746,1.0218880656793516,1.4072089294902244,1.0688934258662668
2013-10-03,1.468350701793799,0.8969812766332342,1.2886018527066303,0.9435788540405861
2013-10-04,1.521579051275201,0.9599172078273546,1.352636800761651,1.0064791379178801
2013-10-07,1.4083426737465192,0.8430077747377616,1.2326230214138187,0.8892705352359401
2013-10-08,1.2422774813284392,0.6737050094325248,1.0542275774685534,0.7195383713151794
2013-10-09,1.247874607938557,0.6794430453808606,1.0596403768213167,0.7252828410726816
2013-10-10,1.4371639812726427,0.8880300631091961,1.2393071565236937,0.9333471109087911
2013-10-11,1.5788289246292169,1.033924061379817,1.3974860809222571,1.0796210409240603
2013-10-14,1.6685952961326243,1.1209306389604112,1.4910335237939372,1.166817505632801
2013-10-15,1.5989008039358197,1.064208535944012,1.4381409943737269,1.109952617777223
2013-10-16,1.7335473281757499,1.1898087059012303,1.5553432927494673,1.2355642000062572
2013-10-17,1.721219373309396,1.145961799363008,1.5261199730790438,1.1918007560956327
2013-10-18,1.6962358618894477,1.0913165890714642,1.477644041146784,1.1372782075763432
2013-10-21,1.6595941260641092,1.049970463785767,1.4370338702029417,1.0959131074550748
2013-10-22,1.7290011142334576,1.112556436603558,1.4996342585440254,1.1585708776324084
2013-10-23,1.8478534807513645,1.2503915929379263,1.633898976151191,1.2971722373204833
2013-10-24,1.8743712057060125,1.2714007410876993,1.6583801540034446,1.318203572900563
2013-10-25,2.04650490812933,1.4218568138773704,1.80319202811563,1.469186568049909
2013-10-28,2.085265582811568,1.455029679409322,1.8390848215599214,1.5024257302504784
2013-10-29,2.1047103539582808,1.4693224859146015,1.8658180986888684,1.5167220430760238
2013-10-30,2.064602675857382,1.4375525319267919,1.8201933617880026,1.4848669921002646
2013-10-31,2.0394233170901943,1.4173705207595528,1.7917893539314482,1.4646406086044719
2013-11-01,1.977427804557733,1.3533239024630344,1.735669976221662,1.400655702513587
2013-11-04,2.0906068900976664,1.4521262194238462,1.8533249676475065,1.4997289921426487
2013-11-05,2.0447177572176316,1.4111111693101364,1.802051475412187,1.4586331602227858
2013-11-06,2.0238078842553855,1.3950782169157148,1.7961795080590373,1.4426164298167508
2013-11-07,2.141673607540692,1.4717791142858232,1.8665073393777247,1.5198938972254403
2013-11-08,2.365028182052832,1.6695782729582709,2.109133829842798,1.717811129937355
2013-11-11,2.3588697565818504,1.665563141181595,2.105554559477737,1.7137890574256496
2013-11-12,2.3334240912021307,1.6422672136705918,2.0848053408162017,1.6904418625408661
2013-11-13,2.4306822991363903,1.734201893188563,2.169101697137171,1.782431818201355
2013-11-14,2.6120787315048686,1.8753626959778162,2.311239592553824,1.9239951309603847
2013-11-15,2.664748363726673,1.928498406703754,2.3601294198460616,1.977194936361694
2013-11-18,2.590148216744108,1.858942293894161,2.2958387134733433,1.9074928711808972
2013-11-19,2.4283419550044254,1.7170141055979236,2.155230134716858,1.7657198664507108
2013-11-20,2.3950853126292886,1.6816744900241964,2.1202955996834434,1.7302867992753135
2013-11-21,2.4451783045045707,1.747600930164595,2.1839714920536735,1.7961762295045798
2013-11-22,2.382722727053715,1.7184260063287506,2.1526512337356714,1.7670506904760075
2013-11-25,2.3933273297417914,1.721447242168107,2.1577606593692202,1.7700794668433761
2013-11-26,2.4449961382181726,1.7561386347715144,2.1961325194724015,1.804862369467349
2013-11-27,2.399642584020113,1.733566032183529,2.1676563986271824,1.7822884462746278
2013-11-29,2.35310756162409,1.6995974954917215,2.126702558878391,1.7482712303190688
2013-12-02,2.32683486920912,1.6704479833910317,2.093814171717556,1.7190472303602664
2013-12-03,2.332893676859248,1.6547319614204572,2.0798656344629243,1.7032739764866998
2013-12-04,2.344970202513274,1.6624049839911021,2.090710561671634,1.7109635224772424
2013-12-05,2.287188093009111,1.6045958550410977,2.020523165320576,1.652997478984093
2013-12-06,2.347133928494968,1.6866296301847816,2.1079902352831734,1.7348855869771704
2013-12-09,2.3429776260971162,1.6913893985255857,2.108902160425714,1.7396483179970015
2013-12-10,2.3054079625123247,1.639936792370574,2.06722467488614,1.688046656421113
2013-12-11,2.134962262610839,1.4309559827306055,1.8695841366018287,1.478287049345158
2013-12-12,2.099952339625672,1.3908014818441186,1.8283218775979035,1.4380339254032775
2013-12-13,2.157453429031637,1.4415137179344104,1.8965162330773635,1.488893829001525
2013-12-16,2.2449307209877976,1.5441409196968632,1.9937787666677909,1.5916071411772956
2013-12-17,2.1214965513792237,1.4102247651250284,1.8520748037322001,1.4576876713461877
2013-12-18,2.1605199766048937,1.487079012318788,1.8873324024958076,1.534019902316534
2013-12-19,2.221947468778806,1.5551585560163514,1.9491022013612744,1.6023481707447642
2013-12-20,2.2224609312118595,1.5542055125347178,1.9449992011888095,1.601396045895247
2013-12-23,2.3581743238195143,1.6920236487295788,2.0693731772976536,1.73957888399987
2013-12-24,2.4065446947652482,1.7421989797074329,2.1153069703258307,1.7898598539068824
2013-12-26,2.4903720491959014,1.8290399452133386,2.194248479157059,1.8768537139109052
2013-12-27,2.5022843951832354,1.84156692510619,2.205516112500004,1.8894091783151485
2013-12-30,2.6122733847933572,1.9599509365749528,2.3115778272601655,2.0083155620585087
2013-12-31,2.5276566859924143,1.8671153666592581,2.2252677322710386,1.9158539076816457
2014-01-02,2.25651377073576,1.6004975648991668,1.940150327993721,1.6495279999104515
2014-01-03,2.2767243833038124,1.6139623767906222,1.9548464946811153,1.663023965844862
2014-01-06,2.209304879267398,1.5594696785131923,1.902540524127226,1.6084307881357311
2014-01-07,2.2896610066248626,1.6305267211322352,1.9779640180286564,1.6795553986367469
2014-01-08,2.319624744108446,1.651497421609959,1.9985758290241737,1.7005751228855652
2014-01-09,2.302477195702705,1.6415930459565005,1.9887865557220807,1.690657162871784
2014-01-10,2.2589174720432856,1.6185082012308947,1.9649136152443143,1.6675746740509585
2014-01-13,2.117455516818663,1.456468210120828,1.7890103982270795,1.5047084184581654
2014-01-14,2.2140149967479665,1.5537887658188463,1.9073616010254977,1.6019608085675392
2014-01-15,2.254996599018892,1.5948994817380904,1.947440515960231,1.6430941002627255
2014-01-16,2.2440203655879736,1.5842187780924184,1.9376307055162223,1.6323903719542805
2014-01-17,2.147063024891822,1.5039112957256904,1.8437618911195115,1.5519461026076862
2014-01-21,2.153310021765901,1.5185455808947692,1.848838198428935,1.5665901866134442
2014-01-22,2.111995058547072,1.4884343446971684,1.8049281801502934,1.5364581482464836
2014-01-23,2.015414269072116,1.3852320977926902,1.702339263745389,1.4328954502091522
2014-01-24,1.7804998449539877,1.140223095453891,1.4429591211687036,1.1863974323937936
2014-01-27,1.6860957631627413,1.0625928363878705,1.3391340316853861,1.1086566451578068
2014-01-28,1.7479952390632678,1.1156111881589421,1.388059345913389,1.1617086470360418
2014-01-29,1.621038985475157,1.012840865136091,1.2814865564864564,1.0586861306729405
2014-01-30,1.7440692046098891,1.1180921731176119,1.3952596434331257,1.1639831763105386
2014-01-31,1.7117363178868883,1.0989450220651726,1.3837441327612958,1.1519473371071287
2014-02-03,1.3959848312910772,0.8015624080665124,1.1113805979656188,0.8875962705705289
2014-02-04,1.5604828190310176,1.002704378172312,1.2974820333183594,1.0901804482711033
2014-02-05,1.4668704226477107,0.8847812839503694,1.1959993893863052,0.9738725267237925
2014-02-06,1.565627085951281,0.9529969444312528,1.2597897342575304,1.0271290866879337
2014-02-07,1.6757718642762027,1.0351390155831188,1.3412255930111716,1.1039342017230984
2014-02-10,1.645057204839779,0.9854627934492394,1.3051631953738383,1.0533709633287156
2014-02-11,1.7342214720278657,1.044770101252494,1.3680884073050692,1.109155830129315
2014-02-12,1.7243524706462705,1.0289693962834845,1.3559436709853714,1.0932177835107793
2014-02-13,1.7600779295441082,1.0477649523769943,1.3793851284244718,1.1111398900392184
2014-02-14,1.7980344523490195,1.0677581519286417,1.4063382671408424,1.1323500456998987
2014-02-18,1.818732199179477,1.0880333598106096,1.4277813771486723,1.153479992042769
2014-02-19,1.6967546748907172,0.9668605849483554,1.2966126859595164,1.0256561281793695
2014-02-20,1.8656324081150604,1.1515492119573618,1.5044165796541513,1.2200930181741345
2014-02-21,1.911644503980856,1.2067962103154741,1.5663714171046699,1.2742837752562646
2014-02-24,1.8793634422302572,1.1504544332985394,1.5314337023185545,1.2260315754622944
2014-02-25,2.074462842660834,1.3404568277789364,1.721609956543468,1.4184526956652688
2014-02-26,2.0175270065760103,1.2908105535187413,1.6662527050475253,1.3685760235128057
2014-02-27,1.962204824174576,1.2382533698649285,1.6400579861136622,1.323957936768876
2014-02-28,2.0025369195449816,1.2703302922839914,1.679362563777751,1.3605600495010945
2014-03-03,1.906540946298145,1.1933020861335144,1.579237815029565,1.2703038177152823
2014-03-04,1.9713044886851974,1.2527145334183378,1.676940406524506,1.3543585710351003
2014-03-05,1.9056618630538644,1.1993890852458522,1.6233481100667728,1.3010280218970853
2014-03-06,1.9136992792583758,1.2114178988390103,1.6318503036834788,1.3130849874491124
2014-03-07,1.9015399834413753,1.201632080090517,1.6216895233057487,1.3032686948802945
2014-03-10,1.8600759412610117,1.1633028878510918,1.5822250696059168,1.2648398645671897
2014-03-11,1.7813015895702509,1.0744516226282357,1.4982295758501532,1.1755070846692155
2014-03-12,1.8040639486300891,1.095163616080713,1.5220150386810303,1.1963158942397745
2014-03-13,1.6827976842914065,0.9392099816122326,1.3825031897779356,1.038828065008454
2014-03-14,1.6121605603152975,0.8697099102017826,1.3008471186993424,0.96911727936053
2014-03-17,1.6984585123514093,0.9690644256974863,1.3910653068915104,1.068398389002799
2014-03-18,1.8090097469373778,1.0801734144933304,1.5147440731912645,1.1797609797794337
2014-03-19,1.7807227263899215,1.0448186665520551,1.4909623706508934,1.1441525833660533
2014-03-20,1.7716449408513608,1.0487545406155796,1.4717943453058093,1.1480801226202784
2014-03-21,1.8172554187486152,1.0827014140243645,1.5354145992606403,1.1823325107110245
2014-03-24,1.7126988063614226,0.9801171508905516,1.4161417109510133,1.0794881235872626
2014-03-25,1.7915485042075923,1.0592449406025255,1.5012768802960785,1.158865427756563
2014-03-26,1.6575401212803247,0.9064318355828984,1.356903657043277,1.0056131554026788
2014-03-27,1.638557666419913,0.8869604595506881,1.335599584318435,0.9860525289140883
2014-03-28,1.6540047676154248,0.8961166860594864,1.3526861187584012,0.9952023958876282
2014-03-31,1.758048991128392,1.0166443306084934,1.4689073024749097,1.1160032871447536
2014-04-01,1.771667849327096,1.019916857277775,1.4837069010070567,1.1192673608139554
2014-04-02,1.8983940031534057,1.1796366431341534,1.6301270124496643,1.2802647519395642
2014-04-03,1.8515883420723354,1.1227610953780973,1.5754857079600235,1.2232563641270857
2014-04-04,1.777511078055319,1.044295063435164,1.4862303834104795,1.1438652087831525
2014-04-07,1.6149252233819054,0.8699391497667518,1.298939473363202,0.968608276114703
2014-04-08,1.620457299058629,0.8693008082855385,1.3013982343065347,0.9679699954360605
2014-04-09,1.6095017865482828,0.8374254995390785,1.2729092253616805,0.9363642947299575
2014-04-10,1.3714857878699935,0.6293966257290933,1.0500159468110246,0.7262762105250318
2014-04-11,1.310974684850678,0.5895780137904273,0.9986238388860877,0.6861697208473446
2014-04-14,1.60953611172761,0.8785311478926954,1.2817388172239499,0.9655652752101629
2014-04-15,1.550976226470122,0.8253668847313728,1.1930662587441963,0.9014899600702294
2014-04-16,1.7811632088706908,0.9973547468087897,1.3497681931488008,1.0602277185173443
2014-04-17,1.852298685473572,1.0464520980953413,1.3964580030243483,1.1004612364101676
2014-04-21,1.8104877976166767,1.017090479272578,1.3728570221371879,1.0796826137626871
2014-04-22,1.811369924828934,1.0200606678619974,1.3792146488010941,1.0852626695203569
2014-04-23,1.705312911187386,0.9410949462658761,1.301438416890954,1.0172273644929501
2014-04-24,1.7175463057600404,0.950895432253036,1.3134341545374644,1.0276647602663753
2014-04-25,1.6042440748552709,0.8669322085613126,1.2147402686483166,0.9428386344297086
2014-04-28,1.6478706419976272,0.8992888291736424,1.2550864145597649,0.9779374488416762
2014-04-29,1.6311784016467208,0.8893921172685401,1.2457263500550153,0.969667650569584
2014-04-30,1.6362994019124184,0.8950208755962688,1.2535843539270974,0.9765453101782855
2014-05-01,1.7213504990544215,0.9524564972835307,1.3298200939828038,1.0416993641906231
2014-05-02,1.630857568752328,0.8852248449626192,1.2392079179863993,0.9621138000278896
2014-05-05,1.5634194909511294,0.8373942472005825,1.1791862284994068,0.909021915031561
2014-05-06,1.4576425747892838,0.7547272692367964,1.058922843489519,0.8062260968358074
2014-05-07,1.464450939227247,0.7678061491671534,1.083500406453167,0.8279637386019736
2014-05-08,1.4152362247557293,0.7319053134440435,1.0353060730697279,0.7859675618900038
2014-05-09,1.454287773929639,0.7618472328073399,1.0752817167918238,0.8205671026168758
2014-05-12,1.507200060388022,0.8428001052433883,1.142407310780355,0.8802969779352126
2014-05-13,1.5080901730778073,0.8480094869329734,1.144708446532578,0.8823001039574015
2014-05-14,1.3780155765715796,0.7080661086141701,0.99959509646244,0.7551548702659538
2014-05-15,1.2483404787664596,0.5555578758564982,0.8483789305418535,0.5997977960608787
2014-05-16,1.3219486890379966,0.6470681596262484,0.9293117539581143,0.679003959827782
2014-05-19,1.272544705512972,0.5855763548964099,0.8739327552697554,0.6423989525479787
2014-05-20,1.2143977114864724,0.5113728336816507,0.8102838481059814,0.5677982868296646
2014-05-21,1.2732186702432189,0.58807402581703,0.880027639893731,0.6444910994824045
2014-05-22,1.364207327285591,0.7006754855937608,0.9784340787705672,0.7576516420748768
2014-05-23,1.4256635358410787,0.7731202880265068,1.0460568966378894,0.8303116267191628
2014-05-27,1.4861127068323146,0.8496434901880456,1.1138117558680236,0.9069508437849456
2014-05-28,1.4280102994753103,0.7818653476041287,1.0485701598521147,0.8390523565069103
2014-05-29,1.5338429259904673,0.9076447439848749,1.1712615107673692,0.9652950886643771
2014-05-30,1.515837119832086,0.8900888194854403,1.1508255982104414,0.9477075859834029
2014-06-02,1.6702792931241315,1.070514444347476,1.3226241930362443,1.1295113824422796
2014-06-03,1.6175909130496378,1.014967161202052,1.260763738403296,1.0738405449821251
2014-06-04,1.681171010286164,1.0855331013937044,1.3251068880224357,1.1447160674185715
2014-06-05,1.8814797297960295,1.310244352436252,1.5323435155416054,1.3706333540798512
2014-06-06,1.8468905504460338,1.2950000467275495,1.5166016537011355,1.355403465493269
2014-06-09,1.751376128429595,1.2092920049725007,1.4409131583842123,1.269712059272626
2014-06-10,1.7523232378668028,1.2106023984413827,1.4421732761417252,1.2710274672501842
2014-06-11,1.8235690243127047,1.2461257169230369,1.4749993325804607,1.3068251210055213
2014-06-12,1.8362703882742915,1.209467111938589,1.4422530854906672,1.2698558594357778
2014-06-13,1.7401806237987962,1.139840062316825,1.377438697716955,1.200337588377143
2014-06-16,1.8101776889106438,1.197182310294415,1.4352317653534166,1.2579608579591883
2014-06-17,1.767801399811023,1.1836144868440064,1.4174277418865469,1.244383267764253
2014-06-18,1.7631578624521127,1.2274989542546826,1.4495539830991904,1.2881894747446923
2014-06-19,1.9216205095211034,1.3461009457760886,1.5730307492367572,1.4075547144745575
2014-06-20,2.2453170702419256,1.5617572732740082,1.8187154775139105,1.6249972301808235
2014-06-23,2.211599647079756,1.5388576389299697,1.7928384897278085,1.601512858642237
2014-06-24,2.2914218536241213,1.522393302811378,1.7786115699427982,1.5672220968972785
2014-06-25,2.248638195102306,1.5332238357835666,1.7846191049884157,1.5846795612508167
2014-06-26,2.15307831855953,1.4702823307039377,1.7225637197433488,1.528038901109663
2014-06-27,2.1170284638823023,1.467070764739695,1.7130742958366552,1.5269283304710184
2014-06-30,2.1548598800505987,1.4820603402844008,1.7319269051014752,1.541225645744673
2014-07-01,2.162091829887906,1.5404337467234301,1.7777113448485495,1.5997425172625377
2014-07-02,2.1816187265503753,1.560234846820159,1.7978467616998914,1.6198617017763162
2014-07-03,2.2240057321342803,1.6252084472214712,1.8545104246720663,1.6845805923521349
2014-07-07,2.0918468085965847,1.5129173214801603,1.7290975251662886,1.5645995098704524
2014-07-08,1.9688993228593066,1.3812217202623092,1.5932367499270224,1.4254420951879927
2014-07-09,1.9448381479814698,1.4016189127243506,1.5938074628362389,1.439868869417191
2014-07-10,1.8999386146241029,1.340280038456315,1.5417925389360303,1.377826161373345
2014-07-11,1.7942076908542224,1.2823916585309123,1.4526124841271277,1.3051034489510795
2014-07-14,1.8384125087306185,1.348853616666384,1.5065622308294249,1.3710267065163726
2014-07-15,1.782036678528603,1.297981156768994,1.4524527250438277,1.3174830839515954
2014-07-16,1.857233730145387,1.3734128302665884,1.5302538408474553,1.3972308494686627
2014-07-17,1.7056220208128692,1.1775035120153579,1.3480731972278346,1.1966307606245974
2014-07-18,1.7464154190541004,1.2644511421790168,1.416734473939318,1.2756408294603798
2014-07-21,1.7099997398129132,1.2306482496413242,1.380650083366293,1.23900709680825
2014-07-22,1.7326586618284243,1.2602347970577918,1.4007460202796687,1.2712751262732835
2014-07-23,1.7759368280755303,1.3060716290121954,1.444828719286538,1.3153733759316435
2014-07-24,1.8142918177556882,1.3520754287445529,1.4871513063531725,1.361589560180763
2014-07-25,1.7418057147731314,1.2652374253318581,1.4083087091518696,1.2743609895486674
2014-07-28,1.7353025823552,1.256729762745401,1.4007264538427469,1.2658179722203213
2014-07-29,1.722319137538738,1.2446439025692992,1.3891096845112763,1.2536731131048846
2014-07-30,1.7238343464973949,1.2463852296786775,1.3908657978862058,1.2554218700756397
2014-07-31,1.4900017523958118,0.9720380066479994,1.1257167097111815,0.9795872503343533
2014-08-01,1.3563182608437245,0.8084846536970689,0.9568035637652469,0.8154848381325698
2014-08-04,1.4067877840058287,0.8509505652029409,0.9853207002546205,0.8581043306989089
2014-08-05,1.3203527621264946,0.7837928002013084,0.9245481694781563,0.7906412134098337
2014-08-06,1.3807562478862294,0.8600056491389398,0.9913719768595763,0.8671886279037063
2014-08-07,1.3583198897716269,0.8535496688618158,0.987377813659904,0.8607036296548424
2014-08-08,1.4266331909054883,0.9031120241076526,1.0361465466195092,0.9104267522974115
2014-08-11,1.4825734163614432,0.9654392898519221,1.0920806539873558,0.9706974158118562
2014-08-12,1.4804799477067254,0.9707589931655942,1.0947005573240922,0.9778063743040101
2014-08-13,1.5146282176293713,0.9825879692515728,1.1153929053932197,0.9842759967154188
2014-08-14,1.6102686804310955,1.0910327326149367,1.2190466058311005,1.091885631236135
2014-08-15,1.7610881533624647,1.307093756703356,1.4106051100520303,1.309155308280842
2014-08-18,1.8703057198674373,1.4168390713916998,1.5253973035600135,1.413642902550054
2014-08-19,1.985605170417281,1.5398009030087212,1.6343344832034055,1.5373972345517064
2014-08-20,1.9651962494030821,1.5069492634861692,1.6161668479945108,1.5039221796713078
2014-08-21,2.057580686417087,1.6046399719723234,1.703613804163512,1.6022480347375654
2014-08-22,1.9602219689159508,1.4981046585578313,1.6069150208155354,1.4944105775124061
2014-08-25,1.9755992626837633,1.5059700520470258,1.62881898714246,1.5060388561148732
2014-08-26,2.0201560717717375,1.550638944056352,1.6711343757821506,1.5509310578591773
2014-08-27,2.2048109420151984,1.7366145595742557,1.8448379476611885,1.7379524269699862
2014-08-28,2.1649183799174647,1.700953985122889,1.8037135815753034,1.7021168359745191
2014-08-29,2.176990945037865,1.7206402444340607,1.826238964493649,1.7218975254605458
2014-09-02,2.20497122737349,1.746244918995289,1.8463326885413158,1.7476358923712119
2014-09-03,2.1561478335069073,1.6963123523499473,1.8009666642575535,1.697460662388693
2014-09-04,2.06536688462189,1.6010267030153293,1.7105285483161068,1.6017193488171657
2014-09-05,2.0959193935621587,1.651000671004765,1.7576752911310196,1.651928197615893
2014-09-08,2.0643231590528357,1.6081532792027908,1.7156927141213723,1.6088583481325416
2014-09-09,1.9094443473719025,1.4284911232140827,1.534465251073029,1.4282894522111471
2014-09-10,1.8768347343878424,1.4193980763807144,1.5113626599177306,1.4191547336306862
2014-09-11,1.8576359470609443,1.4098510584435635,1.4954307765959725,1.4095611415381089
2014-09-12,1.8229841827868185,1.3436782243048515,1.4438587770679954,1.3430357460520563
2014-09-15,1.7932391261378284,1.3140638766137611,1.4113757630653336,1.3132743128673436
2014-09-16,1.8086504480755603,1.3606822575416087,1.438583067713739,1.360099236669115
2014-09-17,1.7790593149070002,1.3384956240278096,1.4078101894382047,1.3378069740418892
2014-09-18,1.7258249357217632,1.3052355855215314,1.3514595433477694,1.304402418453167
2014-09-19,1.7338204268589348,1.3081308993859881,1.3595569304757615,1.3073124145776027
2014-09-22,1.7254528922587302,1.2608082276220265,1.3310305945869818,1.2597338554236515
2014-09-23,1.7133744212330961,1.2201989960267643,1.3045410170931169,1.2189123974202762
2014-09-24,1.8107297320256144,1.3450322956999408,1.4107038532857816,1.3443262878261657
2014-09-25,1.6555613717090083,1.1271446608967086,1.2441111456499654,1.125296006219215
2014-09-26,1.6920480419061599,1.1603307288591942,1.2834100813130658,1.158627971802442
2014-09-29,1.7210905901798033,1.1974273468076768,1.3191979876345608,1.195901206202224
2014-09-30,1.7497273578639354,1.232860081766986,1.358549031583064,1.2315045209965179
2014-10-01,1.5275309415411487,1.0115237070331777,1.1563263082984803,1.0091281390908555
2014-10-02,1.5383902499799822,1.0227716355590855,1.1677224689484704,1.0204278929913546
2014-10-03,1.7344729960111092,1.2181441786127771,1.3463370647633182,1.2167019317889964
2014-10-06,1.653092145138258,1.1368923545951897,1.260002168492969,1.135085171713228
2014-10-07,1.5729679305299196,1.0891578514029203,1.2175070157623733,1.0871160653703436
2014-10-08,1.8432294270303846,1.326927108747622,1.4668935047008396,1.3185326488978686
2014-10-09,1.6118556910307462,1.1786171565952432,1.3085539996372042,1.1867367541791307
2014-10-10,1.3194008172194296,0.9340892324020253,1.082455327931927,0.9493193438004103
2014-10-13,1.0873194081778654,0.7889156403291062,0.9372920388056656,0.8262094714379813
2014-10-14,1.0648282208869972,0.7693976287398482,0.9205183206451758,0.8049830195070581
2014-10-15,1.0698252473909586,0.783791578251279,0.9352436619149346,0.8289644290063705
2014-10-16,0.9382976546338614,0.6845654846311201,0.8355990668432289,0.729786798032173
2014-10-17,0.9826766638190801,0.7052692275494273,0.8542481682241214,0.7407350904757464
2014-10-20,1.0084006799653817,0.7118026952316582,0.8680027995693982,0.7455499178857664
2014-10-21,1.1742783418749296,0.8107491722297309,0.9828476770921448,0.8448007056021878
2014-10-22,1.052710325777483,0.7366135137440794,0.8947721094212785,0.7658361577765542
2014-10-23,1.1998848420615589,0.8251267737145994,0.9959991970925889,0.8536674135189487
2014-10-24,1.2378500981129723,0.8398087160347564,1.0129392961102492,0.8684671660227955
2014-10-27,1.183659720690889,0.8021866798330693,0.9670248697767942,0.8303670864170171
2014-10-28,1.2680647565056036,0.846128044664807,1.0210930730172638,0.8779049100916853
2014-10-29,1.2061489911726555,0.8016943830025007,0.9628971206658503,0.831790907776351
2014-10-30,1.3106480176550093,0.8694166512868027,1.0541881633221148,0.903758807680026
2014-10-31,1.435136854028018,0.9447523271211206,1.1598369225034137,0.9903786466889755
2014-11-03,1.4184392300297217,0.9300496640226572,1.1403066893824068,0.9762134368412793
2014-11-04,1.353914072980978,0.8867975863995795,1.0795633812388385,0.9286635481193584
2014-11-05,1.4395918042676121,0.944730517888011,1.161492406783612,0.9946659212099804
2014-11-06,1.430056991562458,0.9233201568806508,1.138334343422744,0.97804220277009
2014-11-07,1.5670292470218794,1.0465681509360143,1.3030367410362012,1.1035998540228296
2014-11-10,1.4822769148196309,0.9483798739970257,1.1908988282257382,1.0067105044253228
2014-11-11,1.4898230046804704,0.954993168699364,1.198639384321249,1.0130475062221582
2014-11-12,1.4989596529335614,0.9642283605926999,1.2044189069292597,1.0223238767430898
2014-11-13,1.4385201392322755,0.9022740803239601,1.149909028550868,0.9599701252869832
2014-11-14,1.395584387190258,0.8554952745874381,1.1083683870435714,0.9128723258589604
2014-11-17,1.3618709179592132,0.8179189432179629,1.0771407755203224,0.875330572456487
2014-11-18,1.4476807523099753,0.9066375150991289,1.1772621697785806,0.9695144047572453
2014-11-19,1.4531634268931193,0.9104266088537668,1.1785136587588843,0.974920929906268
2014-11-20,1.4995849961989893,0.964589113844951,1.2318034308199308,1.0257778036599403
2014-11-21,1.4764978024760658,0.9554815805722441,1.2161082784233423,1.0001366079562808
2014-11-24,1.4569679915326275,0.9449553307238798,1.1997379242651716,0.9895174261552049
2014-11-25,1.459561555659701,0.9448288819126521,1.2008443997831344,0.9893894629828027
2014-11-26,1.4806400220954836,0.9770904105705678,1.230489677149065,1.0219843514557059
2014-11-28,1.4377915702513688,0.9228480957893351,1.1753353451959883,0.9671155495461524
2014-12-01,1.3754297208726807,0.8287844687867355,1.0836094853574538,0.8717366433428123
2014-12-02,1.4582488047186586,0.941867534004889,1.1979036800136573,0.985894805769318
2014-12-03,1.5354706862590277,1.0393665124891807,1.2979781650848068,1.0844665262769588
2014-12-04,1.5260207114963307,1.0250690059217482,1.2863233339025832,1.0700013120589178
2014-12-05,1.5840415829645704,1.0936937271393565,1.361031119059664,1.1394448866703377
2014-12-08,1.4212207259435565,0.8895717272675668,1.145926548817992,0.9331391961011753
2014-12-09,1.3912682448609668,0.8524663848060908,1.1065544895398347,0.8956359284620558
2014-12-10,1.2592174584506737,0.6597857223180664,0.939403957336813,0.6996797742434142
2014-12-11,1.417824250306479,0.8613140801234863,1.1270087108700508,0.903779245163099
2014-12-12,1.282161244291825,0.7096184135864249,1.0206172768268893,0.7497230033243237
2014-12-15,1.2170181235434687,0.6490950797782704,0.9612673896318265,0.6884804601897218
2014-12-16,1.0843691845047128,0.509599795065086,0.8472606801543429,0.5475420599261549
2014-12-17,1.27298619382767,0.6989013056942195,1.0076736272923585,0.7382190978972488
2014-12-18,1.3244382512847088,0.6835083422548054,1.0120311343291684,0.698962889839271
2014-12-19,1.3720399062023878,0.7175751481779293,1.0489940035471987,0.7304454296615893
2014-12-22,1.361857850958874,0.6925829008344287,1.0274748124111757,0.6979403585342011
2014-12-23,1.3275312671513018,0.6526443460961132,0.9915929380709614,0.6557172673171526
2014-12-24,1.3089821754960744,0.6334948182806432,0.9735999469468029,0.6361991019511025
2014-12-26,1.293140919603407,0.6063174854123897,0.9493125436636125,0.6067543112043645
2014-12-29,1.3056011976193185,0.6143949172131985,0.9587111567107058,0.6146929506955288
2014-12-30,1.257263108553903,0.5850385493912236,0.9213540332557574,0.5838986743436142
2014-12-31,1.1221007248568675,0.4853931886804971,0.7961658431784044,0.4769307614144199
2015-01-02,1.207776150339807,0.5710609688494435,0.8991523235075388,0.5633390247165511
2015-01-05,1.0323434002112937,0.4671368478121777,0.7567046571452745,0.4471699463984766
2015-01-06,0.971340756660608,0.4420911266152206,0.7071417756531876,0.40827414782709803
2015-01-07,1.0219016800830132,0.453069507117323,0.7236110054065414,0.4206735547791717
2015-01-08,1.1606667181983312,0.536324385597567,0.827684570953196,0.5099937663633882
2015-01-09,1.0825836090285492,0.4928073608899889,0.7701967502683782,0.4617180258040552
2015-01-12,0.9890743449538366,0.43007326637869664,0.696449443722283,0.3992645915985365
2015-01-13,1.0872838047815843,0.5599934748920604,0.8383177682743304,0.5301914594390175
2015-01-14,0.9434695835849313,0.43438567292256747,0.6804153886628824,0.40329889980288297
2015-01-15,0.8150040228850499,0.34160433686182,0.5724475127777284,0.3067153834410184
2015-01-16,0.9334586923383829,0.41825941439301906,0.669103611194256,0.3910306804740261
2015-01-20,0.9889119285997774,0.46624920072609793,0.7203170244726644,0.440096702989331
2015-01-21,1.0064206164886471,0.4687759757014987,0.7262587800887559,0.43796027645609714
2015-01-22,1.1193268366037743,0.5531663607816353,0.8189977284611577,0.516022220902077
2015-01-23,1.1443038926523954,0.606212154265165,0.8606642605867779,0.5684171553550385
2015-01-26,1.373413594530869,0.8501515236794825,1.126090032509079,0.8138942373132241
2015-01-27,1.2928149136774356,0.8062704060370216,1.0749537701553495,0.7700879075900763
2015-01-28,1.123371712886242,0.6844981361682464,0.9337410529999349,0.6387308029039299
2015-01-29,1.2869520562513883,0.8100027185379739,1.0628868629642754,0.7672109038706267
2015-01-30,1.084174755684049,0.6638305555067007,0.9048895028834851,0.6197026288840908
2015-02-02,1.2358797761327853,0.7704465517728392,1.025508960992581,0.7223321232593981
2015-02-03,1.5744972690522916,1.0189043005410752,1.2863274634475104,0.9388066603494561
2015-02-04,1.4819376170493017,0.955611670467042,1.2123914414351147,0.8762395821283576
2015-02-05,1.5750386596529167,1.016885720981935,1.278491801969551,0.9325692712396325
2015-02-06,1.4454742215532048,0.9233550039357412,1.1867460057874342,0.8543051815398474
2015-02-09,1.304795017432,0.8265948917227434,1.0818148820740192,0.7651114933104282
2015-02-10,1.3761578487646262,0.878967782723962,1.1420734495475529,0.8167847319189844
2015-02-11,1.2916868117069207,0.8233796955282886,1.0814727839620788,0.7649923407243525
2015-02-12,1.3667885845324104,0.8770103265681994,1.1454201312221814,0.8196668739701036
2015-02-13,1.3581462838782672,0.872064319250406,1.143280740683054,0.8178397556642014
2015-02-17,1.3250494197311942,0.850397139985127,1.116816012461253,0.7953202908319486
2015-02-18,1.3154627377829955,0.8441643644214024,1.108597566608371,0.7883940616464139
2015-02-19,1.3698425687663667,0.8785422160139761,1.1566434933529754,0.8282695093083641
2015-02-20,1.3706527245804665,0.8835733596113438,1.16211398766326,0.8329846270167863
2015-02-23,1.3795148393911907,0.889093146569489,1.170468404849492,0.8399882015617122
2015-02-24,1.3569647540542238,0.8772279785711425,1.1510664121097662,0.8195911679798716
2015-02-25,1.3527847250303275,0.8738145551923031,1.1456214297448017,0.8165736556150976
2015-02-26,1.3418261968585021,0.8643571714792434,1.1320687857642686,0.8070078788996787
2015-02-27,1.2664963564613319,0.7995209427144676,1.0411497800298863,0.7336851723595051
2015-03-02,1.298011091526474,0.8347600224449602,1.0860688632767306,0.7649157821757199
2015-03-03,1.325581827468054,0.8459606031596315,1.1150987389857692,0.7881998290357266
2015-03-04,1.1735927854460793,0.7031233625055435,0.9201981122439442,0.6172464977710126
2015-03-05,1.1752399407634693,0.7070572433873392,0.9232400149652079,0.6212206017854268
2015-03-06,1.0220647381661072,0.506083596188501,0.7309335367881911,0.41953904218648747
2015-03-09,1.0539256033700912,0.5441199975944951,0.7750208237242076,0.45800153450875414
2015-03-10,0.9061663224344757,0.37614910830190296,0.6311725070645511,0.28965860070268534
2015-03-11,0.9294456542895159,0.4130274787217243,0.6608610360767027,0.32675613273399906
2015-03-12,1.0305721447990082,0.5217569139329581,0.7452901883631649,0.4370062078053786
2015-03-13,1.0783827274496958,0.6078136170388533,0.8219304246691953,0.5232236676932513
2015-03-16,1.2102471047048502,0.7453969097085108,0.9450110303408076,0.6624910149356247
2015-03-17,1.109968747436927,0.6334156165488282,0.8429403400030548,0.5492198076655627
2015-03-18,1.1478312395571637,0.6553607521425473,0.85728057098747,0.5715080312270617
2015-03-19,1.1547964731046358,0.6734261490528844,0.8732140454541598,0.5896743254960263
2015-03-20,1.1784658002071777,0.6802491925930324,0.8816724114556891,0.5965907071828321
2015-03-23,1.1956135401343413,0.7043111134894282,0.9037587102587038,0.6208164959934727
2015-03-24,1.1821468572223954,0.7039104524785103,0.9004949025188268,0.6204135238667905
2015-03-25,1.0074288783618177,0.5532929577538668,0.7318128965032987,0.4688113199913178
2015-03-26,1.050402662603104,0.6065855006491946,0.7852275084778817,0.5224011663218756
2015-03-27,1.0879381546827362,0.6404266790221188,0.8227092769165922,0.5565350198995769
2015-03-30,1.144450331880453,0.6726356992078967,0.8628989874363305,0.5891894942598463
2015-03-31,1.0000125269662048,0.5454201051158899,0.7121035916595263,0.4576020098259243
2015-04-01,0.9148539738448159,0.4652402719205535,0.6189358324119427,0.3762807491244836
2015-04-02,0.9169196773901978,0.45402502765439284,0.6125114464008625,0.3649221534422595
2015-04-06,0.9836694856934723,0.5076963741940101,0.6769632899556289,0.42140728296647323
2015-04-07,1.067322034814096,0.6129293847466155,0.7835247798800706,0.5258213406784502
2015-04-08,1.1959708884668032,0.7383066950159511,0.9391184931904613,0.6538390012061757
2015-04-09,1.198429220136174,0.735422870321015,0.94161419353539,0.6518766685645982
2015-04-10,1.1569466669889499,0.6867520923524465,0.90810194820287,0.6057392958628797
2015-04-13,1.3219552716852958,0.8324054930176076,1.063274458045858,0.7491143797643145
2015-04-14,1.4223878656763653,0.9123955451268817,1.1618053145159342,0.8308457824948022
2015-04-15,1.3949224480591578,0.8972585396762183,1.1594418596577372,0.8288380231839538
2015-04-16,1.334323541870178,0.8484557093688793,1.1138913738470366,0.7908131685328745
2015-04-17,1.1393767650164293,0.6685639855497886,0.9108322476548106,0.6243349177550394
2015-04-20,1.2033786267615652,0.7345255878931921,1.0008542601453987,0.6922106796835952
2015-04-21,1.162866812374191,0.7011984852797308,0.9658604121168911,0.6621500929789781
2015-04-22,1.1659404659455483,0.7119412498031812,0.9766147613002356,0.6756692506987451
2015-04-23,1.2085176715027264,0.7490881452496139,1.019136519751775,0.712549509880415
2015-04-24,1.2110297647662103,0.7584938356564145,1.0252324264673394,0.7218032557350619
2015-04-27,1.24913548451518,0.7737192357442924,1.0555579663321066,0.7400421884036217
2015-04-28,1.2492330007904386,0.7836429524686718,1.0606930005264867,0.7470385241406349
2015-04-29,1.1723481873884851,0.7066552526098376,0.973904292966893,0.6667603111108853
2015-04-30,1.0540065113849912,0.5642934477449393,0.8265468450619946,0.5209968255706796
2015-05-01,1.1423836650500894,0.6730871485959016,0.940026318905329,0.6306763093562587
2015-05-04,1.1794128281574623,0.7104233687438732,0.9816508634929196,0.6703866704945591
2015-05-05,1.057277984471585,0.5787858212741438,0.85429364737557,0.5345106717563974
2015-05-06,1.0997238338766113,0.6060337475664006,0.9150197393329659,0.5784899334017998
2015-05-07,1.084063934922689,0.5981464469699825,0.8821632257818324,0.5587930873798478
2015-05-08,1.199462656240612,0.7181574380574376,0.9996147326919418,0.6811608179983283
2015-05-11,1.1443262325170234,0.667099570660984,0.940496591718565,0.6285959871876146
2015-05-12,1.0381110392387014,0.5429184402655234,0.8169854971587222,0.519762078173933
2015-05-13,1.0320418775889573,0.5344722647967739,0.8085506890243543,0.5130042275981685
2015-05-14,1.1593225497040034,0.6737065456663842,0.9450151738143956,0.6375742800496135
2015-05-15,1.2484755056008079,0.7869043808354996,1.054359935683206,0.7513143519100096
2015-05-18,1.2454560219133297,0.7739199122250646,1.0448555710486491,0.7382355777794505
2015-05-19,1.2114427491029611,0.7299606842923462,1.0068470320891825,0.6939752717918888
2015-05-20,1.2620847660320609,0.7977240232038417,1.0663073691267493,0.7620820620614692
2015-05-21,1.217273798824249,0.7334069332766137,1.0113046542125423,0.6972342612445401
2015-05-22,1.1753133929183175,0.6862938895846004,0.9603943331336642,0.6498193491044774
2015-05-26,1.042577005116287,0.5449901833152563,0.7937457913090132,0.507744353250759
2015-05-27,1.06925561580117,0.5552651603897211,0.8358656243070985,0.5181115881604925
2015-05-28,1.0657910330835152,0.5541975590993646,0.8328174193731551,0.5170375232392086
2015-05-29,0.9669715808310462,0.446588504238662,0.7215263823178718,0.40873105402835397
2015-06-01,0.9705757340334119,0.446153116000484,0.7232637267912441,0.40829261200604083
2015-06-02,0.9521764521045727,0.4247552294649363,0.7012238479858587,0.3867564673419797
2015-06-03,0.9792303878470762,0.4542461804902453,0.7333671634151235,0.41644557915376174
2015-06-04,0.8864555558212088,0.3462925936322855,0.6182272879340481,0.3079220361533882
2015-06-05,0.8170456964139761,0.25119459974224884,0.5207070771165546,0.21209869694176753
2015-06-08,0.7225780001611577,0.13395157705843472,0.39886398327160305,0.09409577272774669
2015-06-09,0.712583374657637,0.11993524379580955,0.384958836424759,0.07998487839463078
2015-06-10,0.8099116892361831,0.24748736689516054,0.4995526907607535,0.20868917743666754
2015-06-11,0.8672884901379759,0.3243102673511263,0.576991239353525,0.2859791570157303
2015-06-12,0.8620604409671021,0.3409697111891674,0.5995662479511125,0.30269540956592594
2015-06-15,0.7990418222622073,0.2608964520840557,0.5196853189977881,0.222121708924733
2015-06-16,0.8375899297613726,0.3033975600885582,0.559493114481372,0.2649452171242399
2015-06-17,0.8278370423998654,0.28204664902096976,0.5423116852799299,0.24343752083816816
2015-06-18,0.85208350691746,0.2841914573049776,0.552062491798807,0.24560414610071285
2015-06-19,0.8040666582290865,0.2292209882057484,0.4926453367869887,0.19030952967422102
2015-06-22,0.8296537666429314,0.24726735944779027,0.5159486659439322,0.20849575280470398
2015-06-23,0.8382736971724467,0.2575611469678938,0.5263357079432877,0.2188553166453317
2015-06-24,0.8271646138529438,0.269367011686215,0.5312638545042699,0.23070343387017625
2015-06-25,0.7632231525369833,0.17940947981873875,0.4426587173304444,0.14011867153864527
2015-06-26,0.7677019019878523,0.18717555542803324,0.4493093209005789,0.1479328185730993
2015-06-29,0.562109336836943,-0.0499485435656454,0.2092215436756085,-0.08982873137248532
2015-06-30,0.5837758331163042,-0.027469529908030404,0.23683956884000776,-0.06720535989421177
2015-07-01,0.5943513143740724,-0.055342526293494905,0.2064285317752449,-0.09533626753042306
2015-07-02,0.5782305655881718,-0.0753693116474963,0.1871393345990312,-0.1154915004574624
2015-07-06,0.5137434182184986,-0.16163222180629244,0.10799945073953836,-0.20237705468485664
2015-07-07,0.5947014218156008,-0.06864157500021617,0.19927504905249954,-0.10879631423515296
2015-07-08,0.5030400488672229,-0.10954504475417341,0.14126911758242425,-0.1497763156616312
2015-07-09,0.48124341614825644,-0.15660824185876193,0.10239855461390805,-0.19720494309721256
2015-07-10,0.6147513867559771,-0.016097171106188066,0.2287306448949176,-0.05570913584633776
2015-07-13,0.6911755848903663,0.03831191372871253,0.2901913653551919,-0.0008656345374906985
2015-07-14,0.6856222138299286,0.00031613137364062396,0.263895766128807,-0.03916686704202926
2015-07-15,0.6983800537757724,0.02276022072318343,0.2834418077568241,-0.01659584203931679
2015-07-16,0.7324746169517987,0.026189904277396116,0.29746952860958115,-0.013138085375453409
2015-07-17,0.8369985846967946,0.1835524029970818,0.4426040151110328,0.14475979838392602
2015-07-20,0.7600523968618692,0.0641881343092398,0.32643779449717086,0.024340098648045167
2015-07-21,0.7424770709118735,0.05788264580809124,0.31112792406277306,0.018000195145923038
2015-07-22,0.6920292764181497,-0.0019040059346221215,0.2564939363518056,-0.0422138165650814
2015-07-23,0.6264147327760277,-0.06420925429252271,0.1838613363879517,-0.1049031309458467
2015-07-24,0.5379002484749149,-0.13587850105958235,0.08315418423554628,-0.17692914570859913
2015-07-27,0.5282914560124048,-0.12084866025023236,0.07556158604310471,-0.16183152839483023
2015-07-28,0.6222422432215275,-0.04544604639225557,0.17361336488289209,-0.08581090494845144
2015-07-29,0.7129691792745935,0.0528441359193436,0.27671762427832863,0.013111576470784965
2015-07-30,0.713660030575465,0.05291143223181693,0.276895494859725,0.01317930479362264
2015-07-31,0.8762744803396088,0.2750109633438301,0.49317936928199624,0.23569132145818608
2015-08-03,0.8735691359403727,0.2757622974449828,0.4993021059472061,0.23644686809994364
2015-08-04,0.7988996315291843,0.1976768946001072,0.43056749844484254,0.15777009370280137
2015-08-05,0.9099637041226563,0.3069903748832913,0.5365762766082185,0.2676900898819261
2015-08-06,0.8367930754101024,0.22809102257989264,0.4506506221154668,0.18837553209957306
2015-08-07,0.8667653347083435,0.25744398558883796,0.47160981308965005,0.21788835367537435
2015-08-10,0.8745046296319218,0.2794532690772403,0.4982283276180381,0.24013692626490832
2015-08-11,0.7730329116526554,0.17249011579572202,0.38268885122074386,0.13494929365092784
2015-08-12,0.7945480472386733,0.19398545570631381,0.4038108580416076,0.15483379263615976
2015-08-13,0.7293559376698057,0.1305421421778754,0.33877822498514637,0.09658283222851746
2015-08-14,0.7206513587853899,0.12834236508019042,0.32983698274717754,0.09572881253798435
2015-08-17,0.7678225889732304,0.18109496755841123,0.382722134048425,0.1487408147330297
2015-08-18,0.6759277944236689,0.08413562272650613,0.2788950763159941,0.05729971678265762
2015-08-19,0.5660210076471329,-0.030243506188483368,0.14980928174172936,-0.057890677911363216
2015-08-20,0.3634879161668672,-0.23231206549063685,-0.08739561984884174,-0.26018929134858054
2015-08-21,0.08762502940426595,-0.46200608594579323,-0.38362837086788704,-0.49062546206892016
2015-08-24,-0.22778977935855435,-0.6664418154969486,-0.6078519530929484,-0.686464362939093
2015-08-25,-0.353312751445533,-0.7520051122279663,-0.7045342167561649,-0.7714608627278122
2015-08-26,-0.07379749885846636,-0.5952738455841419,-0.5995696264027988,-0.6784723355546216
2015-08-27,0.10314439511275646,-0.5100806996682297,-0.520476242611476,-0.6092411023488371
2015-08-28,0.10739157447038038,-0.5057631368989978,-0.5146258682726516,-0.6048911861868552
2015-08-31,0.02977577292265904,-0.560744077868484,-0.5670231444798436,-0.6546746938628982
2015-09-01,-0.17691540388242646,-0.6449510988076113,-0.6465912898684728,-0.7241809560515414
2015-09-02,-0.042780573306244164,-0.584164878615577,-0.5812941373953201,-0.6658924028310972
2015-09-03,-0.027946139686460397,-0.5641543772507328,-0.5625034386827688,-0.6457559528223469
2015-09-04,-0.1624412250043731,-0.6629356222329367,-0.6606406008138674,-0.742842542428615
2015-09-08,0.024178800633321954,-0.5615215473689611,-0.5492725641832618,-0.6390794999328375
2015-09-09,-0.02356743459354061,-0.5188351064088859,-0.5190267783606575,-0.5984363509838612
2015-09-10,-0.012360830426732597,-0.552227352897174,-0.5466429484008918,-0.6319640012529472
2015-09-11,0.010322845113413573,-0.5547864679785912,-0.5440324186384959,-0.6335130022967608
2015-09-14,0.02467574909102978,-0.49228855822347073,-0.49452936622987165,-0.5718669510503706
2015-09-15,0.11259281559494158,-0.449998277196196,-0.437806372432391,-0.5195385465877036
2015-09-16,0.12001797839633485,-0.5242510643141894,-0.48210769304146356,-0.5865029174614526
2015-09-17,0.09600089231121635,-0.5471371262855949,-0.5064108202714896,-0.612420304900401
2015-09-18,-0.04921668663243174,-0.6579126279781768,-0.6345922379162462,-0.7471211650390186
2015-09-21,-0.009000675043921862,-0.6329702483737843,-0.5997026218333764,-0.7130614021233732
2015-09-22,-0.044143456135013116,-0.5735020269992691,-0.5790394880503649,-0.6691116264654524
2015-09-23,-0.016743268915302305,-0.5070664482899819,-0.5254377378677124,-0.6036962082948903
2015-09-24,-0.09248958203691716,-0.6212638656692882,-0.6208094437764786,-0.7239808542514766
2015-09-25,0.013743449816101618,-0.43268900677808836,-0.47369322026451305,-0.5347465791504848
2015-09-28,-0.2059410773651614,-0.6154783261024359,-0.6862741538776652,-0.7378698325715081
2015-09-29,-0.19010864378208722,-0.5967813825561865,-0.6702832408412042,-0.7180452142726511
2015-09-30,-0.05062585141737282,-0.49849499482631254,-0.566023813309965,-0.6164138392800707
2015-10-01,0.05583578047977668,-0.36679916965137893,-0.4547941621968402,-0.48344074369073453
2015-10-02,0.15143176981828027,-0.3003354350928978,-0.3866010656569932,-0.4219417503645024
2015-10-05,0.19433894408009603,-0.3137246999633532,-0.3718092354130056,-0.4338306963800526
2015-10-06,0.17958356783338567,-0.3195653436444603,-0.3801412591051003,-0.4398623598494396
2015-10-07,0.3351454360461231,-0.1617851041894038,-0.23594479570221996,-0.28587235103224373
2015-10-08,0.2819129577752346,-0.24204206968114605,-0.3215085202820338,-0.3636912391145959
2015-10-09,0.42099886517249735,-0.11295893536389237,-0.19428244908153391,-0.24843840280316387
2015-10-12,0.5047644377222336,-0.04244823754571706,-0.1245534898799094,-0.18532294879150843
2015-10-13,0.5758414232938042,0.019034543197666256,-0.08194647998108315,-0.14684020726463798
2015-10-14,0.5331477924660447,-0.013979397123693373,-0.120499273553025,-0.1817337062962847
2015-10-15,0.6775326593518086,0.10211495993960326,0.01233625022028835,-0.06115459152789258
2015-10-16,0.7131461411247312,0.12924268320795354,0.04789970399643427,-0.02889146011440719
2015-10-19,0.6402268598927865,0.06629178715128672,-0.011011915010147085,-0.08239860012611548
2015-10-20,0.5683772804582188,0.00824078236535337,-0.07462907452436962,-0.14011295525679446
2015-10-21,0.3988462854431773,-0.12851699993058877,-0.23200275075432672,-0.28279693100364867
2015-10-22,0.5567888371429687,-0.0014706357363959695,-0.062289414715154534,-0.12884242806184606
2015-10-23,0.5525764121590051,0.0013969645542839216,-0.03849096305147704,-0.10718675049816928
2015-10-26,0.4852890555324534,-0.04871011917537334,-0.0954354900665955,-0.15883633180757556
2015-10-27,0.4815226688659761,-0.05503557961575909,-0.10028397859153347,-0.1632287211578201
2015-10-28,0.4809078052015986,-0.03505004938814182,-0.08847316171195697,-0.1524862698874007
2015-10-29,0.4872313354461149,-0.03193207675572133,-0.08337432108999737,-0.14786576821219907
2015-10-30,0.4156051728718318,-0.09349898374002918,-0.15200761940500604,-0.21009275690397422
2015-11-02,0.4181391796574289,-0.06480875685543042,-0.1386647664103507,-0.19795857560351407
2015-11-03,0.4338295299141984,-0.04545764699554943,-0.12015188180748221,-0.18116458343577435
2015-11-04,0.4367902422998212,-0.05205949019059943,-0.11911491726044846,-0.18022533777576003
2015-11-05,0.388196723316348,-0.0923042251109706,-0.17133985358953946,-0.2276069158675374
2015-11-06,0.3579958582493607,-0.11816658435985013,-0.20523485483564421,-0.2583452968391117
2015-11-09,0.288217858289526,-0.19686622212404592,-0.29091293079590375,-0.33597227049951955
2015-11-10,0.28263097906908163,-0.20089862759380014,-0.29561688969254074,-0.3418220438163295
2015-11-11,0.24959147861294756,-0.23852723840401072,-0.33601886098035805,-0.37933579380427696
2015-11-12,0.16196394419611396,-0.3351665301736975,-0.4446220543894729,-0.47581419188251506
2015-11-13,0.07896716497099181,-0.4269778435882192,-0.5517200705462121,-0.5678817226844649
2015-11-16,0.17676615021356243,-0.32104621704373115,-0.4441305700260183,-0.4604265510031145
2015-11-17,0.16773437941359248,-0.3312015560399438,-0.45539455913085125,-0.4710043575826109
2015-11-18,0.23267313775681883,-0.2793244209294683,-0.4201381619694498,-0.42285222289470636
2015-11-19,0.23758543905224402,-0.2673072566435239,-0.4081896366772358,-0.41220814623598606
2015-11-20,0.2499394252978158,-0.263967027358725,-0.40565615362462626,-0.4050754252854375
2015-11-23,0.20738299826263476,-0.3417896833464093,-0.472129427831086,-0.466747233662996
2015-11-24,0.197764821618081,-0.36968628452173047,-0.49516159301665563,-0.4949059413928105
2015-11-25,0.2015924893917683,-0.361163406808188,-0.4881458827935254,-0.486333729677962
2015-11-27,0.19233026808146125,-0.38668644498019206,-0.508700019635855,-0.5120909675081523
2015-11-30,0.17884904999032442,-0.3889130938083592,-0.5175026952674717,-0.5143236374864099
2015-12-01,0.28703192793337623,-0.2286676145165647,-0.35320753577333397,-0.3532900524760766
2015-12-02,0.1768913999908201,-0.39015027773170446,-0.5191813841895402,-0.5158993848081609
2015-12-03,0.058677548483498855,-0.5397912739715418,-0.6729268821865604,-0.6660423510459001
2015-12-04,0.1908000688991947,-0.3937601387331819,-0.5110002832539512,-0.5180081357082101
2015-12-07,0.14062042498024763,-0.45000006520703995,-0.5664741271448529,-0.5745606990857514
2015-12-08,0.14038202822121645,-0.4023055108562755,-0.5324289296036471,-0.5269559116531042
2015-12-09,0.09398974971117324,-0.438294810446772,-0.5685651284592238,-0.5630511543543641
2015-12-10,0.21657298555620277,-0.217318499568561,-0.3959358277143643,-0.3435800349096119
2015-12-11,0.05571359176724326,-0.3849353392680469,-0.5645666947301372,-0.5116406230856293
2015-12-14,0.19462062086950715,-0.18739799054885892,-0.4169872524556059,-0.31274597118408204
2015-12-15,0.30689994657512515,-0.06633151553080252,-0.30962172650753045,-0.20024006204134587
2015-12-16,0.4521376542530279,0.08975306984987845,-0.1779569673469192,-0.05389205674029332
2015-12-17,0.22772733862236907,-0.1620105346923006,-0.38947690923611805,-0.3037520556911087
2015-12-18,-0.04769589107758599,-0.4424734951663207,-0.6489549919824684,-0.5473322221128203
2015-12-21,-0.0217670046606955,-0.4227596870577429,-0.6295228676596009,-0.5291161417077455
2015-12-22,0.007192512474711586,-0.4013014951380125,-0.6073521104718406,-0.5083260211672791
2015-12-23,0.07829361279599943,-0.34472171615649116,-0.5519587471530069,-0.45637812044309184
2015-12-24,0.0669441389156422,-0.35352625107421026,-0.560956366181905,-0.46485650906162346
2015-12-28,0.031205921831634096,-0.38381840166719716,-0.5909203274386613,-0.4930657076864125
2015-12-29,0.09117924727542821,-0.3381470311885571,-0.5388589556621778,-0.4442286344769509
2015-12-30,0.07992639634028258,-0.34143530274341466,-0.5464527133568904,-0.45141619683933243
2015-12-31,0.07939610657294727,-0.33263237495363007,-0.5381407287520228,-0.4435229835073157
2016-01-04,-0.008219461921093104,-0.3981805053286933,-0.6185960161965776,-0.5197599807820705
2016-01-05,0.12097264209098793,-0.28602563369647643,-0.48857972773193736,-0.39641138376714075
2016-01-06,0.09985129431460621,-0.3034373839361713,-0.49105148900905565,-0.3987584895471469
2016-01-07,-0.1365225687493968,-0.4948337949116948,-0.704495605581982,-0.6007922661542947
2016-01-08,-0.32166217087468474,-0.6395325165601192,-0.8722702755709537,-0.7583795134211692
2016-01-11,-0.263735090405948,-0.5964710297491381,-0.8226149260234282,-0.71147122701786
2016-01-12,-0.16105916220186572,-0.518557039473936,-0.7445965253993887,-0.6379836732888929
2016-01-13,-0.3020016202185502,-0.6250476298636568,-0.8488243216699883,-0.7372515952760671
2016-01-14,-0.15888553702677566,-0.518519691411386,-0.7284341806347996,-0.6241873082237244
2016-01-15,-0.2363251928448954,-0.5638002319487334,-0.7630126135722659,-0.6571445970625258
2016-01-19,-0.3110185546484039,-0.6267557521301095,-0.8395510278807766,-0.7288729489302106
2016-01-20,-0.4046705925834438,-0.6947559912472623,-0.9010487730146103,-0.7870087653094155
2016-01-21,-0.4011552418858477,-0.7019511664718807,-0.9075392765868632,-0.7931018974746443
2016-01-22,-0.36481363226296404,-0.7037110251053842,-0.9155318807560489,-0.800536402863383
2016-01-25,-0.4242027464936918,-0.7348924585231008,-0.9463645770416262,-0.82985861319831
2016-01-26,-0.3529057417149611,-0.6883470291178049,-0.9018823860009266,-0.7881542462122038
2016-01-27,-0.3387358224712008,-0.6564679046186924,-0.8657298385628044,-0.753705019059607
2016-01-28,-0.22653156866340335,-0.5622802785716399,-0.7587764742823128,-0.6523884207762882
2016-01-29,-0.1322658325858579,-0.5093770670009923,-0.7066358291825952,-0.6037603958759159
2016-02-01,-0.05638249209780827,-0.44335130865117645,-0.6370121131535115,-0.5377761426495956
2016-02-02,-0.24480229891460922,-0.5791001952094667,-0.7849829633748605,-0.6772915889203058
2016-02-03,-0.2976287582172497,-0.6317904366077535,-0.841827696753313,-0.7304493074847281
2016-02-04,-0.26428010112870237,-0.6057573841371708,-0.8139479159350167,-0.7041510378160866
2016-02-05,-0.44381823705503615,-0.7328320075251807,-0.9535615628790287,-0.8360462811162502
2016-02-08,-0.5087715686063995,-0.7698652932820494,-1.0021789129224046,-0.8821852810566371
2016-02-09,-0.480983691053698,-0.7435360363588885,-0.9761407731731776,-0.8575940627881754
2016-02-10,-0.5528135088180173,-0.8116621168714439,-1.0480452291943956,-0.9249949716719563
2016-02-11,-0.6352634521931405,-0.8657357526368508,-1.1127889643361377,-0.9863177742262589
2016-02-12,-0.5650151312932451,-0.8356448299729163,-1.0645573047361339,-0.9414873473375205
2016-02-16,-0.4853151555635771,-0.7901391170683844,-1.005215721581913,-0.8860497751487404
2016-02-17,-0.3943358891471462,-0.7308426440815938,-0.9398457897872925,-0.8248010813290797
2016-02-18,-0.41964474247351036,-0.7478185814519034,-0.9584925836101713,-0.8424171359125256
2016-02-19,-0.41816427850999704,-0.7452297996511202,-0.9550886219826631,-0.8392039457994626
2016-02-22,-0.3661891788538399,-0.7232537994104591,-0.9356046681585944,-0.820983264569684
2016-02-23,-0.4407655280811222,-0.7749164342466958,-0.9963546808087581,-0.8786183515429324
2016-02-24,-0.4302592864533901,-0.7747084684522475,-0.9984385150143197,-0.8767386885573968
2016-02-25,-0.35177618718897824,-0.7153975264152639,-0.9304583991793797,-0.8143400499786406
2016-02-26,-0.3584840859069504,-0.7166929552923877,-0.9312419364649758,-0.8167982117986483
2016-02-29,-0.3849068121004052,-0.7225844643640885,-0.9384583894600923,-0.8267484781068675
2016-03-01,-0.2808298456998258,-0.662005227086854,-0.8670239883675507,-0.7523920420495268
2016-03-02,-0.2297652795781787,-0.6031583193212398,-0.8000363105806154,-0.6886053534419688
2016-03-03,-0.18145288715151692,-0.5429509674013628,-0.7403343853887842,-0.6291545369668358
2016-03-04,-0.1686306170687707,-0.5402813774214528,-0.7348613725779949,-0.6264691441349132
2016-03-07,-0.0800846994162562,-0.3765048400431826,-0.5974283212254334,-0.46316109273507694
2016-03-08,-0.1698221254808039,-0.47516347599521147,-0.7031170077743409,-0.5622208728725637
2016-03-09,-0.043443992992617565,-0.2861039784566801,-0.5518165487654343,-0.37351240207575603
2016-03-10,-0.024655733194219733,-0.26163162364835424,-0.5282061858121891,-0.3489434728605236
2016-03-11,-0.004490005224758144,-0.29441488785661163,-0.504699037907163,-0.3821710868510441
2016-03-14,0.02455161324061305,-0.2501692284745386,-0.4724914627328915,-0.3378357844087267
2016-03-15,-0.0645667921651466,-0.3784375625775963,-0.5689997947112663,-0.4673285269413749
2016-03-16,-0.012210324895813003,-0.31863431658654023,-0.511686295787874,-0.4072029212766453
2016-03-17,-0.04595014117295268,-0.37445615918213887,-0.5430483492618787,-0.46363873041593956
2016-03-18,0.004957724145131196,-0.31413757213784915,-0.4846804803298673,-0.40304873317262874
2016-03-21,-0.03927329010800276,-0.3708805725178712,-0.5307442883784231,-0.4602617834794362
2016-03-22,-0.03079531082040988,-0.3603783755276509,-0.5220188075254291,-0.44971663853241256
2016-03-23,-0.036709559755095635,-0.37006981996264143,-0.538781799239638,-0.4594138867875049
2016-03-24,0.049422145314845824,-0.2677121903474652,-0.43979490970469465,-0.35708544515708207
2016-03-28,0.06735043179373527,-0.24699744488629996,-0.4173145757580796,-0.33628112793306336
2016-03-29,0.10889487941973823,-0.190300078947641,-0.3473477921700728,-0.2790882998979742
2016-03-30,0.062420732250415126,-0.23764416334803218,-0.3875905373188321,-0.3269094201463995
2016-03-31,0.10083849120139471,-0.206340705506046,-0.3471488546158723,-0.2924152364776584
2016-04-01,0.16313319680411925,-0.11264018419042449,-0.2606258093873815,-0.19773568405915093
2016-04-04,0.12188691633182828,-0.1687771224826493,-0.3150667499590068,-0.25410492572643417
2016-04-05,0.020779178325664505,-0.31104098547823766,-0.4539986102502378,-0.39916619454286806
2016-04-06,0.1020415899235295,-0.19336448458187203,-0.32977602960567304,-0.27929101217055974
2016-04-07,0.009299217616357828,-0.32876452972031484,-0.4525277966299453,-0.41684352629681215
2016-04-08,-0.0010321459345809757,-0.3383688203938065,-0.4667510287009965,-0.42752291025717526
2016-04-11,-0.04783475361313908,-0.39840831770933477,-0.5282770994001771,-0.49133247891203025
2016-04-12,0.035028216014831144,-0.2724139027511686,-0.4211139288255362,-0.3619612745751105
2016-04-13,0.08371258262854464,-0.19359869365439583,-0.35973989608143797,-0.28355508349256636
2016-04-14,0.05720831900948282,-0.23081886002216195,-0.3990770996624434,-0.32127292320460227
2016-04-15,0.052287229504576406,-0.23827664620783273,-0.40443494071061054,-0.3287658766792868
2016-04-18,0.16380994548410238,-0.07061918571025408,-0.2420184719678195,-0.16055680318364934
2016-04-19,0.12829962752000382,-0.11999084672004219,-0.307833563045714,-0.2104219774825179
2016-04-20,0.14118519888018735,-0.1014128277736422,-0.2902382976326755,-0.19174853227682906
2016-04-21,0.07932029726121555,-0.19107134372873416,-0.3756310142703027,-0.28185052277918665
2016-04-22,0.06423152943108229,-0.21257102439188968,-0.3967179327197922,-0.30348579703159917
2016-04-25,0.03994759922215375,-0.2514569363033415,-0.43230087405516077,-0.3425935318132574
2016-04-26,0.07392214055102848,-0.1959876140196718,-0.3807207440013111,-0.28690318975943385
2016-04-27,0.0672116238830437,-0.20823060468161828,-0.39074161086855225,-0.29924020429470216
2016-04-28,0.03715171394806665,-0.24855767612036989,-0.44337772209514353,-0.3395313307379507
2016-04-29,0.06519595833489462,-0.17966110512288352,-0.40302078182799167,-0.2708140345805438
2016-05-02,0.048013443825952004,-0.22444049396220525,-0.4379056542521745,-0.3162206042000448
2016-05-03,-0.021664620427491788,-0.32898251624138447,-0.5399422522443313,-0.4210926757883418
2016-05-04,0.013961539308787931,-0.26312624073530727,-0.4999788053427728,-0.35541131123180164
2016-05-05,0.0376364555746213,-0.22688988988119638,-0.46751474404060056,-0.3190453300121748
2016-05-06,0.03565344008927695,-0.22488787987083605,-0.46678977235539104,-0.31702528365082866
2016-05-09,-0.038268472437244724,-0.3396372589273506,-0.562135413580509,-0.43311500670275227
2016-05-10,0.06513888990036423,-0.16515700397863675,-0.4091009702273023,-0.2569228214667606
2016-05-11,0.026508157427806142,-0.23342245832456834,-0.475191248503586,-0.3251681781995507
2016-05-12,0.027109044231969668,-0.2320951222805703,-0.4742367286150311,-0.3238333550015367
2016-05-13,-0.08805405313658175,-0.40879548090586926,-0.6212214128512629,-0.5015101221898599
2016-05-16,-0.035396829184022094,-0.32184503481081855,-0.5492227991205367,-0.41365873304165574
2016-05-17,-0.11026396164671362,-0.4339787766439574,-0.6432151324284896,-0.526091818176834
2016-05-18,-0.10653570283263729,-0.4284153204602799,-0.6383714664360803,-0.5204974802301808
2016-05-19,-0.12311877236952565,-0.4527118602153629,-0.6566211548668346,-0.5448859579201577
2016-05-20,-0.10271576098198881,-0.42232271733169047,-0.6350537102042226,-0.5142097011070556
2016-05-23,-0.09655521164444977,-0.4124180604540454,-0.623214248595082,-0.5042661648646507
2016-05-24,0.0455141796778665,-0.20230686712703508,-0.41429401484871164,-0.29288704254737224
2016-05-25,0.029430036559511902,-0.23003235270142527,-0.4537736259996361,-0.3209298699522849
2016-05-26,0.037921724795663976,-0.2185880588756546,-0.4421591459183609,-0.3094283957664428
2016-05-27,0.10107883455058278,-0.13260188195050543,-0.35974781644177817,-0.2230562463135044
2016-05-31,0.07744450274156536,-0.16562416953856696,-0.39238863287820785,-0.2562547515698265
2016-06-01,0.09568045171435359,-0.13937883857644873,-0.3668274696251014,-0.2298617970847968
2016-06-02,0.09803539293510727,-0.1369124287238793,-0.36338917963223955,-0.2273766709516964
2016-06-03,0.13113336105329737,-0.07813689922520542,-0.3135369780482275,-0.16860376406785127
2016-06-06,0.17185673002553223,-0.0158519012305433,-0.24780227578938702,-0.10591443986979107
2016-06-07,0.2184138459501152,0.05848462830026658,-0.17872392164507203,-0.03135628799376243
2016-06-08,0.2387948092030785,0.0891495342034222,-0.14509399143085686,-0.0004983956397184767
2016-06-09,0.15935719278662908,-0.058487539927352415,-0.266723081312971,-0.1497165997093662
2016-06-10,0.08249332327918646,-0.191323515019126,-0.3966522054744619,-0.2828320156564414
2016-06-13,0.08214896203479566,-0.19000052539308784,-0.41761661033063413,-0.28151144299551295
2016-06-14,0.09615728154180465,-0.16501855240256105,-0.39913615642444755,-0.25647046623437875
2016-06-15,0.055092306329859,-0.23584091121381143,-0.45608636657284146,-0.32781274393242105
2016-06-16,0.06329409143133329,-0.2179941652691386,-0.4426957541417029,-0.30982668461278157
2016-06-17,-0.02145300861504022,-0.36621353943576057,-0.5685071430621268,-0.45929905814215294
2016-06-20,0.0440452088429709,-0.2510724544478035,-0.46464088305515827,-0.34334278354248965
2016-06-21,0.03034454649777188,-0.26628024942254275,-0.4795785556429652,-0.35869117990569105
2016-06-22,0.016238587391627916,-0.29128862572101455,-0.5013721249228983,-0.3838234623604199
2016-06-23,0.13787192922927938,-0.044154065038436156,-0.3056148666122511,-0.1342086582443307
2016-06-24,-0.0622868046220718,-0.4022852422841939,-0.6127488572548543,-0.486778167807804
2016-06-27,-0.16640310716495477,-0.4974466589096165,-0.7454993957452661,-0.5819629485280796
2016-06-28,0.061970485891640295,-0.20892255541505317,-0.5116811213993604,-0.293471794050596
2016-06-29,0.14787220010363264,-0.14300872857968747,-0.4689635669486659,-0.22698582576562715
2016-06-30,0.17996219652710538,-0.1404176159655215,-0.4650531225443537,-0.22436986334280543
2016-07-01,0.19748198981322362,-0.12480101739140184,-0.45209438675675206,-0.2107195559656694
2016-07-05,0.1719449077971991,-0.13542426496773494,-0.4611868950511792,-0.21516386955081343
2016-07-06,0.17027487350576467,-0.15519109587596155,-0.4784825142313569,-0.23841192935661892
2016-07-07,0.2663007588863194,-0.035365611470332826,-0.3672518618515958,-0.11846021297332368
2016-07-08,0.3408391776059333,0.017205021429349453,-0.31233174512330536,-0.06613587474460471
2016-07-11,0.2892046256744432,-0.05475985712761207,-0.36730029921124785,-0.1371588432277532
2016-07-12,0.2676992670017173,-0.09532212327400555,-0.40075533629025545,-0.1762432033859983
2016-07-13,0.24167769032934844,-0.1234161569516756,-0.4270550476333821,-0.20458231836217824
2016-07-14,0.2760043291432446,-0.09717450885663534,-0.3949590499998007,-0.17375117295169007
2016-07-15,0.22172868454338357,-0.15442632029841383,-0.45264853817836725,-0.23295916504877906
2016-07-18,0.23243796918305212,-0.14814424650890856,-0.4418133317110649,-0.22264140522372905
2016-07-19,0.22346493268354448,-0.15594513683551742,-0.45190080549286227,-0.23047854637225434
2016-07-20,0.2708785975848648,-0.11182067040133428,-0.3947946801780776,-0.18616131308420306
2016-07-21,0.2592091138027102,-0.11643462282755022,-0.40884575880122864,-0.19079177438391315
2016-07-22,0.31842495099270685,-0.05983198465617202,-0.3304151591818416,-0.13396506901060173
2016-07-25,0.36411395018379733,-0.0025611137730710055,-0.2674584109778056,-0.07660672105217241
2016-07-26,0.40122948412383286,0.03792059563846765,-0.21631788750103753,-0.035992581408282626
2016-07-27,0.3242861701823434,-0.04829648661838379,-0.3158844008080511,-0.12283197099198002
2016-07-28,0.29101985592478435,-0.08788055568509794,-0.356686294471898,-0.16269085644449893
2016-07-29,0.29910024355201953,-0.07307570172568337,-0.34310075021473596,-0.1478062636159331
2016-08-01,0.3031586777719291,-0.0717184231298916,-0.3406306794814337,-0.1464436975658345
2016-08-02,0.28508419431513704,-0.1215219775896876,-0.38028438365769296,-0.1962920868579567
2016-08-03,0.3137027556981755,-0.07290483152825548,-0.3342519772420363,-0.14740993033831462
2016-08-04,0.3006728361537722,-0.08427254739152444,-0.3506880936054956,-0.1588465981652919
2016-08-05,0.3968777147223857,0.08594430505697291,-0.1997409263715063,0.012321996173027419
2016-08-08,0.4046965277071252,0.094060108146354,-0.18902454184291667,0.020467189183850574
2016-08-09,0.3355077488622476,-0.011448097647021848,-0.28677965211546774,-0.08600332571635269
2016-08-10,0.37482354314704397,0.036640219305214314,-0.23465710082474905,-0.037896942616910484
2016-08-11,0.39494585058347226,0.08699098830130755,-0.19531039332221264,0.012819596903933028
2016-08-12,0.3971722417178926,0.08622295504818404,-0.19558894954259226,0.012048687277339617
2016-08-15,0.39274323260794186,0.09137028046371944,-0.1928618802802759,0.017233056693210208
2016-08-16,0.32938152427176665,-0.025608538767411367,-0.29264259643914603,-0.10020383094219794
2016-08-17,0.35761784693846865,0.023990491659165416,-0.24794197023861345,-0.050375833512243784
2016-08-18,0.4181152308021312,0.12228049732484633,-0.15783587840526733,0.0482190381047873
2016-08-19,0.5383997753293452,0.2847055685582154,0.011175123363132622,0.2102121717305004
2016-08-22,0.7326825495230839,0.5117519805348082,0.27405628368695656,0.43653800504399504
2016-08-23,1.0425317869618946,0.8078159095928789,0.5649692122125062,0.7192136311416093
2016-08-24,1.0873177809275698,0.7861168289134625,0.5498229767484863,0.6918039174045407
2016-08-25,0.8698715310632726,0.6151503135103022,0.4330233902237678,0.5813387505079982
2016-08-26,0.7079704444954757,0.4991520673595849,0.33506749790521667,0.48402663965575543
2016-08-29,0.7395148289797475,0.5679303462772658,0.39413830150976314,0.5523146008630601
2016-08-30,0.783017561441988,0.5725515800475401,0.3963182853940364,0.5498978922981913
2016-08-31,0.9833005513012169,0.6397004260475467,0.454811470288305,0.5966117860000572
2016-09-01,0.8641725276440445,0.5797808974852844,0.3951798679969789,0.5411469092380758
2016-09-02,0.8893687386422158,0.6408979513812813,0.4471865045399516,0.6019450087098469
2016-09-06,1.0183248965459848,0.7327983413317962,0.5318488447774316,0.688578460355958
2016-09-07,0.8611064799485297,0.6555264783517659,0.4494545383466849,0.6117144518552796
2016-09-08,0.9421933294544933,0.6636102014069882,0.46752637500336475,0.6227486517436313
2016-09-09,0.7271600156477573,0.28167428750954865,0.13266654976045925,0.24654623130591255
2016-09-12,0.7901459497389417,0.3986450489938228,0.28695333344912793,0.3616331958242405
2016-09-13,0.7137171249592501,0.29030275975661873,0.2162195203393666,0.25642264693001876
2016-09-14,0.6293537091660029,0.2530297360599788,0.16719234420202145,0.2101970013944721
2016-09-15,0.6379156877589328,0.30227151044658085,0.18298929055112403,0.25006984493369155
2016-09-16,0.6267599685329445,0.28098467298134944,0.17095716811386089,0.2316899409097358
2016-09-19,0.7445092984933652,0.32776099043803714,0.246303287312259,0.3017816950949235
2016-09-20,0.7100576883988168,0.3138535333060656,0.2217682352160955,0.2791790326010376
2016-09-21,0.8768327590802764,0.43010977800861155,0.35331731018540985,0.41206961792229413
2016-09-22,0.9300508354799036,0.4770898579415041,0.4041761664500231,0.4606423657960178
2016-09-23,0.9168645345547672,0.4527560680375121,0.3847920322758688,0.44027088188523356
2016-09-26,0.8616267060742157,0.3998393651864731,0.32930291863380384,0.3879194492565534
2016-09-27,1.0934405044031295,0.5535150717514705,0.5180045281648263,0.5612096872143556
2016-09-28,1.1231356387866527,0.5826513888283857,0.5490796543035418,0.5893607963814852
2016-09-29,0.9376154856531307,0.45024538009509846,0.4005853791177954,0.45599944362707073
2016-09-30,0.9707155407444739,0.48513680222753813,0.44461618179774376,0.4904322091914868
2016-10-03,0.855113374740999,0.4027977151911963,0.3604939024280088,0.4143403741051902
2016-10-04,0.7009469548122196,0.29357404533806325,0.23671470063102165,0.30384566682377406
2016-10-05,0.7560341296177456,0.3358930429222148,0.28765408126557673,0.3461077738918814
2016-10-06,0.70467852003775,0.30026736757780975,0.2557731940077126,0.3158294319856301
2016-10-07,0.6182403563244062,0.2338885845184404,0.18301051128861956,0.2541200872166655
2016-10-10,0.6502492915621875,0.270226166744819,0.22520849946744864,0.2904143755203511
2016-10-11,0.5518166459287134,0.15903185541452813,0.1053070992959375,0.17964357674591083
2016-10-12,0.6059722683993353,0.20215010371250888,0.1538020041629804,0.22455874110272275
2016-10-13,0.616870387571512,0.19885091814561673,0.15904936280728146,0.2243396896292092
2016-10-14,0.5163828413380621,0.12512059566640293,0.06605447345354883,0.13951939598443983
2016-10-17,0.45986389062630806,0.0709977024593394,0.006761844976756156,0.07993680241699622
2016-10-18,0.500017886076662,0.12452085847698328,0.05857000634428065,0.13312924468079113
2016-10-19,0.5277814249983838,0.15463712411124028,0.09070562941688742,0.16396155874464483
2016-10-20,0.5590166033075471,0.17172198611943995,0.11673171728896742,0.18579451553409246
2016-10-21,0.44710837487664873,0.08424664023677511,-0.0014842982005786405,0.07775392734355935
2016-10-24,0.40077899993694716,0.06915557447719695,-0.04106858463900234,0.045870905071760594
2016-10-25,0.3943429218827687,0.04678152023803199,-0.0601262814309338,0.024795816742139352
2016-10-26,0.39380073847012637,0.03804712408204488,-0.06907817427584012,0.01417665063600732
2016-10-27,0.29507589320287136,-0.06702412253289107,-0.17261182987426654,-0.08481440841336879
2016-10-28,0.2779635127674805,-0.09845846493913994,-0.20029083970489747,-0.1165495653577935
2016-10-31,0.30931332419007695,-0.06762935897307143,-0.17046418026854676,-0.08892060438720911
2016-11-01,0.17364500241139288,-0.24651863924222261,-0.33547273105966013,-0.2618334898642701
2016-11-02,0.1095930035378092,-0.3438036469122278,-0.42464708173973315,-0.3569723704957464
2016-11-03,0.0984720912902358,-0.3778271138637271,-0.4492347336739821,-0.3947986099673441
2016-11-04,0.09773246913450444,-0.3839542513072438,-0.45238477277981953,-0.40175331274015263
2016-11-07,0.2544925532926209,-0.10039809146234493,-0.23332107090252385,-0.1180988096331106
2016-11-08,0.3531724991837478,0.006538197321428092,-0.1133371608001056,-0.013119129656590858
2016-11-09,0.41048649221807276,0.08217551033685332,-0.0681785039724039,0.06252911086798173
2016-11-10,0.4560604004525603,0.13137822978808725,-0.020979957562648,0.11168144746622265
2016-11-11,0.5417976439368247,0.21689097809650165,0.08169814013962572,0.19700822336420268
2016-11-14,0.6297080863063199,0.3061429083929409,0.18479823709188162,0.28610432539794345
2016-11-15,0.5799546018707998,0.26774051591958026,0.13656664122721474,0.2476725660183259
2016-11-16,0.5716660488745657,0.2567578302655134,0.12659838158477288,0.2367031184276616
2016-11-17,0.49849568327195776,0.19979316058058563,0.0727086219757231,0.1797111381326303
2016-11-18,0.4885211660256826,0.18648852286940484,0.059704687267006236,0.16642288270310152
2016-11-21,0.5159201255025443,0.22394543480204002,0.10248594173558821,0.2038754292308464
2016-11-22,0.5381756651380127,0.24743938942703494,0.1270011162536911,0.22734781751560357
2016-11-23,0.5324842486117134,0.24274070692305724,0.12282234206067279,0.22265318546962898
2016-11-25,0.5599954377152317,0.27401066988628603,0.15784448817052457,0.2539011878601761
2016-11-28,0.517629739779077,0.22664574757262249,0.1036115385478653,0.20659835537866827
2016-11-29,0.5617364446950742,0.2725982741224405,0.15654175857820601,0.2524984145518304
2016-11-30,0.4772768988528839,0.1849611843286961,0.052103538018822754,0.16490503871856121
2016-12-01,0.5259005750665761,0.22971172647752636,0.1042550310435003,0.2095627289839459
2016-12-02,0.6347152392454177,0.33594328275998336,0.22821390514464324,0.31558237548890944
2016-12-05,0.5427892450103694,0.2635457358831709,0.14519290360821102,0.24311838158958088
2016-12-06,0.6109427053739477,0.3283316768188321,0.22047116395376695,0.3078321977176133
2016-12-07,0.7533118084856382,0.5328527078917754,0.39481520335226233,0.5124270346294115
2016-12-08,0.8296302847369108,0.6066880409097725,0.4672424326615139,0.5861688851515655
2016-12-09,0.8542214516561111,0.6654151239604357,0.5037216880940357,0.6448887575635529
2016-12-12,0.9996921225223304,0.7683950585328647,0.6174290778690984,0.7476204499769606
2016-12-13,1.0111330328364094,0.8211026159675952,0.6451435551584055,0.7984791887179298
2016-12-14,0.8732793479474472,0.6593637699943746,0.5078488081722802,0.6455745221506772
2016-12-15,0.8003486178269069,0.6224588506651285,0.46545502701171876,0.6187200724076836
2016-12-16,0.9060287916593064,0.6869641365057897,0.5393806504457934,0.6775527987774054
2016-12-19,1.0669671447330757,0.8147326283031479,0.6629976936462578,0.793454149491945
2016-12-20,1.0354211955281563,0.8161664463931559,0.6571607845467986,0.7993340086193444
2016-12-21,0.9477087678096483,0.7372326634456207,0.5861542462899919,0.7283543412217313
2016-12-22,0.8446743160024076,0.6567382107300419,0.5070089358831723,0.654418257104438
2016-12-23,0.8684498942664969,0.6814920516938598,0.5311020614244769,0.678787953864338
2016-12-27,0.9047900390788202,0.7210110453572149,0.56993538864983,0.7178189123147012
2016-12-28,0.7615154941003496,0.5673006139286381,0.4150318133214344,0.5625963093775269
2016-12-29,0.8153047182881755,0.5987665903028699,0.45625030025766267,0.5987714175033958
2016-12-30,0.8664110252376026,0.6067132467117129,0.4817133829368155,0.6133318519017321
2017-01-03,1.0372541015076218,0.7567953324187965,0.6508910655274333,0.774486420180672
2017-01-04,1.0689675770578277,0.8099093032380942,0.7014793299749656,0.8262378775024747
2017-01-05,1.1663442852360686,0.8695033380338799,0.7686649932126044,0.8838729222364011
2017-01-06,1.4073317496703226,1.0386425561676862,0.9659681294307982,1.0627731282949886
2017-01-09,1.4737084804539098,1.050061100432574,0.9985786321772034,1.0805562807677764
2017-01-10,1.4658767897195195,1.0454573655165795,0.9939349704876498,1.076494085251555
2017-01-11,1.4269190902825601,1.0437353469913693,0.9863933610548763,1.0783790038267187
2017-01-12,1.6413458677829293,1.1422889747488236,1.098333345733922,1.1687185231842658
2017-01-13,1.54043190598783,1.1021197982188455,1.0392510788875273,1.1237491331587197
2017-01-17,1.7163214767866628,1.1530391557401867,1.0983193805627947,1.163393758975216
2017-01-18,1.7234784791749693,1.1765972480888374,1.1190242495160245,1.18753599989192
2017-01-19,1.8099620683686959,1.1842843165961476,1.127801595996329,1.1833206001549956
2017-01-20,1.7948963063799377,1.2074926951073923,1.1474023389157761,1.209977805593321
2017-01-23,1.6251130536123994,1.0831267032109417,1.0280045275130547,1.097891230000502
2017-01-24,1.8222493382499174,1.233618085430929,1.1800625672760634,1.2466609726603937
2017-01-25,1.7868753810395843,1.2846110921277218,1.2196401402065735,1.3027493801631602
2017-01-26,1.8806709679092681,1.318302511528986,1.2579247518614656,1.3330915040659395
2017-01-27,1.823510194549585,1.2767032640289249,1.217528482331162,1.2925535769218677
2017-01-30,1.5928087030886655,1.0924302222747342,1.0396604559762896,1.1121694892274894
2017-01-31,1.5952275343066418,1.09264557101648,1.0404910589372485,1.112591016208419
2017-02-01,1.7823857758799644,1.1708693973639916,1.1291445429221463,1.1904796363920978
2017-02-02,1.7370865977039764,1.1572827017139697,1.1080911542628653,1.1747984418858326
2017-02-03,1.7815818568429318,1.2392892983133075,1.1772170813850464,1.2560425704866178
2017-02-06,1.9671072937924428,1.2916273649428573,1.2547512229389743,1.3167230853097889
2017-02-07,2.1074260239693263,1.347338753816062,1.3305808732766113,1.3818053098526524
2017-02-08,2.118882115399895,1.3647260846394451,1.3455875353753344,1.3991005212768441
2017-02-09,2.1784937642943505,1.444003997788229,1.418219513670792,1.4781736376256827
2017-02-10,2.3515017083494345,1.5491856248235623,1.5376089948146905,1.5906002728981332
2017-02-13,2.248508084640285,1.5389465993495157,1.4949572846018668,1.5687292702557651
2017-02-14,2.152637454921395,1.5259583021360001,1.455932828210718,1.546244688580527
2017-02-15,2.069299451826084,1.5286631044457408,1.4395410464095653,1.547514463838773
2017-02-16,2.1021780890240493,1.5338259273332264,1.4494089371451906,1.5531853735236043
2017-02-17,2.121689402878044,1.5568790628088198,1.4703322867151682,1.57617410970876
2017-02-21,2.0562651900624966,1.5756139229409016,1.469597433176172,1.5915455996968524
2017-02-22,2.1874423219112615,1.6201145926126175,1.5328687123053506,1.642851812908156
2017-02-23,2.1513368322360327,1.6098075855275793,1.5165225796613757,1.6309648662471543
2017-02-24,2.0595369070672263,1.5757452779642485,1.470134594718317,1.5947308718788036
2017-02-27,2.0979504792562227,1.6070640721340113,1.503652180479351,1.6272061165830443
2017-02-28,2.154586425937717,1.6051674784610708,1.5143087215961994,1.629767156381772
2017-03-01,2.0969732461769732,1.6636057883837585,1.546703125712919,1.678298635563899
2017-03-02,1.986568511984664,1.5534646123195428,1.429651595349729,1.563588460516345
2017-03-03,1.955106979104314,1.5436863245749137,1.4156937040548963,1.5547484860263374
2017-03-06,1.892866727550684,1.4887132560523233,1.3693240012188854,1.4997540798300977
2017-03-07,1.8542085063099516,1.445078125091253,1.3343882647378413,1.4560997182711115
2017-03-08,1.956680984420581,1.479219175953796,1.3888340614267354,1.4902634724038086
2017-03-09,1.9219749287493386,1.4698996209949038,1.3687674849505118,1.4809437189066914
2017-03-10,1.948036936210033,1.5085480429563642,1.4002283586060342,1.519591515497325
2017-03-13,1.8151394673217112,1.4363297341876717,1.3014681674831332,1.4473928331187165
2017-03-14,1.7880058069873768,1.391679598977551,1.2655775894461931,1.4027182656051969
2017-03-15,1.8854565486936439,1.5033101489602403,1.37286435467976,1.514310334744823
2017-03-16,1.8096486073806657,1.4455205975238106,1.309402401691449,1.4565094978506692
2017-03-17,1.7309240993615496,1.3850139940596233,1.2438420463503272,1.3959941111468235
2017-03-20,1.6812044465335572,1.3469744716192626,1.2012489998666862,1.3579478945762795
2017-03-21,1.523268345971813,1.167690899625346,1.0317240054372179,1.1784943290024663
2017-03-22,1.5518533363835672,1.1951950829044966,1.0631547476571512,1.206001252411597
2017-03-23,1.6110446832839855,1.2338155458745281,1.115049871905285,1.244641955409673
2017-03-24,1.6081611601079264,1.2294133881319265,1.1124775172365258,1.2402385841528145
2017-03-27,1.5918207738928933,1.2144745829099033,1.0969696792966876,1.2252960199095866
2017-03-28,1.574656291081729,1.2213991866645113,1.0830381436458205,1.2322163298263307
2017-03-29,1.5413718239340048,1.198097652017603,1.0492192879092892,1.2089152037639197
2017-03-30,1.5976093323579794,1.2602751861414936,1.1049818144858177,1.2711014004722607
2017-03-31,1.5087540277144584,1.1668138137240809,1.014785584718529,1.1776388956046895
2017-04-03,1.5244943004039226,1.1766385027098774,1.028803752205598,1.1874683816877671
2017-04-04,1.6407305967725792,1.2853669796723128,1.142929942382986,1.2962693449662022
2017-04-05,1.5085146229750337,1.1574871576440733,1.0014870552279087,1.168401812092172
2017-04-06,1.6720290680663332,1.3106024129557359,1.1516007926786092,1.3216108600990308
2017-04-07,1.634302057525456,1.2757347923103035,1.116337159819446,1.2867369284748102
2017-04-10,1.6651021536785091,1.3029270822322738,1.1418544799494563,1.313937217454569
2017-04-11,1.5642579987352545,1.2046666081696569,1.0543084482015261,1.2156950076435118
2017-04-12,1.4212823980556726,1.059024375117114,0.9123306005707171,1.0700487028847843
2017-04-13,1.3503172247600137,0.9674826377913641,0.8217064633448569,0.9784472600738393
2017-04-17,1.4470161253128642,1.0875963140372877,0.936743275496377,1.0985096283634104
2017-04-18,1.3470712807317522,0.9913120586346275,0.8437453316220501,1.002219693515821
2017-04-19,1.296139379755712,0.9421648519752212,0.7961607025007316,0.9530645838606325
2017-04-20,1.3651945347749828,1.0358069311837046,0.8712234785800969,1.046662140226064
2017-04-21,1.389176899203056,1.0399443973587559,0.8877872057939046,1.050802309069435
2017-04-24,1.4924698466698263,1.1725984604296213,0.9952556294513168,1.1833715687910027
2017-04-25,1.5671095703985167,1.2519384288143027,1.07156646395368,1.262705709043532
2017-04-26,1.545615701863466,1.23222617633017,1.050475156307946,1.2429897304633084
2017-04-27,1.5334358099164578,1.2239454469963686,1.0366533631558872,1.2347084746519763
2017-04-28,1.6109964335336218,1.2839583723583692,1.1222588259367166,1.2947671279991053
2017-05-01,1.694708503164865,1.3607992755487857,1.2138552232762487,1.371632377229733
2017-05-02,1.6222599871491896,1.3001767523482664,1.1418535836492547,1.3110206405004436
2017-05-03,1.7068717957682547,1.3621156229018458,1.2196957084207176,1.3730015931961133
2017-05-04,1.7801080882839933,1.4253723904250444,1.289716930969056,1.4362848181290013
2017-05-05,1.8216499093906813,1.4736164694643301,1.3378111773342876,1.4845284254965287
2017-05-08,1.7830953758799926,1.4357658927613524,1.3033299186847882,1.4466756812665928
2017-05-09,1.764886099741401,1.4162355898863574,1.283765169861501,1.42714027489734
2017-05-10,1.6682042447601442,1.323381476710614,1.192518174737903,1.3343458529785237
2017-05-11,1.7533763227915593,1.39404523915915,1.2703596691521473,1.4050678834601087
2017-05-12,1.7324118522042606,1.369741281938707,1.2445835129807754,1.3807556161023422
2017-05-15,1.887828253754097,1.5302489064570948,1.393991806405218,1.5413136219373804
2017-05-16,1.783479028661042,1.4326339296024904,1.2976915664663735,1.4437181976675622
2017-05-17,1.671480433691246,1.2449259608749599,1.1153807594170542,1.2556972129837738
2017-05-18,1.709087122508232,1.2803366115491315,1.164037346328912,1.2911076907463093
2017-05-19,1.8106025713200158,1.3725160720393492,1.2403606353333854,1.3832903057216444
2017-05-22,1.799028527516086,1.369065161624343,1.2304762908560472,1.3798406321821801
2017-05-23,1.836242012635332,1.4035957719916359,1.2607180962434654,1.4143771408880903
2017-05-24,1.7407153622240656,1.3298874062496089,1.1750838123270348,1.3407085589076055
2017-05-25,1.7218326006324962,1.3311100520637948,1.157600294150028,1.3419307617120089
2017-05-26,1.7166152007166886,1.3267639115186796,1.1532186820559251,1.3375836141573634
2017-05-30,1.663690129308196,1.2849155684196112,1.1091524914485331,1.295731105687742
2017-05-31,1.6815344063263842,1.2972208055357666,1.1236777813038938,1.308040274063371
2017-06-01,1.738135519434933,1.3620705777137003,1.187513432130624,1.3728669682267953
2017-06-02,1.7409583134642759,1.370574079920423,1.1956468977452623,1.381369634296014
2017-06-05,1.7655762475330765,1.3892008306695416,1.2187296164909394,1.4000040460733032
2017-06-06,1.679597159299229,1.3132506164585833,1.1303963132968446,1.3240402756106016
2017-06-07,1.682551512130362,1.3187589759379181,1.1346990904114758,1.329548929407282
2017-06-08,1.6543292541376007,1.2966469980213133,1.1056057810965791,1.3074358618075335
2017-06-09,1.6526763907844189,1.2936380968477093,1.1029126933436322,1.3044258358749419
2017-06-12,1.7599288706823413,1.393245135831363,1.2190026389812316,1.4041050768405265
2017-06-13,1.8981229835938755,1.5172047028110323,1.377832161413399,1.5281091023197577
2017-06-14,1.9058530976892816,1.5225275541922711,1.381461697724565,1.5334342087573893
2017-06-15,1.8999830164850888,1.5161690741727682,1.3697978532095765,1.5270729600687032
2017-06-16,1.871402295300318,1.4874160319357372,1.3434239452033712,1.4983181929044698
2017-06-19,1.9939583776007879,1.629495350194771,1.4839771716940868,1.6403789010912533
2017-06-20,1.8528337019855066,1.468786873343151,1.3215473580064896,1.4796116724859276
2017-06-21,1.8208435049860843,1.4358233701228773,1.2884664025797383,1.4466449160300228
2017-06-22,1.833650278481667,1.4475791914802205,1.3011328538549998,1.458405070792401
2017-06-23,1.7246612478160495,1.3166648763031712,1.1833658688484063,1.3276049376446912
2017-06-26,2.3077075000674023,1.899992712050256,1.7796685323114039,1.9121426976482219
2017-06-27,2.469125524681812,1.8951206788176935,1.8780759438521797,1.9072634415750762
2017-06-28,2.4015980115583777,1.9137716509870246,1.9100740911722607,1.9258872579283273
2017-06-29,2.1201923188487255,1.693592363456078,1.7152525051872756,1.7055969880115132
2017-06-30,2.003140502512272,1.6526766901497285,1.6754846001982395,1.6646932444778801
2017-07-03,1.9983449565200957,1.664899650765006,1.6830606455800745,1.6791907468431682
2017-07-05,2.124552331056104,1.7321798371425916,1.7446123323665375,1.7390141464319433
2017-07-06,1.92799931307079,1.5665741822848462,1.5978630245610617,1.5769290454653913
2017-07-07,2.0098061828012255,1.6439391411590203,1.6743833864169662,1.6540398376370329
2017-07-10,1.8707060951638745,1.5885003658420713,1.6037542901790094,1.5992830051505829
2017-07-11,1.8188183164786476,1.5633724031227345,1.5733744078550642,1.572434971629442
2017-07-12,1.8214342095347877,1.6114568595299867,1.6089749917298526,1.6185665215135165
2017-07-13,1.843886397970435,1.6308977286103608,1.6295261307669489,1.6380912256448346
2017-07-14,1.8337181541503809,1.6552305223622914,1.6425985139316523,1.6577580629856599
2017-07-17,1.8493191262189397,1.6603543893338324,1.6514003866765032,1.6646565353702425
2017-07-18,1.8232087791819618,1.6535081414135513,1.6367532738701214,1.653508141413554
2017-07-19,1.8998405975387695,1.7192992164133267,1.7104041340010054,1.7192992164133298
2017-07-20,1.8556793046612097,1.704988630869349,1.679768788818568,1.7049886308693514
2017-07-21,1.8940618236153879,1.7125149738887502,1.7055373326968455,1.7125149738887528
2017-07-24,1.8375002096995607,1.6883605184174615,1.6587673287660571,1.6883605184174642
2017-07-25,1.9026404125898784,1.7308914250006895,1.7206520196831905,1.7308914250006926
2017-07-26,1.8973542593208126,1.7281255643039837,1.7162795673578948,1.7281255643039866
2017-07-27,1.8990495081684855,1.7247308867496085,1.7144385085057687,1.7247308867496114
2017-07-28,1.8696796132676858,1.69656208060968,1.6832154313647671,1.6965620806096824
2017-07-31,1.842511533392556,1.6704741226333784,1.6551771673909212,1.670474122633381
2017-08-01,1.8804295544447056,1.7124418523483125,1.6990025839685308,1.712441852348315
2017-08-02,1.9740272829973529,1.8077590088679851,1.7980231559873723,1.807759008867988
2017-08-03,1.913154869404288,1.7421252743605975,1.7279479723647126,1.7421252743606004
2017-08-04,1.922417138904448,1.7538136894396679,1.7431093679358822,1.753813689439671
2017-08-07,1.8519552001289916,1.6806169305128196,1.674973732139434,1.680616930512822
2017-08-08,1.8273967628513703,1.6525509309685775,1.6421498831867773,1.6525509309685806
2017-08-09,1.819371352104559,1.6433941397276877,1.6340816824417865,1.6433941397276903
2017-08-10,1.6454182397247346,1.4447494755231087,1.4063231610089046,1.4447494755231107
2017-08-11,1.608492934546595,1.402793465319995,1.370803538620247,1.402793465319997
2017-08-14,1.7297736315907517,1.5403906709920128,1.4754376519879373,1.540390670992015
2017-08-15,1.693600823162912,1.4994461535937045,1.4370981164301206,1.4994461535937067
2017-08-16,1.7826691967727843,1.599672023888683,1.528364917365797,1.5996720238886855
2017-08-17,1.5360102769638708,1.3208183887278708,1.3183244005642496,1.3208183887278728
2017-08-18,1.4899766592469135,1.2739579441074673,1.2725046963943114,1.2768070130283258
2017-08-21,1.5174717657253336,1.302525482290192,1.2987094588671562,1.3023057856683948
2017-08-22,1.6319427155309458,1.4043845074933987,1.3849385870944655,1.3721246049636222
2017-08-23,1.5631667561112854,1.34218427822277,1.3233765709248064,1.317860699120089
2017-08-24,1.5993398641443122,1.3931893659556867,1.378886885663914,1.3748767923567158
2017-08-25,1.6353565093554434,1.4245594543753364,1.4102669693905938,1.4014764151365524
2017-08-28,1.6591139546185019,1.451291447395567,1.436659444710133,1.4282223566588552
2017-08-29,1.6161291251154446,1.3977764369840615,1.3833299827210972,1.3730154538692005
2017-08-30,1.6911276236782342,1.4643612626913087,1.4562416623039791,1.4358988764860932
2017-08-31,1.7949416441307295,1.5584372515337637,1.5615012226350935,1.528800899173298
2017-09-01,1.8112710855022003,1.5706010166772726,1.5770605634687902,1.5411469014336472
2017-09-05,1.6656397344656593,1.442476677722178,1.4295829917809182,1.4122351123678683
2017-09-06,1.670043892394711,1.4318204205845524,1.4279662864840186,1.403902397578842
2017-09-07,1.6696817586021977,1.4320054839982197,1.4278906103221178,1.4040798051726364
2017-09-08,1.6835473431286245,1.453657698600792,1.4472676521214691,1.425332639266095
2017-09-11,2.1820560287605826,1.9979154551415914,2.039274865575343,1.9651230299476208
2017-09-12,2.075601485278335,1.9066744905100115,1.9081733738439857,1.8747694175347436
2017-09-13,2.306416724789361,2.056217913608808,2.0345516656402807,2.0240883988398766
2017-09-14,2.307149947379692,2.0558058014184017,2.0332984018121887,2.0240504597226425
2017-09-15,2.2125009611358126,1.9947006856865734,1.987097534869418,1.961683485396644
2017-09-18,2.2935576509033724,2.0565802884566127,2.044425480425012,2.015577769289738
2017-09-19,2.3041076275509362,2.06983488102506,2.0569310597660455,2.0251209434773263
2017-09-20,2.3082174004826923,2.074816861410988,2.0617689545622655,2.0301258985341915
2017-09-21,2.14680498016338,1.95240723557637,1.9330841959575393,1.9070575280149662
2017-09-22,2.0730973586400703,1.9104011263936729,1.8817204553323623,1.8648206439557447
2017-09-25,2.123731228996149,1.9214019543977836,1.9000852640965018,1.8758599704394785
2017-09-26,2.2533915149555037,1.9938626887949007,1.9899013408560204,1.9485970755975466
2017-09-27,2.2269184644667477,2.0060301024653575,1.9925913896574292,1.9608433859205905
2017-09-28,2.1807757958325498,1.9892877807705378,1.9675457366323832,1.944008385876817
2017-09-29,2.3658958397900443,2.108515530721474,2.1170195329890458,2.0637607258611492
2017-10-02,2.330289590279037,2.1195775500250593,2.1130669422120296,2.0748965225874456
2017-10-03,2.392769666838715,2.1675277579352095,2.1710585474550097,2.1230767926163634
2017-10-04,2.4846991504692415,2.221740324270974,2.2431416323076947,2.17752087451892
2017-10-05,2.5017592862222897,2.2727859638102053,2.2868469660940676,2.228900490956845
2017-10-06,2.476345726925389,2.2505757987804826,2.2599866381229585,2.206595025871353
2017-10-09,2.5029139037934875,2.249107259224454,2.2724016236926388,2.2051209176662447
2017-10-10,2.472178409249754,2.2448957297931167,2.2563080474130666,2.2008847340933806
2017-10-11,2.7091000527238527,2.4028178326930747,2.4610822011476903,2.3593183751600457
2017-10-12,2.6695419529521938,2.3670370993947185,2.4195854246861943,2.3233818276001164
2017-10-13,2.735231077169002,2.4180752465056434,2.4745331327501447,2.3746398632340173
2017-10-16,2.7463553802571115,2.4326373934940455,2.491040916032421,2.3892725901483214
2017-10-17,2.8084790811980196,2.4807522345607795,2.5441849372464667,2.4375864234029723
2017-10-18,2.743938163153907,2.4360837856856237,2.493123071680128,2.3926643430934957
2017-10-19,2.7119077035105854,2.414395114888914,2.4666104435990506,2.3708682874152394
2017-10-20,2.805282978335351,2.5065277911072954,2.5727117001421838,2.463492656010554
2017-10-23,2.739604537133489,2.4377553065935915,2.4899473717708624,2.3944614230886336
2017-10-24,2.7082974661633887,2.417758893787763,2.4666473931218036,2.3743528201635664
2017-10-25,2.682218624006768,2.3776051699748066,2.4265579062608027,2.334076968378007
2017-10-26,2.7294221851137026,2.4220012171372325,2.4766392805925896,2.3786679754624283
2017-10-27,2.8665038970574495,2.562147535048931,2.622952061543914,2.5196206486158945
2017-10-30,2.854228938476669,2.543671408032769,2.603697247968295,2.5010854324639893
2017-10-31,2.8748666533084855,2.565861040623098,2.624715341326562,2.5233783695692655
2017-11-01,3.0108199063398824,2.7065922123336557,2.7637406249376784,2.6645785818544176
2017-11-02,3.1131933602184008,2.8089367029782086,2.8726902203198996,2.767276621247327
2017-11-03,3.230067546736272,2.9295896246975057,2.989376053670759,2.8884297244782617
2017-11-06,3.2678956017656513,2.9690698883021547,3.028167003189174,2.9280830521877443
2017-11-07,3.0884150036234734,2.7756867047407994,2.84214597021763,2.7326282610092885
2017-11-08,3.052052159243851,2.7596219256032675,2.8121088942661596,2.7164697036840817
2017-11-09,2.8695021646249566,2.5983509005174796,2.661699782850468,2.5542789376063904
2017-11-10,2.82913518862421,2.5686431620680246,2.633535731218456,2.524414186383348
2017-11-13,2.8793055370232143,2.6078354568585973,2.6709460427403116,2.563798665317635
2017-11-14,2.8309488431503147,2.5606698989210286,2.620795175838681,2.5164138827511278
2017-11-15,2.6488384854445455,2.399725510188666,2.4497536616184723,2.354658019749446
2017-11-16,2.7843666458793583,2.533004986526929,2.5920936768983003,2.4888490308298716
2017-11-17,2.6686120696597824,2.4349044339448316,2.4895925696637167,2.390256636216875
2017-11-20,2.728301970416635,2.484268958961484,2.54013038309034,2.439868994850499
2017-11-21,2.717357502640833,2.5069140293117105,2.5448357961557253,2.462694983960945
2017-11-22,2.675681273491284,2.473954207872968,2.50776968469613,2.4295708493962183
2017-11-24,2.7006832341099267,2.5036745532708222,2.5335228908125598,2.459455029184319
2017-11-27,2.6414292148647727,2.4603149222070213,2.481175625448633,2.4158645446716505
2017-11-28,2.839888986302023,2.6390321972968813,2.6755439030580854,2.595752314193033
2017-11-29,2.8026590134416396,2.61051012759466,2.6397950914440615,2.567091327157967
2017-11-30,2.947516305959676,2.748296704737418,2.7741826166180754,2.7057491869610693
2017-12-01,2.9743332778619958,2.753922755353572,2.799374503556577,2.7113968397632573
2017-12-04,2.9483999568206176,2.729401174355224,2.7760177817526346,2.6867660335045853
2017-12-05,2.8122333197155123,2.610158755156271,2.647601791075923,2.5669570593463025
2017-12-06,2.7708777448214574,2.580251809242693,2.6057870428803764,2.5368954658357405
2017-12-07,2.6692865411632165,2.4709761703716118,2.501478698050404,2.426566877440199
2017-12-08,2.7075762116628557,2.5129472709944416,2.53887590457517,2.4688205531208727
2017-12-11,2.6700181333668676,2.475232245518135,2.515895882446716,2.4308371207832558
2017-12-12,2.7134711939433114,2.5188251440863207,2.556283211824099,2.4746504953672543
2017-12-13,2.6239726061292505,2.4288280293102655,2.4783412160429257,2.384071101204502
2017-12-14,2.702901417808353,2.5000538228008766,2.533594824281137,2.4555051237906835
2017-12-15,2.7510886162372143,2.5596240141989557,2.5962627493505273,2.5155648608281798
2017-12-18,2.865871443953314,2.6755609271665564,2.708085906978099,2.632189008058463
2017-12-19,2.7714368673960497,2.581104427061293,2.6226167183760616,2.5373108277073353
2017-12-20,2.7095561602249694,2.5233805927121,2.568157509162944,2.479269430402085
2017-12-21,2.78401218418338,2.5960535626283523,2.635809538432408,2.5522902343315224
2017-12-22,2.807174540187434,2.6167601551457857,2.6569537106516883,2.57309043315676
2017-12-26,2.767003234932135,2.5777000594464723,2.6180788241166417,2.5338392597079933
2017-12-27,2.7385677235808203,2.552254284519745,2.5909227634570575,2.5082543670517117
2017-12-28,2.9166633050072224,2.723401186523963,2.7701641175408183,2.6800696899397427
2017-12-29,2.8576158193834864,2.6608805851420625,2.705767959943899,2.6172869537263104
2018-01-02,3.0108272791333035,2.8103438121845215,2.8610205916740328,2.767604949777248
2018-01-03,2.996705084490721,2.809997304796084,2.8570120122171634,2.767255668049297
2018-01-04,2.9759693994368344,2.802969003250593,2.840435750491324,2.760179137989528
2018-01-05,3.0756671930711126,2.9046184981146372,2.936788172987578,2.862440434909303
2018-01-08,3.0520642076816795,2.889842609433174,2.917761886752917,2.8475810300376976
2018-01-09,3.1396666352998754,2.9769174080907086,2.999154403620298,2.935055467638059
2018-01-10,3.115281034426183,2.9514593667101936,2.975312354571911,2.9094837225801573
2018-01-11,3.16815470787941,3.00870063712602,3.0313741709889066,2.967116821916647
2018-01-12,3.2938432445304016,3.137349303779215,3.159327962400065,3.0964514077443037
2018-01-16,3.203924084606381,3.0439134157541137,3.0709620716759,3.0026054616012523
2018-01-17,3.375395239964063,3.2226480633816905,3.2396570651931116,3.1823361629320592
2018-01-18,3.3167732993928736,3.1615627764150087,3.181001901000876,3.1209749554898
2018-01-19,3.440323278038837,3.2902971692099707,3.298788909601111,3.25029502270223
2018-01-22,3.4887508676107175,3.340652270909989,3.3361261631148222,3.3009856553446895
2018-01-23,3.561804732997154,3.416739519765389,3.4081686225207,3.3773965785074385
2018-01-24,3.473327471306033,3.324668962946382,3.31659186835202,3.2848382748911913
2018-01-25,3.3749723349088834,3.2222728502001337,3.2124904845623594,3.1818177256885636
2018-01-26,3.5186376797007353,3.370733493800885,3.3530823000834755,3.3312278909151893
2018-01-29,3.4261561410800723,3.2782019850953517,3.261761959113327,3.238384309058511
2018-01-30,3.340788730045659,3.2232629650252864,3.2100134099394,3.235691627055551
2018-01-31,3.3494640670081184,3.230428025382699,3.2172256726557324,3.2417135808965143
2018-02-01,3.3261475955478055,3.2104226960199633,3.1993347933936604,3.2257599863555346
2018-02-02,2.851009371952755,2.8463384029172367,2.8567010409945843,2.965186941239109
2018-02-05,1.8761408983036758,2.2760125263937945,2.054017195530041,2.319056198708977
2018-02-06,2.0767639702467102,2.3859599902598214,2.1910697946771,2.439865988026504
2018-02-07,2.00890912028714,2.360226671053729,2.1695499418257915,2.4218723531727635
2018-02-08,1.4217878231435672,2.1413070862689967,1.9874957467527363,2.267273857072046
2018-02-09,1.5012870846164754,2.119177212095143,1.9730849202606757,2.2393587419962406
2018-02-12,1.5956960343237585,2.118227173937569,1.9683619644732084,2.225392279940624
2018-02-13,1.5671441898102045,2.057975324612766,1.9112408778624377,2.1624010765276798
2018-02-14,1.6505881737482904,2.0515488423183212,1.907991560162508,2.1483462341778528
2018-02-15,1.7156513178401471,2.0276511870470064,1.8930045347611508,2.120447593427496
2018-02-16,1.7274229360521904,2.0405391082802975,1.9053270704045857,2.13358423806082
2018-02-20,1.6439467959637388,1.9970387259564495,1.8579396728972508,2.088880373681371
2018-02-21,1.5334354992405765,1.9038723974348244,1.7617820496419143,1.9924915587072747
2018-02-22,1.5556059219713891,1.9207731921841167,1.7802979375287167,2.010493359270453
2018-02-23,1.6886134811058124,1.9639398539952944,1.8493740762638258,2.0663513083055816
2018-02-26,1.780713229387123,1.9844993316681871,1.895055857341436,2.101112166138255
2018-02-27,1.6266403304101142,1.9190738679902724,1.799984927556976,2.017946079492135
2018-02-28,1.5451713012742483,1.9222204669204088,1.7783238485918167,2.0066663520048227
2018-03-01,1.262627837136382,1.7110016512494484,1.5232424010258783,1.7726910621026208
2018-03-02,1.3761383967297727,1.8230269313012952,1.6485606785924558,1.8940068521913977
2018-03-05,1.4738774525662122,1.8518413307168882,1.7031456805930212,1.936633159478659
2018-03-06,1.5281059080882706,1.902605093311587,1.7490682010272833,1.9921240787641001
2018-03-07,1.5545097353876838,1.9432995202252208,1.7796567885826535,2.0332914045159676
2018-03-08,1.618663735189036,1.9898904298741855,1.8312994130581732,2.0852579387001793
2018-03-09,1.7514262373231553,2.044534832078735,1.925487588961462,2.1600369298964086
2018-03-12,1.706115287070122,1.9927922360083168,1.877077062441115,2.1073311387716425
2018-03-13,1.6351584478046657,1.9449525875809182,1.8266464957837278,2.063229205805736
2018-03-14,1.6216012580818813,1.9668211945603904,1.838459113789823,2.0874984651225437
2018-03-15,1.5329885787214457,1.856156490740547,1.7304697353356826,1.976183412350551
2018-03-16,1.5627543735492095,1.888699283292482,1.7641915941277677,2.009186577033188
2018-03-19,1.4358352950547322,1.8130155543612239,1.663840337847666,1.9309952819728537
2018-03-20,1.462553169937248,1.8378022356337322,1.691488708772601,1.9576686007518107
2018-03-21,1.5799685192439494,2.0172827485806435,1.8570566298836508,2.1420743432342073
2018-03-22,1.2758875307666306,1.803250421336865,1.5870848520320469,1.9119680222027757
2018-03-23,1.063179720289457,1.686547163534728,1.3916942865038138,1.747899910522776
2018-03-26,1.2790910664749484,1.81997442787229,1.5318749010222708,1.8691399047437045
2018-03-27,1.1224670613065844,1.7461452210573671,1.454824368854549,1.8051680193353221
2018-03-28,1.034423821046205,1.6592990536970096,1.3696738505274624,1.720697032598169
2018-03-29,1.1310677370448485,1.7051434917196775,1.410108469479162,1.7544011022696258
2018-04-02,0.8965611933117924,1.5588520764653793,1.2733962321895873,1.625625074964978
2018-04-03,1.0201436227914729,1.642050556809942,1.3560583502940873,1.7053261846474728
2018-04-04,1.1215864889321716,1.7086709111174974,1.419996420834351,1.7661099568207703
2018-04-05,1.1805837628881513,1.73238455213495,1.4463451236931635,1.7867653676121777
2018-04-06,0.9965058620128779,1.6725815428065212,1.3713916537166013,1.7313794221842613
2018-04-09,1.0135384327602595,1.6560854294343546,1.3612245167882742,1.7158722127515098
2018-04-10,1.1439958565341375,1.7304606435855108,1.4395309056385075,1.7857728378697493
2018-04-11,1.0945064758289358,1.7017768912438496,1.4069215312666876,1.7561757879238376
2018-04-12,1.169575118366161,1.7488291304969663,1.4597841207008646,1.8044490493151992
2018-04-13,1.1820154382698231,1.7989635087497482,1.5052996875794429,1.8541862329688967
2018-04-16,1.3026094706187505,1.926419828621308,1.6408246506235666,1.9885934362214335
2018-04-17,1.3160986898027556,1.8582935717339477,1.5958093247314438,1.9300822744910944
2018-04-18,1.3473177114167294,1.9001431511047262,1.6362259104762296,1.9734779202439916
2018-04-19,1.3152959420579156,1.901476568824669,1.6212965544123954,1.9670486298732741
2018-04-20,1.177832482192423,1.7662931840759393,1.4800666854833313,1.8145099475503346
2018-04-23,1.2033276001799258,1.8116622428029343,1.516036541855246,1.8602452104672622
2018-04-24,0.9993569633458286,1.6137887112996732,1.3091296689616712,1.6392592446820742
2018-04-25,0.9728953918276575,1.5584669248671292,1.2668441839646625,1.5868966192888563
2018-04-26,1.0575791271418478,1.6174097882824965,1.3380751663209363,1.6512716323429488
2018-04-27,1.0583867967288676,1.6118055267517897,1.3366772873881119,1.6465677705528952
2018-04-30,1.0111629370463402,1.597056223439405,1.3018803397261294,1.6246296549912385
2018-05-01,1.0052052774097198,1.5767014521423952,1.288817522643865,1.6052557590923946
2018-05-02,0.9456107497354659,1.5286860929928388,1.2313200428175672,1.5537399654553874
2018-05-03,0.9374217795340355,1.5302329685324,1.2271401616434183,1.5535868810358648
2018-05-04,1.0272437042676796,1.5931091558440016,1.3115108504714998,1.6241274400860275
2018-05-07,1.022896060528723,1.568905807096279,1.293568926924537,1.6001301858886439
2018-05-08,1.0242528137097626,1.5710406373090535,1.2956767336974864,1.6022845514453379
2018-05-09,1.1065593047867737,1.6567135451753634,1.382740883791076,1.6799869906267715
2018-05-10,1.164313429683763,1.7041242012299975,1.4368713161149496,1.7246593173506946
2018-05-11,1.2053178384693857,1.7545059398719582,1.4897368938807949,1.7738482778445857
2018-05-14,1.2228147065174075,1.780694268141956,1.5166346867429954,1.7999253716497334
2018-05-15,1.1216959172884011,1.6498306971577972,1.3831073389237125,1.6721491677256224
2018-05-16,1.1623879550242093,1.6968066628811727,1.4335560789368669,1.7183807688553385
2018-05-17,1.3140850339652976,2.0010626989404456,1.705232180689647,2.0275718826537603
2018-05-18,1.2611344588505808,1.9376537714261683,1.6278780116027012,1.9642090289749559
2018-05-21,1.268782549652169,1.935123564473464,1.6494410727239313,1.9616603993517465
2018-05-22,1.205350997332188,1.8575160607340082,1.5773861884610358,1.8832549656598048
2018-05-23,1.2096346161254434,1.8597070776727131,1.5859917448160457,1.8854672428606594
2018-05-24,1.1738831951086233,1.810931936828184,1.542972727680369,1.8361652391161978
2018-05-25,1.1160899227298087,1.7303314645609706,1.4717417466869154,1.7547389172705152
2018-05-29,1.0188439202567652,1.5977700431769801,1.3309730948624026,1.6204392591726733
2018-05-30,1.1271952471089761,1.7250640430690782,1.4758998284318547,1.7487490976347857
2018-05-31,1.0782041977735,1.6705066012266012,1.4194031258340085,1.6935551339768427
2018-06-01,1.09197239032351,1.6666196117815364,1.4116984471276006,1.6896434185675402
2018-06-04,1.1030007859897732,1.6707209828096887,1.412176633290088,1.693781216357599
2018-06-05,1.1148080302377648,1.6857115988707472,1.4260677729401179,1.7089302435060396
2018-06-06,1.205535219339897,1.7953167123304297,1.5295693078502237,1.8195930527674278
2018-06-07,1.1898972842789945,1.774373557322042,1.5073911355759375,1.798437591294437
2018-06-08,1.2093907459020483,1.796303778387508,1.5272274296478654,1.8205833561304159
2018-06-11,1.2323687032312614,1.826313022527545,1.5582488479455556,1.8509115592980843
2018-06-12,1.2443719260272872,1.8412834740055184,1.5734129821002045,1.8660367864355223
2018-06-13,1.1798215946766974,1.7570347755672395,1.4800756334508536,1.7809389256627102
2018-06-14,1.2101307960410215,1.796679323778308,1.52369472940739,1.8209920773696462
2018-06-15,1.2154485098265293,1.8051751625835812,1.534745883168446,1.829583659995778
2018-06-18,1.196927960923762,1.7803930170143931,1.5078935624238976,1.804530569113609
2018-06-19,1.1011530079499134,1.6333488862335983,1.360117525602025,1.6561769219831841
2018-06-20,1.171108784619389,1.7551529975003202,1.4782177323624555,1.7794630032617096
2018-06-21,1.1208663901008575,1.6873389519550448,1.4019648382251393,1.7108288477827793
2018-06-22,1.139100039680201,1.7123688679309144,1.4291636580949292,1.7361197439880574
2018-06-25,1.0129309878967103,1.5383334081549154,1.2437152626391144,1.559867494123674
2018-06-26,1.0252201623071657,1.5487354780844986,1.261479220406104,1.5703720351625143
2018-06-27,1.0232588824532138,1.5851283580054902,1.2910487108411908,1.6072608021341621
2018-06-28,0.9990689338605659,1.5297369748483995,1.2368969955887197,1.5515133565221564
2018-06-29,1.0840209963616896,1.6755870873478942,1.3533660521322821,1.6991940082237813
2018-07-02,1.0861758216257718,1.6764724702216618,1.3536172838519325,1.7000880148675588
2018-07-03,1.043792343571898,1.6099116838003316,1.3030055088903814,1.6327833825856557
2018-07-05,1.0884097047622825,1.670085070860562,1.3582576457707725,1.6934314242975688
2018-07-06,1.2303749851897245,1.8981452484055525,1.542163378744394,1.924045663838122
2018-07-09,1.248938903294185,1.9164506887886288,1.5586043416708935,1.9424613732834217
2018-07-10,1.2687025820214974,1.9406736678981402,1.581838160211651,1.9669177062074858
2018-07-11,1.2136359434114292,1.8672466633136722,1.5180289005165246,1.892570696349198
2018-07-12,1.2249775165652788,1.8702936821949214,1.5270169733847443,1.8956363615151492
2018-07-13,1.2179181830657115,1.8592308945711105,1.5165396913612932,1.8844615147347215
2018-07-16,1.1742777707528314,1.8008375829466732,1.4620639590176816,1.8254995372289269
2018-07-17,1.2069770430899445,1.839512184473413,1.50056465407631,1.8645566265950733
2018-07-18,1.219405449948865,1.8533479921901406,1.5153609907378767,1.878532802790071
2018-07-19,1.1464749348482794,1.755627919066517,1.416114671658608,1.7798237239277768
2018-07-20,1.133716922686697,1.7392537215891246,1.3983887121997023,1.7632725675877174
2018-07-23,1.1556167087124825,1.7681671522295743,1.4288435923756375,1.7924907229884455
2018-07-24,1.196802521648506,1.8183965900849757,1.4860493420267478,1.8432062777727944
2018-07-25,1.2426962008018227,1.8810710044605314,1.5480814444307303,1.9063508372804945
2018-07-26,1.223282587990126,1.8531610063092394,1.519483926335668,1.878128705824346
2018-07-27,1.1747308879309397,1.7746630033915904,1.4549359570049816,1.7986542503368104
2018-07-30,1.1414084579370372,1.7280414637675228,1.4109515025337889,1.7514758985652674
2018-07-31,1.1841940130752446,1.7875323938620802,1.467529568072609,1.8115303517135457
2018-08-01,1.1532461822185776,1.7386102148463891,1.4206017882351984,1.7621107389128707
2018-08-02,1.1915300681724093,1.7886092940291438,1.4679476579380435,1.8125589502779789
2018-08-03,1.2404362925197678,1.8628232353255214,1.5399978378560646,1.8875136466142493
2018-08-06,1.2546817801550065,1.8792158531916205,1.552955166236039,1.9040518111682851
2018-08-07,1.2658419533091634,1.8933150117772406,1.5626436659525822,1.9182764680861808
2018-08-08,1.282335754652532,1.9238028226629607,1.5938912095150763,1.949108176752155
2018-08-09,1.2717013514154922,1.9052581287184456,1.5784080814287318,1.930361946378973
2018-08-10,1.3379551051647585,2.041984712384513,1.7265773584388235,2.069257046488543
2018-08-13,1.2956494267646588,1.9665541593722247,1.656780484458406,1.9929580628276553
2018-08-14,1.2699280860321356,1.9235974508845501,1.6393725936332924,1.949818841329306
2018-08-15,1.2087599769148476,1.8173611771645657,1.5495819973877984,1.842218652136636
2018-08-16,1.2567543707616935,1.8839240527528947,1.6169297579510087,1.909295216986602
2018-08-17,1.4208580792606755,2.201465156775224,1.826273098269035,2.231520061494911
2018-08-20,1.4505935116754496,2.2444774119333544,1.8638255506835077,2.271884446515866
2018-08-21,1.4629356561350406,2.263128118760191,1.881641060125204,2.2940203866369377
2018-08-22,1.3791466741818965,2.1533173251316353,1.7952965686387952,2.214731638624401
2018-08-23,1.3979275660409853,2.174022352542599,1.812701962436678,2.2265950618453507
2018-08-24,1.4638706915655237,2.2711835889791656,1.8992827859286217,2.317858202525783
2018-08-27,1.5058557663697218,2.342831584660758,1.966226572481804,2.3948691212562996
2018-08-28,1.5094142831077562,2.348993888888564,1.9715472356352166,2.4011542204912266
2018-08-29,1.5421517162884277,2.4057329060761545,2.0168220083174506,2.459719366485218
2018-08-30,1.471578857643307,2.3007896227692712,1.921468963220568,2.357955473018204
2018-08-31,1.4251566196450254,2.2454675584814474,1.861219686612173,2.3038714252360024
2018-09-04,1.3998082044181845,2.2078764590045084,1.8258322853460738,2.2658398951757777
2018-09-05,1.4382774717531872,2.2452778695731306,1.8768663783056667,2.3040318117869165
2018-09-06,1.3865189216683944,2.17164078861209,1.801212805080612,2.227356740268451
2018-09-07,1.3716326619864918,2.1462266206361034,1.7780480984516864,2.2017377165852103
2018-09-10,1.3950660731431666,2.1798618916141685,1.812051691829467,2.2361152719692
2018-09-11,1.3404206586515413,2.1226575208469876,1.743201124210929,2.184107727622397
2018-09-12,1.3156352718942157,2.0932042165212534,1.7077242103773276,2.1529961437919973
2018-09-13,1.357966866531185,2.166866178201528,1.7750913223970752,2.2276332640949508
2018-09-14,1.3619501757569734,2.1728294000412247,1.7808435187590264,2.2332675208328783
2018-09-17,1.3070387807846862,2.074832124119852,1.6936736354245103,2.1352858241129944
2018-09-18,1.3325138488952473,2.117727763797124,1.7366158371914695,2.186344200323937
2018-09-19,1.3330302605818556,2.11864063582735,1.7376666188247885,2.1909429593432175
2018-09-20,1.392385734955701,2.216303184849183,1.8228905544471272,2.288734212681552
2018-09-21,1.4069387893587069,2.2434190662317146,1.8468387085435793,2.3160932456500456
2018-09-24,1.3780006281583068,2.1897680687143537,1.8045257110488744,2.261975476183757
2018-09-25,1.3871600598305929,2.2067113226764374,1.8208687867055875,2.279064304672299
2018-09-26,1.3577773896271152,2.152690984117844,1.7759983516571862,2.224597985840181
2018-09-27,1.3492657889298152,2.1384252683634446,1.7592302692524022,2.2102950444649734
2018-09-28,1.3404975604034355,2.1228755786221645,1.7441947856765738,2.194650334268137
2018-10-01,1.3401796577732406,2.122344121270409,1.7401348842166666,2.1941176060928926
2018-10-02,1.3013913889578816,2.0551793214318095,1.675099342496763,2.126645780829134
2018-10-03,1.2887642483607618,2.0330672028804577,1.65317563892864,2.1044183105891694
2018-10-04,1.2137082949561304,1.89108243094465,1.5241782218239333,1.9609944077403691
2018-10-05,1.121374797367877,1.726827052956981,1.3671500999196604,1.7956946135692589
2018-10-08,1.1305607421057244,1.743335688832438,1.383309676346408,1.8123198790382227
2018-10-09,1.1321186290660823,1.7461776207022095,1.3891426206353628,1.8151848214473603
2018-10-10,0.8266262191645882,1.1395262731576905,0.9230484640957588,1.198488352642852
2018-10-11,0.6328450938591605,0.9620547280122359,0.6378374273850222,0.9443755345024714
2018-10-12,0.745302806412894,1.0582457533186138,0.7177499250637173,1.0165288083955406
2018-10-15,0.6927523878798861,1.0121101902375391,0.6795812358177858,0.981244290258123
2018-10-16,0.8355216887310973,1.1043199713332148,0.7495046294298706,1.0394143862067111
2018-10-17,0.8315925240448672,1.0963062834918937,0.741325772949257,1.0312572734003707
2018-10-18,0.7112497737033203,1.0125502655077614,0.6682926941501068,0.9660917009385485
2018-10-19,0.7051776827685967,1.00656511822761,0.6623255613784933,0.960572323517586
2018-10-22,0.633596527620609,0.9224392272590491,0.5758796877235757,0.8805225486816626
2018-10-23,0.6244396497398881,0.9484764758198636,0.6045737808497728,0.909507973824346
2018-10-24,0.37343365978507087,0.7742040374245047,0.42249060560122487,0.7459368986180351
2018-10-25,0.5339123114964448,0.9078402827796543,0.5740437405762668,0.8884824325902784
2018-10-26,0.39405146758459586,0.822256892341698,0.48994242451197983,0.8121715471279604
2018-10-29,0.29679995112296226,0.7038407986980704,0.37838985124612534,0.6960380481333118
2018-10-30,0.42602445367535685,0.8055481976549671,0.4763133798217756,0.7904508981876301
2018-10-31,0.4889778063994886,0.8238928645856956,0.5018355211161339,0.8076113328790245
2018-11-01,0.553001261801112,0.844127670211703,0.5303871075841243,0.82809485061835
2018-11-02,0.5078938938871935,0.8186619079892536,0.5009427300143867,0.8010520429204647
2018-11-05,0.5229350025478181,0.796556672384776,0.48823792651527614,0.7811790456662108
2018-11-06,0.5559714557768736,0.7987862833232034,0.4998497713324367,0.7876131165482612
2018-11-07,0.702343687582511,0.8771245223615332,0.6104856218389919,0.885478129941115
2018-11-08,0.677824725330894,0.8496061122585841,0.5809081529743746,0.8560529222489702
2018-11-09,0.6334571512646773,0.8573610550488054,0.5792764591484575,0.8617769041913715
2018-11-12,0.5002132250034896,0.7859839539745329,0.4873041150904151,0.7807555556289181
2018-11-13,0.48087825566507897,0.767545958806559,0.467000877179496,0.7609740260254354
2018-11-14,0.4491983057954535,0.7692061343059862,0.46381836212976346,0.7626448657654052
2018-11-15,0.5541020676199903,0.8736601481147194,0.5758904784503942,0.8701432848227156
2018-11-16,0.5145800364074927,0.7830038650867828,0.48934387518065925,0.7809015441902661
2018-11-19,0.4147260061585635,0.7502398996275945,0.43169943501013597,0.7371765295235366
2018-11-20,0.27333111762072393,0.6554906491249363,0.3079083497777324,0.6210749794624352
2018-11-21,0.2523837426420317,0.5888244529767673,0.2591388068620099,0.5569930001547148
2018-11-23,0.21275961020951434,0.5713956144895767,0.238246840959514,0.5412393230888848
2018-11-26,0.3038062938463247,0.6126758101572669,0.29161334422037627,0.5799477632501056
2018-11-27,0.32969955243995447,0.6338596737950608,0.3138229421539788,0.60112035041049
2018-11-28,0.41112598668477557,0.6122507892693227,0.31512038812432724,0.5795087003541814
2018-11-29,0.400558093863689,0.6104799751246983,0.3104714204906726,0.5777457871330631
2018-11-30,0.38328379524574396,0.5310824264095115,0.25554186253209454,0.4984856252155969
2018-12-03,0.48316337587298624,0.6145086935727717,0.33846943667629775,0.5816091852662117
2018-12-04,0.26586761838041695,0.4819423511991983,0.17958040984828216,0.4499337936414726
2018-12-06,0.2794689949898088,0.5210812544721125,0.2057440369381838,0.48765331454094446
2018-12-07,0.12413825791486825,0.4309717644738245,0.1209011707176874,0.4106342069852606
2018-12-10,0.11611398981789023,0.40078094673214115,0.09767163012139002,0.37995780015851965
2018-12-11,0.08271855894808441,0.33795867036426613,0.0437067412550364,0.31714723266134437
2018-12-12,0.0956213151749739,0.3208333669814354,0.03150932758397763,0.29838384484921193
2018-12-13,0.08213020647905235,0.2985150727672162,0.012121807484693468,0.27618670498641906
2018-12-14,-0.03653515916876024,0.227765273831101,-0.06840180592112322,0.20384310277937523
2018-12-17,-0.13569676144993423,0.20411633163992735,-0.11774664752629733,0.16924279004099563
2018-12-18,-0.19537154574858723,0.09832402965317893,-0.21492622421729465,0.06342167876210085
2018-12-19,-0.32980543790041217,-0.035314840297822454,-0.3430112891702659,-0.06850748164543483
2018-12-20,-0.4070921702409727,-0.04796280998103471,-0.37542824560141164,-0.08412556798768199
2018-12-21,-0.5294812853761203,-0.11825557811497997,-0.4558053687374375,-0.15546581210361762
2018-12-24,-0.6997735092802522,-0.23863269113979071,-0.5807824933696802,-0.2766439360442104
2018-12-26,-0.3778798585090738,-0.06760496328930868,-0.38754387016163905,-0.10673981502798666
2018-12-27,-0.3255333021653857,-0.03274353037022667,-0.35076405617435263,-0.07013645887980106
2018-12-28,-0.33596705846465263,-0.04200090135995017,-0.3588209715186383,-0.07865631928721303
2018-12-31,-0.2964410354862794,-0.04251154840452866,-0.35853496820604885,-0.0836927981592895
2019-01-02,-0.26823952713342986,0.0063002077076629,-0.3147663573171799,-0.035405671236245655
2019-01-03,-0.44777431306109305,-0.14809794985879693,-0.4660402275351911,-0.1865823956709353
2019-01-04,-0.2877398612586267,-0.13272956723662377,-0.4266723135290043,-0.167189884700136
2019-01-07,-0.2667025021446418,-0.16320141038247318,-0.4454189540194753,-0.19692884316174328
2019-01-08,-0.2510549790867827,-0.22009149026067376,-0.48566971119461444,-0.25550849547821214
2019-01-09,-0.234804845837475,-0.22978852200848443,-0.4901426632346704,-0.26549462383931716
2019-01-10,-0.22758939405763007,-0.24796388120478116,-0.5007790153044983,-0.2831786537172635
2019-01-11,-0.21666283428949026,-0.22822700059821338,-0.48437485803326574,-0.26338795218774
2019-01-14,-0.29310303293548784,-0.33510695698775006,-0.5825422374828136,-0.3736770948418916
2019-01-15,-0.264779364842803,-0.38493040910975457,-0.6058862874248024,-0.4130044568159901
2019-01-16,-0.23152778930015297,-0.33633912099049496,-0.5622972191910878,-0.36201432255128796
2019-01-17,-0.2426415820563459,-0.4345441811989011,-0.6218845235030231,-0.4513467445115666
2019-01-18,-0.15725167291966005,-0.3753798366862183,-0.5420454636227426,-0.372995352730655
2019-01-22,-0.2596774143886799,-0.4718917113603733,-0.64825807952845,-0.490543140637512
2019-01-23,-0.2940333273972461,-0.5692452838640327,-0.7128482887880488,-0.5840352944127027
2019-01-24,-0.3030680302145386,-0.594275544293247,-0.729994509001796,-0.6082372075434364
2019-01-25,-0.25275400628473443,-0.5598709906336322,-0.6827112921574371,-0.5634581313856657
2019-01-28,-0.29812898093529744,-0.6006906960685549,-0.7280878076805584,-0.6067903845441538
2019-01-29,-0.37165064140832454,-0.7585373644713532,-0.850536505038851,-0.7642988913175046
2019-01-30,-0.24392940460475215,-0.6050722227340682,-0.6911709413411175,-0.5999348727356707
2019-01-31,-0.1362211281699454,-0.45676088380364,-0.5517035576028548,-0.4713935653341393
2019-02-01,-0.1363048761504578,-0.45932521337880033,-0.5530478183777295,-0.4726293574820388
2019-02-04,-0.09014204179450966,-0.4097921298892553,-0.5041258623707457,-0.4277144910773601
2019-02-05,0.058377152238407705,-0.1686469836288281,-0.31248162584279915,-0.25032602912747903
2019-02-06,0.30341863045154227,0.13257656661457468,0.03421627657147518,0.06972852401564292
2019-02-07,0.1331866867469813,-0.0353697848495004,-0.14843992093930436,-0.09591407498713453
2019-02-08,0.17259355272817012,-0.0024878439119556312,-0.12117415998043575,-0.07116791753145424
2019-02-11,0.4124661057496488,0.17094307937620717,0.009312483842851126,0.04786630676579016
2019-02-12,0.3999571606015749,0.2112828539693531,0.05657093655064893,0.09378453546329463
2019-02-13,0.33234210116968693,0.18251732381638353,0.04165941684333036,0.07938353643644346
2019-02-14,0.3036692988250809,0.15646036025899332,0.017470079150480124,0.05576661335531733
2019-02-15,0.288352757728983,0.19103782664492305,0.06048346014227241,0.09771943303217351
2019-02-19,0.22219201254732998,0.1594513548657507,0.031039696086838278,0.07066197284663027
2019-02-20,0.23270447602680402,0.17433235096521993,0.045659328652725456,0.08523917997601002
2019-02-21,0.2494644744714588,0.163469069588158,0.03995482988844006,0.07492124519488522
2019-02-22,0.31776354611999397,0.23570407367828863,0.11436088659708325,0.14716570913337443
2019-02-25,0.3181644020552814,0.24323674030152245,0.12090132886198915,0.15381643240754447
2019-02-26,0.21800686793238744,0.1818758718964708,0.040632816804263595,0.08068724290473067
2019-02-27,0.14474416015676073,0.13864609587420693,-0.022023553383156563,0.023649307280446223
2019-02-28,0.21132507885810872,0.16330070343027678,0.02123175588360524,0.06202223663281606
2019-03-01,0.31316989690325175,0.26630634670701037,0.137543204139489,0.17603955846382513
2019-03-04,0.38280829126846344,0.27414047199131997,0.17205816668876567,0.2019117772922448
2019-03-05,0.34253125913898885,0.24195119625494443,0.13151980550025819,0.16337043802723977
2019-03-06,0.23371257961485473,0.13481999415532364,0.010987244481790519,0.04455183246208068
2019-03-07,0.16541082307741725,0.034686093804497074,-0.09310981282894738,-0.05703309139331174
2019-03-08,0.1552229701690414,0.015907812961767614,-0.11156209712980003,-0.0751693912980013
2019-03-11,0.21398999841446908,0.15213477498205402,-0.006675023736631974,0.0552250842970739
2019-03-12,0.13109710390213225,0.11380724148152024,-0.0769070040957432,-0.0050807678697288566
2019-03-13,0.17989484613548035,0.1827175889413465,-0.01749683155131864,0.06324694711666923
2019-03-14,0.21646546735678285,0.21448214690939943,0.014587148988420602,0.09044000197859953
2019-03-15,0.27926899298501795,0.2952153480158568,0.08717037767838463,0.16823499072749232
2019-03-18,0.3085595168387536,0.33821559717888555,0.12573112336246595,0.21053332929208998
2019-03-19,0.30336077849029525,0.33429725140913225,0.1207762073663552,0.20675450298164996
2019-03-20,0.3707765545386139,0.3901112190393602,0.18993891894015266,0.2618621385726067
2019-03-21,0.4293866438090648,0.49822145500889825,0.28624487359877343,0.3677220426738771
2019-03-22,0.31775816329709966,0.3087060558101938,0.10250730463317054,0.18355490555473197
2019-03-25,0.4758917372083818,0.4609765391916863,0.27618761151007043,0.3399127622409536
2019-03-26,0.6632685470590802,0.6337292474290325,0.4890005969963888,0.5461471417331707
2019-03-27,0.4657351311419689,0.4589014811562147,0.3206458029359179,0.38754855300080826
2019-03-28,0.6037340854661913,0.5674158858013754,0.4244801378947404,0.4849685336476285
2019-03-29,0.6630691289837589,0.6278682955385395,0.4807526707251734,0.5417973276792155
2019-04-01,0.6575157505618401,0.6584236671106326,0.5201180939722194,0.5849572781494147
2019-04-02,0.8099326373633265,0.7640446584728181,0.6171498075909102,0.6712680702775198
2019-04-03,0.7394943152317809,0.7221735494072962,0.574608981843108,0.6345044960884917
2019-04-04,0.6886769789046673,0.6974192372350038,0.5534554891613845,0.6168240512410038
2019-04-05,0.669318568906632,0.7028113962909668,0.5611640572683076,0.625489009845011
2019-04-08,0.831746330534521,0.8055165045819721,0.6690249650713923,0.7211811253914909
2019-04-09,0.7648103461371997,0.7407780920686511,0.5986369589898839,0.6564736107067639
2019-04-10,0.6861700707863279,0.7058101337566719,0.5669282456219399,0.6275481630447522
2019-04-11,0.7198833421973128,0.7243484592508844,0.5879817115784601,0.6462334437396097
2019-04-12,0.710526790936438,0.7490740803166687,0.6175195139905857,0.6699969849981029
2019-04-15,0.7259327743313451,0.7550193904350991,0.6247621296696548,0.6769886191444471
2019-04-16,0.6765379865096691,0.7289540028040833,0.590675113485452,0.6463069034103877
2019-04-17,0.5902811213831322,0.6673197165254248,0.5078483837451695,0.575373539816066
2019-04-18,0.5984708302214444,0.6811659945374089,0.5252900487182837,0.5881117687686191
2019-04-22,0.6420340522147697,0.7107930726665515,0.5672774832685216,0.6244796146695455
2019-04-23,0.7593059205894837,0.8609612339981765,0.7212857308971837,0.7875801055996062
2019-04-24,0.7452938991883998,0.8322199556187688,0.695428618552271,0.7595797730771083
2019-04-25,0.8358010705107546,0.8863806318122003,0.7799021396440465,0.8319699399763798
2019-04-26,0.8502137572656513,0.9361203970649484,0.8124644962686759,0.8777887827267266
2019-04-29,0.7943012863886246,0.9061890306574067,0.7674394370592105,0.8433328420424304
2019-04-30,0.7914171876734938,0.908367374386489,0.766839528975629,0.8445630000073614
2019-05-01,0.7926495811892148,0.8419816605420126,0.7288459581292541,0.7858878997985781
2019-05-02,0.7659923163585906,0.8018996472920767,0.6897025356184646,0.7452700924253263
2019-05-03,0.8765425920049059,0.967770641234066,0.8387185314737144,0.9121188093869597
2019-05-06,0.8633335473277068,0.9260453546589049,0.8101811719288158,0.8726593218050643
2019-05-07,0.6609060280449564,0.6170334322122708,0.5430835542063557,0.5615208739063994
2019-05-08,0.6289549798201295,0.5805796815760911,0.5026061324885298,0.5251373344500659
2019-05-09,0.6084320855880262,0.5513579754429343,0.4813174357341972,0.49629930224153895
2019-05-10,0.5783124790639402,0.5256709997259731,0.44518813052830836,0.4796564136493247
2019-05-13,0.3399963117601502,0.2102899647372214,0.1668392480594326,0.17256054127303716
2019-05-14,0.3789769975957695,0.24847256652048175,0.21461796360800725,0.2119237299734857
2019-05-15,0.4142580055239178,0.2825747351190514,0.24055384184068976,0.24597800799606326
2019-05-16,0.5208161250513252,0.3933148878843118,0.34519387675110125,0.3517250847654422
2019-05-17,0.4497706744041966,0.32085491629936347,0.2727893293277479,0.2813199067710118
2019-05-20,0.4110424793580248,0.2866768462052722,0.24124988232828773,0.24726953096656012
2019-05-21,0.4862012671251341,0.3598584344560305,0.31652897957953513,0.3189996746195545
2019-05-22,0.4168197636793925,0.2808697693857351,0.22962492244719201,0.24092233255486153
2019-05-23,0.3528449894649066,0.22839627752644215,0.17760092567765448,0.18920488170821262
2019-05-24,0.3496903349497849,0.21653162500176637,0.16756435098742348,0.1774777818040698
2019-05-28,0.30109047663315325,0.1804539151581876,0.12846059454280115,0.1418987161094398
2019-05-29,0.27226817370591505,0.1643931427885102,0.10692900625117972,0.12605534859544093
2019-05-30,0.3672103505233342,0.2911071068156146,0.24363531193571558,0.250953908110017
2019-05-31,0.19045470900058759,0.09478117985334256,0.014189377546692633,0.056924789520071246
2019-06-03,0.21429788606228167,0.13073064479717042,0.04817764245649133,0.0923788499924237
2019-06-04,0.289148856529534,0.17603111567395843,0.11246238022179733,0.1373000728406987
2019-06-05,0.3142040514793188,0.18160850696177014,0.13521309349894461,0.14281704357714767
2019-06-06,0.3514906350133235,0.208814432129193,0.164711759092214,0.16970578871233352
2019-06-07,0.36190715741027635,0.18904031243407707,0.15646990682610967,0.15012887317180162
2019-06-10,0.39231270406590457,0.2127731943434689,0.18435404591692647,0.1735760230269418
2019-06-11,0.37154676626287775,0.18616966365616264,0.15910321075459938,0.14729157181257632
2019-06-12,0.3513450421795242,0.16355246167587995,0.13646082054858472,0.1249560394371007
2019-06-13,0.3696542675200163,0.17711383491699784,0.15293587579263496,0.138358268794272
2019-06-14,0.38336108808262975,0.19923910339544273,0.17521925427301283,0.1601914000882697
2019-06-17,0.3694882804472167,0.17815880571393675,0.15321056463343977,0.1393633959411662
2019-06-18,0.4447631713289529,0.25675537311520297,0.2497252917053709,0.21706811272685922
2019-06-19,0.4728404434275017,0.2904448263000874,0.29054128084487924,0.2503333432296755
2019-06-20,0.558881233687836,0.3879392041220917,0.40730014026481787,0.34666374389474364
2019-06-21,0.5383451093276405,0.3623812172500638,0.37635721175066483,0.32142149685421034
2019-06-24,0.5717394170220325,0.41538708318697454,0.4354169843751542,0.37368082158334054
2019-06-25,0.49474960685206937,0.3298470375830203,0.32957591188339147,0.2893087395303593
2019-06-26,0.5795909466173166,0.45495474088303256,0.46738646275089096,0.4124633085278334
2019-06-27,0.5881609617746466,0.4617431195723346,0.4721489680108565,0.41917215882476383
2019-06-28,0.6765456049655363,0.5749922713177325,0.5843084443087603,0.5308636183474765
2019-07-01,0.6976107952786315,0.59194033888275,0.6157134346864197,0.5476513000368766
2019-07-02,0.7051270794511317,0.5990002064937348,0.6278658121371307,0.5546268372647841
2019-07-03,0.7422412920108471,0.6573437783586643,0.6781480237508826,0.6123863294667581
2019-07-05,0.7580670507737416,0.6846501662406478,0.6991845188413113,0.6393068138851408
2019-07-08,0.6696639122656738,0.5395244508129508,0.5756825685449102,0.49592892428569835
2019-07-09,0.6237737860623309,0.46244563705408104,0.5092074482420245,0.41963780340042994
2019-07-10,0.5971032322814142,0.42324820127729423,0.4725447546632202,0.3808100679608893
2019-07-11,0.5890158493636218,0.4137893797973898,0.46375709073253024,0.37146021260017953
2019-07-12,0.6667318940398953,0.5326361006533489,0.570984781046853,0.4887033524009247
2019-07-15,0.610900831071524,0.4551412367640234,0.49576305161540807,0.41205287049959033
2019-07-16,0.5844435781424601,0.412756414664214,0.4547307741499143,0.370249249374442
2019-07-17,0.5450305294274397,0.3471693714155344,0.38626287032956613,0.3056321813790302
2019-07-18,0.5425555089184888,0.35074560144140476,0.3908163874529119,0.3091682541181994
2019-07-19,0.4920721750628844,0.27283289260536886,0.3148060854866886,0.23232884673280696
2019-07-22,0.5329236365025364,0.33321141864158565,0.3762892693188514,0.29192228798778375
2019-07-23,0.5864039414929363,0.4201931450557413,0.45785112519791116,0.3779218425756605
2019-07-24,0.6046724376293444,0.45259537003635564,0.48746585360456185,0.40995886614946836
2019-07-25,0.5406091534196702,0.3496656179822517,0.3875886043809544,0.30837712675577655
2019-07-26,0.5291052223323283,0.3355683770338766,0.3646184011133378,0.2944055105243183
2019-07-29,0.5326534504839626,0.33954847123741605,0.37189350397456855,0.29833072525720594
2019-07-30,0.5615194955985371,0.3904836304533885,0.41631090735859627,0.3484925139185705
2019-07-31,0.5227598004716043,0.31198521942766216,0.35621896394568864,0.27131538195843474
2019-08-01,0.4330914811509245,0.1715283783381666,0.2177988897465278,0.1327478732864466
2019-08-02,0.39427511882336386,0.11028355844233567,0.16846592087351034,0.07237981879292141
2019-08-05,0.15725345713835517,-0.23424493751088346,-0.12517970016605318,-0.2666571295317126
2019-08-06,0.2180764472040896,-0.19201249728555522,-0.06014877804389358,-0.22482393477527482
2019-08-07,0.1985967456843441,-0.22651839433652526,-0.09300574115733504,-0.25896160240833643
2019-08-08,0.2990437853251512,-0.1523432075775224,-0.040214588847730194,-0.18546031622245307
2019-08-09,0.25828021852615535,-0.18171413712772264,-0.06827002669783896,-0.21448572703030475
2019-08-12,0.18905906187678453,-0.22600648934027678,-0.10777469316040462,-0.25823379266576196
2019-08-13,0.32721832198063694,-0.06927070048807328,0.03562186774949185,-0.103261891683808
2019-08-14,0.15982156925686242,-0.16001038292873118,-0.06195811981164418,-0.19273695077187777
2019-08-15,0.13697961961396446,-0.22330607380049658,-0.11323979918981937,-0.25551611243782885
2019-08-16,0.27266337663525586,-0.08176603158791622,0.013149859458258481,-0.12848027290641215
2019-08-19,0.29629996918647716,-0.12090494626812127,-0.019003486189613467,-0.17296078986549748
2019-08-20,0.2273150151914979,-0.18487972890156817,-0.08093689539314733,-0.23384731328693237
2019-08-21,0.26359103488227764,-0.17595969820533575,-0.06629260366402753,-0.22668927237843384
2019-08-22,0.24738131941973363,-0.20060087155291623,-0.08878133742703143,-0.25109963290868814
2019-08-23,0.09048484045136973,-0.28992536743503844,-0.20066702559505736,-0.34489411338832965
2019-08-26,0.16467091174263757,-0.23724371384843326,-0.13357669346794757,-0.2842505768483098
2019-08-27,0.1047795739302006,-0.316498839149479,-0.21023281488355655,-0.3628032799800472
2019-08-28,0.09968546240849437,-0.38301920506987847,-0.2642169807302417,-0.42753395745716194
2019-08-29,0.17289812682066677,-0.34489072502322227,-0.21242897264634258,-0.38420986819857633
2019-08-30,0.13798900186284485,-0.4089901765740467,-0.26631014991036067,-0.447975114311782
2019-09-03,0.12705405655359908,-0.38252503945163174,-0.25371463729745375,-0.42612729960549545
2019-09-04,0.1943615737034374,-0.3394572688453934,-0.19565292182868013,-0.37621364184622336
2019-09-05,0.2806713946573329,-0.2703995803838714,-0.10942685666185865,-0.2972547732886092
2019-09-06,0.3014798791914959,-0.23707320376739893,-0.07760153001261706,-0.2636410947114462
2019-09-09,0.3226216934710784,-0.2012593772592994,-0.04323606506985356,-0.2279509958056177
2019-09-10,0.3328975615221496,-0.18066203750948479,-0.023984835445795362,-0.20784153531077526
2019-09-11,0.36466160876509623,-0.17053339177888044,0.0013389860406823005,-0.18915937551261847
2019-09-12,0.3656433947088769,-0.1950076389792268,-0.011289347659643645,-0.20822191197924825
2019-09-13,0.3602151678577815,-0.2015279581968942,-0.01848821859919947,-0.2150089313262992
2019-09-16,0.30649390565016477,-0.29087557151035126,-0.10729011208663132,-0.30599843029735435
2019-09-17,0.32057796675903666,-0.27885954387063944,-0.0898816434275996,-0.2941357270352497
2019-09-18,0.3561520750338793,-0.2108628465719856,-0.026385169764551648,-0.22704078129276722
2019-09-19,0.32348168725752,-0.2782653151567906,-0.08885179281404469,-0.2935983377114851
2019-09-20,0.288575590644219,-0.31989713481619253,-0.14230963573218652,-0.3346873653639415
2019-09-23,0.23906193215914806,-0.4226593362560845,-0.2303632858794357,-0.43615782321530394
2019-09-24,0.19704984102187711,-0.4803165819929336,-0.29284575300581556,-0.49304725649661796
2019-09-25,0.2522420349152755,-0.38746707598042435,-0.20209969932884694,-0.4014006092413394
2019-09-26,0.24529586582106805,-0.3944484913291811,-0.21094428544733332,-0.4082904404258303
2019-09-27,0.23079958030484723,-0.40558557446736554,-0.22799819612475844,-0.4192789507676211
2019-09-30,0.241740692380545,-0.395219003376099,-0.21487096319194793,-0.4090435103622387
2019-10-01,0.16903597025883307,-0.5071671752249722,-0.32252527615402726,-0.5195048784781224
2019-10-02,0.04167204135520346,-0.6954882839475246,-0.517941586971724,-0.7054078984891723
2019-10-03,0.0934821860266331,-0.6256917978805387,-0.4491791002514458,-0.6364800148865407
2019-10-04,0.1694270778797078,-0.5213922890529035,-0.37642424434766947,-0.5334508556349697
2019-10-07,0.19040059100346593,-0.4596579075689537,-0.3142915514480096,-0.47250559326500124
2019-10-08,0.13052849669677694,-0.500858422792087,-0.3370670257447491,-0.5131712253006835
2019-10-09,0.1859675552877707,-0.4396549742111403,-0.28021076780022697,-0.45270987916073374
2019-10-10,0.23407995679624333,-0.379671941461861,-0.2305185626759314,-0.39345845996923656
2019-10-11,0.49219676052777217,0.0746199368055627,0.150931559357904,0.053619590655878534
2019-10-14,0.6245120394927463,0.2178203988065829,0.3939825852566694,0.26250391595156347
2019-10-15,0.6017130041528841,0.19881908221756286,0.3908850515920076,0.26915220412963636
2019-10-16,0.6264267509515027,0.22019864308212964,0.4037020295714303,0.2797258361116872
2019-10-17,0.5176174410497478,0.11923111080590267,0.33251081417465705,0.2180600441451653
2019-10-18,0.48955718748267935,0.09088500594669743,0.30026824406192437,0.19009538432265932
2019-10-21,0.6215847237481551,0.2057607250842935,0.4131213878453776,0.28579819470204276
2019-10-22,0.6047396328042912,0.18818584780557387,0.3898068579800851,0.26790553076280593
2019-10-23,0.6502564187481435,0.2286412145376463,0.43337231022740397,0.3037688978026833
2019-10-24,0.6918621370690899,0.264196427742234,0.4720488976139157,0.33589512026777063
2019-10-25,0.9222041876048119,0.44679116018818293,0.6770457892489371,0.5068352900021095
2019-10-28,0.8508623076020616,0.4065683412435619,0.6324183693157579,0.4575415206233276
2019-10-29,0.9666856808926809,0.4788122793250258,0.7034295961158129,0.5193807855559363
2019-10-30,1.0217484966962442,0.5224782913223935,0.7560213584778408,0.5599806461924639
2019-10-31,0.915438006987904,0.4409462425686751,0.670846312854583,0.4874263496996616
2019-11-01,0.9070230831191863,0.47661600876390076,0.7214165002542018,0.5238748487636069
2019-11-04,0.866857851530607,0.4721174826609557,0.7192454326390738,0.5192026759340312
2019-11-05,0.8983003598983809,0.48421335130089227,0.7354186553485671,0.5328046936516736
2019-11-06,0.865180893517638,0.4666469467774269,0.7119872912932786,0.5130374143136617
2019-11-07,0.8478031997977945,0.4876887235446823,0.7173817170717924,0.5293021818815689
2019-11-08,0.7349853700400006,0.4433891954348917,0.6348998032968196,0.4641642077139125
2019-11-11,0.7343697505694028,0.4245377246761568,0.6235042126645937,0.4475581782164325
2019-11-12,0.8126804965180698,0.49403195368201824,0.6977195104370449,0.5184982028259183
2019-11-13,0.9435836260714184,0.5794405342650486,0.8073590782161482,0.6134678785938236
2019-11-14,0.9652770492820208,0.6065853808349361,0.8354626042073557,0.6418393684408378
2019-11-15,1.0568481309177222,0.7308373221453168,0.9571438110656588,0.7648165465485857
2019-11-18,0.9962568386238154,0.6967914542671833,0.9127856980919843,0.7276312296828683
2019-11-19,0.9775589937711556,0.6816853565416178,0.8949691700810695,0.711281776461365
2019-11-20,1.0709706439075113,0.7061879758409927,0.9501899372868068,0.7475096836730232
2019-11-21,1.1921927363678309,0.7645510794289666,1.0518571909224983,0.8294691323853941
2019-11-22,1.1845380730397603,0.7807190473390082,1.0603293950784967,0.8429151735234419
2019-11-25,1.2798719982294848,0.9117568431307481,1.186029808111366,0.9711778906344637
2019-11-26,1.1951726346646079,0.8671909603794516,1.1327109622906788,0.9295976356055503
2019-11-27,1.2022102006415893,0.9095806956897776,1.1643913120493488,0.9715617169613976
2019-11-29,1.0374142999272706,0.751828018408698,1.003744133760705,0.815040056241995
2019-12-02,0.9932140012585912,0.6419889926801892,0.908748370243902,0.7054923457918809
2019-12-03,0.9070823068710521,0.5209394063619917,0.7972158720723579,0.5849683543682073
2019-12-04,0.8627347350834782,0.5404434724738207,0.7909915568178428,0.6042650198713629
2019-12-05,1.1244993260143814,0.725159598333084,1.011360754730154,0.7885214184236969
2019-12-06,1.1956467259217525,0.8462687385988678,1.1062622804328324,0.9098200181344811
2019-12-09,1.3540562097327073,0.9048038187310127,1.1721658080408148,0.9537770247500951
2019-12-10,1.3330048987354324,0.8836079807678007,1.1529462205419863,0.9333426758483806
2019-12-11,1.3510373190660547,0.9165219613761296,1.1800605784954818,0.9661366740349158
2019-12-12,1.3743933003975564,0.9947904541911038,1.2437312350786367,1.0454246968368959
2019-12-13,1.3809648513639001,1.002961647200823,1.251809039044216,1.0534716850544505
2019-12-16,1.5714510845902507,1.158320081288223,1.4181387095331779,1.2099125728041682
2019-12-17,1.730499918868459,1.2447069110472686,1.5376948412920968,1.309117339646057
2019-12-18,1.7388768325086534,1.2498020991247212,1.5438785066445335,1.3144694688683125
2019-12-19,1.8868645330711735,1.3579676799006577,1.661251003214554,1.4205903299275524
2019-12-20,2.0508152543873566,1.4767624476412216,1.7981034412981902,1.542453499723536
2019-12-23,2.238712060321329,1.5846741768786254,1.9278775468768508,1.651795127523754
2019-12-24,2.4865701413168098,1.701372806067758,2.073984833383709,1.7701661675741982
2019-12-26,2.3116095769052363,1.6046566095264136,1.96217822601523,1.675544510134409
2019-12-27,2.2516134259867067,1.5784617869685476,1.9289402547859482,1.6474384836859846
2019-12-30,2.2150996745133367,1.510037841895349,1.8565285236583637,1.5784407271797662
2019-12-31,2.1688535913334626,1.5112797006924914,1.8610537843432948,1.5846480689622795
2020-01-02,2.230046088012744,1.6233442203259265,1.9605783879962477,1.6959550829368242
2020-01-03,2.4054137064949748,1.5906409556292294,1.9506908445284232,1.6598134458511602
2020-01-06,2.244914231971287,1.5412139017894038,1.8767394565137816,1.6071488278137436
2020-01-07,2.157754030800206,1.481088913379414,1.8175509197949486,1.546615245885155
2020-01-08,2.127689609817301,1.5203141068180315,1.8417832257778057,1.5874845683577423
2020-01-09,2.143825363053191,1.590444468695183,1.8951744594953206,1.6573868551265358
2020-01-10,2.0893065197055813,1.5407021308321789,1.8485220890346197,1.6073895190658687
2020-01-13,2.141128625208239,1.6207886720193367,1.9168328537918673,1.686706243228311
2020-01-14,2.1831645756617273,1.6195464818149614,1.9278996608527832,1.6897843906507293
2020-01-15,2.114273816826836,1.6141408196783829,1.8990044212886559,1.6737578298856826
2020-01-16,2.1598870178565033,1.70705449611709,1.972279696795305,1.7630788056664533
2020-01-17,2.12528980151364,1.7213426496279916,1.968630139072689,1.768393441390141
2020-01-21,2.00730978950184,1.6555576867344048,1.8753815238901819,1.6836652156890328
2020-01-22,2.1401832104368927,1.7025412632111634,1.9666041976786743,1.7573385808520259
2020-01-23,2.132204451206102,1.7099794980251337,1.9674380529378575,1.7612261331678492
2020-01-24,2.0439369663750906,1.5864975202193885,1.8439289274530288,1.6370010584854753
2020-01-27,1.818970362578727,1.3555946214215853,1.5584331955446205,1.3953045378908213
2020-01-28,1.9702124684132858,1.4809650390194857,1.7108815113982732,1.523589333479432
2020-01-29,1.974590952713238,1.4806321778345335,1.713537147516015,1.5241658399690345
2020-01-30,1.8837860626723315,1.4346903279842604,1.6387225566277719,1.4676317333465998
2020-01-31,1.6354726358396998,1.2245099619791584,1.4138791029147806,1.2467939482513977
2020-02-03,1.6910878181314641,1.2743458225445705,1.4705135494679265,1.2962426946906163
2020-02-04,1.7489988009974047,1.3378807812660776,1.5162773644128436,1.3604029283304524
2020-02-05,1.8035449760676834,1.3794082470254785,1.5598635553771316,1.4084663662316534
2020-02-06,1.8423994561393784,1.4108055122440306,1.5905034491002266,1.4378265101718073
2020-02-07,1.8822882225381359,1.452947263731097,1.6361607824433426,1.4671348323414093
2020-02-10,1.9312959199545316,1.4905245843264983,1.6740351671589642,1.5050052276254735
2020-02-11,1.9410683420020494,1.4975301184328063,1.6816786027829933,1.5109175152371972
2020-02-12,1.8954242454948418,1.4520729400198813,1.6277713686298054,1.4624255797664008
2020-02-13,1.8594872255115291,1.4224557803194344,1.5908389078115888,1.4329241311181031
2020-02-14,1.8920649547765729,1.449194992587065,1.6217686585757867,1.4598783406580107
2020-02-18,1.7852764650805002,1.3574582272127922,1.5132209500559273,1.367120058261209
2020-02-19,1.8098610598287488,1.3757245276022079,1.5397411054203405,1.3894368161891304
2020-02-20,1.7569892744806253,1.3333696024318744,1.4829326341875633,1.3418984048554015
2020-02-21,1.6937815499246913,1.2954159462069383,1.407571520968919,1.286716096333135
2020-02-24,1.308492407078864,1.0146305092361956,0.9690143718379427,0.9308045801875088
2020-02-25,1.018489000300412,0.8520175164168714,0.6815608173414555,0.6929563779518095
2020-02-26,0.9948772526432449,0.8427891670793524,0.6725368470076115,0.6857824211721266
2020-02-27,0.6023303374371386,0.6418991196086775,0.5135871488485435,0.5526967712189857
2020-02-28,0.5849111475413217,0.6444979027093646,0.5163001262908326,0.5557652797552923
2020-03-02,0.8126341336973155,0.7161884581482816,0.5619712138575459,0.5869164189792526
2020-03-03,0.6219166083179869,0.6713895054147575,0.5161814190574484,0.553148752402178
2020-03-04,0.8798490180495158,0.7891810041200802,0.625893364739851,0.6481289980103001
2020-03-05,0.6800587092122876,0.7689596728324894,0.6066079009640812,0.6408794271011021
2020-03-06,0.6239757660136168,0.8141320534239718,0.6595835971280087,0.6926378098916207
2020-03-09,0.10186197247665098,0.6356495070732274,0.501382787640335,0.5599303133010541
2020-03-10,0.29582566400169974,0.5899621321536236,0.48743516675375426,0.5177169378351808
2020-03-11,0.0012342487252365298,0.47511321834767406,0.3773547501785441,0.4212278805403114
2020-03-12,-0.4993448697824977,0.25982392461567677,0.18070057833925138,0.23936171694787878
2020-03-13,-0.1057411107646418,0.37177638185914524,0.2987170216706705,0.342252296299403
2020-03-16,-0.5645752981119001,0.19434094375395156,0.13433557277952565,0.18952606760868174
2020-03-17,-0.3663123162408415,0.21478569064150413,0.15739951848756573,0.20259315438975845
2020-03-18,-0.5546787542061834,0.16268234280706326,0.11148237176955796,0.1623730570491745
2020-03-19,-0.5354608760996292,0.1934493694906987,0.13947761369551293,0.19293064589770828
2020-03-20,-0.7332945398773526,0.04672394071578459,-0.002768519519397871,0.052441711071163286
2020-03-23,-0.7557248873476201,0.19595711884774042,0.15469316254988338,0.20504556645362304
2020-03-24,-0.41216895936060266,0.2832007574868496,0.25168015860250476,0.2885639136967788
2020-03-25,-0.38567590614272307,0.24490047864654785,0.22559136069778882,0.2514112008758004
2020-03-26,-0.16509904194447042,0.3296134519416378,0.3159309801771962,0.33719502304646554
2020-03-27,-0.28058961807314425,0.278649072938224,0.25802860587730075,0.28268376206643187
2020-03-30,-0.1916698644686279,0.26393662979303867,0.25202340850300553,0.2713485648266907
2020-03-31,-0.28269913273188624,0.17310486560331131,0.15206713152625967,0.17742457530576972
2020-04-01,-0.43564056895384096,0.13039627864398987,0.0906090974907199,0.12422665068432265
2020-04-02,-0.36320206652518217,0.14001461195830942,0.11079751114086295,0.14072355813355988
2020-04-03,-0.42037547198278863,0.11003521526597144,0.07194200802548832,0.10613971508625453
2020-04-06,-0.21405614735680814,0.1323638205332515,0.1283310442151577,0.15320344216309298
2020-04-07,-0.21321667294627672,0.12792031815712313,0.12375663083795957,0.14922143867730153
2020-04-08,-0.08803494642927887,0.1960989176476961,0.21256041226239525,0.22802712117395552
2020-04-09,-0.049973633817543786,0.18455818989018666,0.20560175203583084,0.2227045939877167
2020-04-13,-0.07880263389100078,0.17757061100844995,0.1936044066456593,0.21231254958947135
2020-04-14,-0.006366651188138437,0.15792196870389244,0.18178803288319728,0.20434114483422006
2020-04-15,-0.07344644253284827,0.1351484631179775,0.14848274464911876,0.17503125116033966
2020-04-16,-0.0600420523389091,0.13661415599492144,0.15146445707930506,0.17798784174157078
2020-04-17,0.03361441975192437,0.19204108166376258,0.227360478612839,0.24141720326313015
2020-04-20,-0.029712353558572806,0.15263908984266433,0.16942498512708606,0.1937302793257285
2020-04-21,-0.13066085359386656,0.10080219658345844,0.0933228600762616,0.1286160247961688
2020-04-22,-0.08901284190644224,0.025904172005303348,0.04934670582515626,0.06525349668962344
2020-04-23,-0.08217082612569557,0.05124039928888863,0.07343387860831997,0.09063562430498583
2020-04-24,-0.03611421032023515,0.08172937666796616,0.11125177677843934,0.1254095889766105
2020-04-27,-0.0053623976443298565,0.0523681717685302,0.10118062052283419,0.10088541233317652
2020-04-28,-0.024978933971118316,0.024740950191374247,0.07281844180675288,0.07140112397732787
2020-04-29,0.05530176643863428,0.06925572590683751,0.13993162024171585,0.12814163150143593
2020-04-30,0.049566118739400346,0.14191706861051998,0.19218289146891912,0.19474311119294938
2020-05-01,-0.02841828757089754,0.1085231300332956,0.13703302594332292,0.1522030946673138
2020-05-04,-0.05047447202987234,-0.0027269544486895883,0.05166306808088966,0.04286359249971162
2020-05-05,-0.00844018412077336,0.0656001154892633,0.11951770198777516,0.11467624674223433
2020-05-06,0.02325409909404659,0.24674425595329535,0.25074850875228016,0.29619397259854713
2020-05-07,0.06548028158769095,0.29129811340171385,0.30423661934291285,0.3443807932133537
2020-05-08,0.12667216021834313,0.36543353884232616,0.3835454980826121,0.4239716638435751
2020-05-11,0.11153829276223175,0.3213694802965428,0.3496952161425862,0.3800661858390677
2020-05-12,0.1284613702153481,0.4987936330357905,0.4650960916968999,0.5487904450352735
2020-05-13,0.04367455226000155,0.384569854512402,0.3201042201971348,0.42166877382417406
2020-05-14,0.06273157983939472,0.38398540110981305,0.33794314653834007,0.42588968214769163
2020-05-15,0.04815227988086473,0.34063857343031334,0.30863438613755445,0.38424417189975857
2020-05-18,0.16246993589734798,0.4759559236604164,0.4604752290647981,0.5274903511036696
2020-05-19,0.15084147704256157,0.4838961675778493,0.4531461341120094,0.527941482194662
2020-05-20,0.17536028712530224,0.4878938780873755,0.460611423860756,0.5277303102275852
2020-05-21,0.1632548454454261,0.4820475953615856,0.4532164411851598,0.5230448335676438
2020-05-22,0.20788399968156113,0.5631230774985386,0.536504776399977,0.6038162240777551
2020-05-26,0.23901515092735384,0.5925093160089503,0.5699842172524466,0.6337605081048512
2020-05-27,0.3144069571134048,0.6986259146091045,0.6895917682122622,0.7443498813236692
2020-05-28,0.32978656448855503,0.7312335345652304,0.7255099216812884,0.7760192132618142
2020-05-29,0.3351520944440958,0.7321726948920402,0.7278619913428673,0.7780005163972711
2020-06-01,0.39064250886362684,0.8272774301883645,0.8379773042028954,0.8749326688022926
2020-06-02,0.4243760160158071,0.8766785247248968,0.8973806643900881,0.9241809566057464
2020-06-03,0.3990495741767065,0.8142315731293305,0.8427835864262563,0.8621731094104923
2020-06-04,0.3638202901448066,0.760450253404299,0.7719151264279821,0.8085748392644121
2020-06-05,0.4217223723811397,0.8329673063017571,0.8712676221983303,0.8806507284863131
2020-06-08,0.4280740934688095,0.8317123390894585,0.8875544595709018,0.8794019666750396
2020-06-09,0.39022222662261374,0.7777974356096075,0.827138547458166,0.8256193268813905
2020-06-10,0.37340271228904415,0.7560878916483282,0.8022098706360014,0.8039558904330688
2020-06-11,0.18984333514994706,0.4879207410577599,0.5036258156633514,0.534993424624999
2020-06-12,0.2136705319086124,0.4972305714976853,0.5356530207845356,0.5632061982010361
2020-06-15,0.24554024691020093,0.5298411270659356,0.5643390610729778,0.5889076232362281
2020-06-16,0.3024486851493282,0.5804199358026382,0.60802995245038,0.6284768242451316
2020-06-17,0.2578247818117952,0.5051327346546793,0.5207038097159464,0.5556665532395724
2020-06-18,0.2520913163686218,0.4925629911699079,0.5039308505221323,0.5429498576112011
2020-06-19,0.20537098852752506,0.41671514112865826,0.4172851776803581,0.46927947388973995
2020-06-22,0.22942549355865724,0.444882216692935,0.44934586360022466,0.4967343478974244
2020-06-23,0.24726388681476652,0.46682871763244194,0.4744945493255249,0.5191747352403422
2020-06-24,0.19767354206813836,0.452882228910558,0.45541199796777715,0.49625914420679146
2020-06-25,0.233245969874043,0.490061484419042,0.5061902116486734,0.5410385564060737
2020-06-26,0.14848608502459018,0.396327705825662,0.3948370488197568,0.4407930900793577
2020-06-29,0.17718694587688108,0.4016142321613186,0.4074630234907505,0.4541578028338985
2020-06-30,0.18836769056367045,0.3668036833100101,0.3761860592518867,0.4236083926851265
2020-07-01,0.20167362121405003,0.36530708580219456,0.3782833096872983,0.4251304796471911
2020-07-02,0.19417414453581197,0.3019034114105736,0.33484100098236813,0.36517091827889825
2020-07-06,0.24406150654667108,0.35461196256598,0.4028585590652895,0.429276458254297
2020-07-07,0.22919272986653183,0.38129571713272603,0.40505826152319774,0.44580976918405985
2020-07-08,0.24852373192796254,0.39015092207460317,0.42562279533124736,0.4616077886973131
2020-07-09,0.2166403486925693,0.32623578494820354,0.36126176019320067,0.39211448849396613
2020-07-10,0.24031660395775303,0.3311232084260582,0.3858704335669783,0.40975179249229754
2020-07-13,0.20023685036207745,0.24895939002821915,0.30402131665981624,0.3270847324407704
2020-07-14,0.23818433740786152,0.2990151916534015,0.36327824122492186,0.3801392781079586
2020-07-15,0.275687162291965,0.3699410454107007,0.4397402732248168,0.45058421707623547
2020-07-16,0.28645287893196936,0.4250227333554244,0.49224988255329205,0.5054769184110212
2020-07-17,0.2841531123239706,0.4008644894843253,0.47098783985927833,0.4815235364742361
2020-07-20,0.32547716077288985,0.49231199089901523,0.5667120286101961,0.5724464398739014
2020-07-21,0.3244830563012078,0.476113249914897,0.5560868035452848,0.5563748419170618
2020-07-22,0.32010937192378314,0.4275973644005496,0.5260811475254829,0.5083656819451068
2020-07-23,0.26925395796921764,0.3275958835828282,0.402846705379428,0.4090086610625158
2020-07-24,0.26415340959846423,0.351021518176979,0.4031420905747105,0.4323562708492376
2020-07-27,0.2659281761943248,0.3138992136340063,0.3861995587894009,0.3956457489026606
2020-07-28,0.25210612158005735,0.2946744082683417,0.36252910078388295,0.37650692891653653
2020-07-29,0.29646478426676,0.3956629015953137,0.46254231747198105,0.4766254751955905
2020-07-30,0.31914982770513883,0.5032337511432923,0.5437007218074033,0.5840757213385965
2020-07-31,0.36960924566500586,0.6413729814146226,0.6778478035936142,0.7215043456686776
2020-08-03,0.4136051575387363,0.7612946866457622,0.7840971690623991,0.84078907437389
2020-08-04,0.5202659636422536,1.1308838315170968,1.0657443964223914,1.2111337772839477
2020-08-05,0.4970312537265049,1.089560687636566,1.0097603977157215,1.1703044479878102
2020-08-06,0.5154634338648981,1.1341654350622214,1.0558921037497018,1.2145194533633823
2020-08-07,0.4591591444520733,1.029011027602807,0.9804674619895456,1.1105808367172643
2020-08-10,0.48926640326691184,1.0900537769576948,1.0363579234014577,1.1712272282237883
2020-08-11,0.5015651732725447,1.085917657561718,1.0202201291363107,1.1671012648965318
2020-08-12,0.49682061947911194,1.1168369037151165,1.0644540797434419,1.1975659535130665
2020-08-13,0.5856223720428578,1.2650572415259809,1.1996947270584808,1.3455286737686025
2020-08-14,0.5776208428506927,1.2538565306411558,1.1878987712528406,1.3345200387964424
2020-08-17,0.5428663636201767,1.2176389847233842,1.1602650139018778,1.3118789629526568
2020-08-18,0.5129995424403389,1.1864258975333988,1.1317766065195234,1.2868323587274293
2020-08-19,0.5239374470746602,1.1833630974634466,1.1272182372302046,1.2809503233634976
2020-08-20,0.5086954248311903,1.1756253404624348,1.1213967689576694,1.2750717485776886
2020-08-21,0.5205195876339975,1.209005465997337,1.153859782089439,1.3081451533189945
2020-08-24,0.6334917980060201,1.4164673066173956,1.3721563977866948,1.5215702559858388
2020-08-25,0.6106180181958258,1.4079651695636752,1.3521070164683637,1.5044201334582865
2020-08-26,0.653357748229797,1.518450278595167,1.4502710054173227,1.613841408475257
2020-08-27,0.6385550068802393,1.515352686748335,1.440945730632745,1.609487758035253
2020-08-28,0.6195782477610808,1.5371361087669781,1.4379392551124128,1.6254216626962832
2020-08-31,0.6096867218816464,1.4966701759672734,1.4071958975080991,1.5855025968124719
2020-09-01,0.6566579544108254,1.612710210693827,1.5142790449921886,1.705441760265289
2020-09-02,0.6659161205106552,1.698679337623241,1.5746596431676643,1.7829795905478918
2020-09-03,0.5156007741577235,1.2510400527651728,1.1646916333994979,1.3240249713000443
2020-09-04,0.48788353131942686,1.2055145880678817,1.103206961756301,1.2779318093289886
2020-09-08,0.39981402246245484,1.0567432377840291,0.993346549658244,1.1289405194787991
2020-09-09,0.45953980263205324,1.135897835950442,1.067319748698417,1.2077356135115807
2020-09-10,0.38394282949153935,1.0343479515116039,0.9669546159661754,1.0980785038886285
2020-09-11,0.3749716397897231,1.0215558657719397,0.9469729070569165,1.0802558053656706
2020-09-14,0.41657606670307373,1.0747741189015476,0.9931161990794719,1.133522373160885
2020-09-15,0.4413364552564081,1.1106358177826714,1.0323843780458206,1.1721014842511213
2020-09-16,0.42148922390672205,1.0813399686972616,0.9993263387784828,1.1429348322630803
2020-09-17,0.3926017751697312,1.0438905561213463,0.9592498293240299,1.1056218833233389
2020-09-18,0.3573114923635839,0.9999807655572085,0.9095765574336092,1.0618564847290681
2020-09-21,0.3374970106666087,0.9869443095274892,0.8999978707330665,1.0488539970883435
2020-09-22,0.36886420033027817,1.02463298524145,0.946042855151868,1.0863362892209933
2020-09-23,0.32074458644396425,1.0075724661685888,0.9074738513109765,1.0692838660179995
2020-09-24,0.3109686873473086,0.9666146162184178,0.8669405318039706,1.0285805377241966
2020-09-25,0.3655319651412825,1.0400684395177187,0.9452193505952805,1.1016274937754476
2020-09-28,0.43136599256566915,1.1435349584404182,1.058785862920484,1.2046176163715385
2020-09-29,0.4007998431079287,1.0820049718652853,0.9963131495740298,1.1434024244043326
2020-09-30,0.46009679652297436,1.2282902893886298,1.1351618229016902,1.2893807599915148
2020-10-01,0.5341919244857086,1.4218365330724836,1.3367104785626502,1.4827100265209023
2020-10-02,0.48042132384006114,1.3270774742174622,1.2327594821050816,1.3884461052219157
2020-10-05,0.4926804422054104,1.2888826778557563,1.2421741950697969,1.3506300778668199
2020-10-06,0.46198090003632986,1.2657387074198976,1.19292605883969,1.3275397802404199
2020-10-07,0.561549686502478,1.458856515240929,1.3613297777963744,1.5200166632789602
2020-10-08,0.5596755837280657,1.4339462399536318,1.3465031234092972,1.4952867497518898
2020-10-09,0.5661032774442781,1.428713755143261,1.3494877949044264,1.4900896521357512
2020-10-12,0.582815929724857,1.4308837592475947,1.365102605579278,1.4922414657849985
2020-10-13,0.5662541029373116,1.4090625813465871,1.339677645534866,1.4704982321723534
2020-10-14,0.5174868701619626,1.3227953575532652,1.2565456793248753,1.3846995060944287
2020-10-15,0.5186120328007211,1.3272926495884876,1.260389539640956,1.389178162897765
2020-10-16,0.5078860182408526,1.3071208168675514,1.2396722383621757,1.3691061458151617
2020-10-19,0.4743214334263891,1.262717018276312,1.181451104859179,1.324798743306485
2020-10-20,0.46604265663262723,1.2403628424296593,1.1592997330697306,1.3025828400910338
2020-10-21,0.4702237132724528,1.2515929823508178,1.1728753451746294,1.313769818240712
2020-10-22,0.47793327097326943,1.2612791784142936,1.1820491490779383,1.3233996992639352
2020-10-23,0.4832268221604724,1.268244344463859,1.1897807282161523,1.3303279685166238
2020-10-26,0.4138464166133342,1.1408102873654884,1.034318915580206,1.2032371984764783
2020-10-27,0.38649472653131994,1.0898251659657605,0.9657046693396594,1.1525119996570647
2020-10-28,0.28089857130808654,0.9049125375549156,0.7738531624910424,0.9676232826898831
2020-10-29,0.3019265013431687,0.9248508578604671,0.8020919824722353,0.9874350211495502
2020-10-30,0.27836424319854297,0.903837665402516,0.7898106833375047,0.9664827252969923
2020-11-02,0.28408415929353054,0.8772470683873809,0.7471929009604568,0.9401071533181985
2020-11-03,0.32410430046936695,0.9133908116249229,0.7741714776220318,0.9759725055701517
2020-11-04,0.39274129988019046,1.0060288674070421,0.8669485352295361,1.0679792785427424
2020-11-05,0.449037213245584,1.0744540034118801,0.9361619045049865,1.1359492840223258
2020-11-06,0.43790388417540344,1.0336389855132366,0.9038780310142974,1.0953614261026412
2020-11-09,0.4675064157137926,1.049911916713947,0.923240948875983,1.1115266585056693
2020-11-10,0.4688324619840217,1.0682151521277439,0.9363887680428413,1.1297630321976893
2020-11-11,0.48451889967786993,1.0701820419982664,0.943915866546558,1.1317182141079427
2020-11-12,0.45429333447609477,1.0286454544151171,0.8989993407436392,1.090329235835002
2020-11-13,0.49053278311714943,1.06069842035125,0.9432891427218443,1.1221768772738727
2020-11-16,0.5057776948957187,1.0201984202020562,0.923754991029523,1.082017627871317
2020-11-17,0.487465089690735,0.9907250754584334,0.8911551137514676,1.0526673854867112
2020-11-18,0.4519910630474619,0.9483275053297382,0.837828325590569,1.0104045433141957
2020-11-19,0.47556148240357227,1.010321629454325,0.8971372017016425,1.0721721389563563
2020-11-20,0.45982142153257916,1.0051000452669137,0.8815542739226675,1.066967606806425
2020-11-23,0.4709234220095659,0.9993790002705957,0.8885315566452313,1.0612801803148828
2020-11-24,0.49507122273773024,0.9676391311136916,0.890831521191226,1.0298331838732178
2020-11-25,0.4837696189619796,0.9342797668515073,0.8582453619434031,0.9966465438708763
2020-11-27,0.47884430960612856,0.894222454693701,0.8295408736774037,0.9568530718696623
2020-11-30,0.4766875804509586,0.9191005559537345,0.8432409695889082,0.9816632578002895
2020-12-01,0.5342574358662775,1.0846369258881323,0.9942622634938564,1.14667182887958
2020-12-02,0.5606019683078605,1.183303964214339,1.0764275622172146,1.2450834316510768
2020-12-03,0.5415987973446833,1.1082207524860923,1.0228971248082281,1.170501926435666
2020-12-04,0.5615923122520031,1.1357972338367393,1.061507425755661,1.1978952645249337
2020-12-07,0.5286397540926272,1.0170714725675196,0.9748180525738934,1.0800602610416112
2020-12-08,0.5466903107938567,1.0723524323905442,1.0223020975243189,1.1351095799950757
2020-12-09,0.5230405432486783,1.0224660367404352,0.9648503393465673,1.085357238720719
2020-12-10,0.5136629232296234,0.9889866598347173,0.9390103998837707,1.0520630189600355
2020-12-11,0.4848340012533879,0.8892473286769084,0.8584033454189043,0.9530619241407313
2020-12-14,0.46967709510255723,0.851725522405828,0.8188354308961552,0.915694520910079
2020-12-15,0.48894815742319453,0.8749459716584086,0.8635119275701294,0.9386797685562528
2020-12-16,0.4929493283625501,0.8837886414627886,0.8739935689603818,0.9474766126101422
2020-12-17,0.5092563524408337,0.9231009352617958,0.9108807194304701,0.9865537477015981
2020-12-18,0.48522973144512793,0.847948023514007,0.8450173021043517,0.9117840431918185
2020-12-21,0.46161707729593854,0.7729466772234354,0.7773776093392,0.83718741774042
2020-12-22,0.4520764087161867,0.7426947209747948,0.749854890664806,0.8070855568249149
2020-12-23,0.4546485118590262,0.7496638499654088,0.7566007746238386,0.8140190484007833
2020-12-24,0.4504399240568283,0.7277574056643851,0.7360211672032629,0.792285641036455
2020-12-28,0.47642091741463805,0.8097518792957872,0.8104048090712063,0.8736835885522826
2020-12-29,0.48722210707331975,0.8554930068043977,0.8505268099854524,0.9193072335166286
2020-12-30,0.4842600876628741,0.8425703831216085,0.8373688525643438,0.9064619917589966
2020-12-31,0.47179706305383373,0.7826171725580362,0.7929954337663168,0.8471172687234003
2021-01-04,0.4534027213804965,0.7370835561814528,0.7412514949163478,0.8015169093703866
2021-01-05,0.46240523468153405,0.7506135178909401,0.7688633829292002,0.8149380635871054
2021-01-06,0.48839204785869067,0.8337087878336592,0.8329570951609503,0.8975842872876002
2021-01-07,0.515954207419648,0.8898222770398833,0.8880890986077214,0.9530972231842972
2021-01-08,0.5127936536684031,0.8528932828661769,0.8712502021878715,0.9164840972066535
2021-01-11,0.5011996957218716,0.8323818416139542,0.8540477734073318,0.8960194768266088
2021-01-12,0.4816049954524628,0.7571902242821504,0.7980097769573422,0.821374208128148
2021-01-13,0.4940936867975092,0.7960888432918672,0.8288707456650588,0.8600815327303167
2021-01-14,0.4769826542997004,0.7417706479343793,0.7850578393142104,0.806024400576201
2021-01-15,0.4307545787407843,0.5809554869988218,0.6584936935041295,0.646193584019109
2021-01-19,0.444626963516085,0.607610713131566,0.6880822967680134,0.6726322818664213
2021-01-20,0.4907770064495103,0.735680857544375,0.8018422416647997,0.7997310048587595
2021-01-21,0.49311862891422303,0.7410561125515169,0.8073570477475721,0.8050790203672633
2021-01-22,0.47919676460937943,0.7010419371654347,0.7741548773853116,0.7652422731457597
2021-01-25,0.5174641500623878,0.8364993078218079,0.8890356950224028,0.9003290267125132
2021-01-26,0.5613668723704931,1.003902665393635,1.052230080236957,1.0677226259794264
2021-01-27,0.456021704711517,0.7190759557939117,0.7662616329747002,0.783492213542678
2021-01-28,0.4836557183046891,0.7743255857728935,0.8362317725816644,0.8384010713538537
2021-01-29,0.4135269137597309,0.6294043991476314,0.7181979004188153,0.6938103650634442
2021-02-01,0.5165419066319212,0.8636023005038216,0.9205866116504198,0.9272953463903771
2021-02-02,0.5358309412975784,0.8787917849497737,0.9285531885303898,0.9423571905795923
2021-02-03,0.4939751132963309,0.7818995726301341,0.8544494237952347,0.8462563281913897
2021-02-04,0.49345157122862165,0.7646212622256187,0.8384094282181368,0.8291322796230598
2021-02-05,0.49512365230859734,0.7627671868213787,0.8386840789340587,0.8272895392388788
2021-02-08,0.532137468918071,0.8321215350503748,0.8987746155104185,0.8962990839751964
2021-02-09,0.5083068939277705,0.7834466914431854,0.855359089868278,0.8479246388549697
2021-02-10,0.5019061514041838,0.7706104494356473,0.8432333854213298,0.8362009266413594
2021-02-11,0.4877745368848971,0.7393734809144197,0.8146893362625175,0.80826290583301
2021-02-12,0.5054499451118484,0.7708067722560243,0.8503072232901839,0.8394548923458688
2021-02-16,0.4981585949678342,0.7565242831689392,0.8343709482357599,0.8249997478254678
2021-02-17,0.5064801004357146,0.7740571849507193,0.8539626348573026,0.8435798959801054
2021-02-18,0.47977918627527,0.7218969699505189,0.7888241467070157,0.7877027884724759
2021-02-19,0.48675434280875474,0.7383119897580049,0.807586595308767,0.8090089626435759
2021-02-22,0.49463261740295755,0.761709755189555,0.8320419681730985,0.8484974838700636
2021-02-23,0.6009986407664563,0.9898859693502168,1.1582571202904235,1.158490309636014
2021-02-24,0.7278412756446937,1.2051549311360923,1.5101069075866411,1.4743006233683398
2021-02-25,0.664264617785674,1.0799874094998867,1.287552300517047,1.3409869718053298
2021-02-26,0.7932010473910716,1.274800270292565,1.4096286969627447,1.4704917462108515
2021-03-01,0.8758021219433935,1.4100738823235037,1.5328345926965081,1.6057450806638702
2021-03-02,0.7307063314790736,1.2319114171171197,1.392528172090284,1.4655754971929345
2021-03-03,0.7806331169374667,1.2440714170334295,1.4160646269903234,1.4661489880219536
2021-03-04,0.6224097852796723,1.0611497475430525,1.2675079175264796,1.3046178062944385
2021-03-05,0.78433976023273,1.246620875956211,1.4263980262088294,1.476565045706715
2021-03-08,0.821160182945553,1.2630562678965782,1.4394830747998266,1.484728666486005
2021-03-09,1.1505029637728639,1.5677977709745705,1.687289700324327,1.7378284924919163
2021-03-10,1.0227839032816004,1.5038970225567696,1.6142291429149505,1.6710510665585523
2021-03-11,1.231649721098136,1.6531755735331346,1.740176904055093,1.798234295602669
2021-03-12,1.6571373478048252,1.8704191815545161,1.9169437216035963,1.968789994576643
2021-03-15,1.4517489909583439,1.7865314324720019,1.8401660647799722,1.8951037725032505
2021-03-16,2.055128766463879,1.9621597077697186,1.982239342977197,2.0321459210429813
2021-03-17,1.8992027077794607,1.9192471702808136,1.9490149779326544,1.9979972001177937
2021-03-18,2.095350301787158,1.9013066373390273,1.89514224747278,1.964328529863407
2021-03-19,2.0786846620964456,1.8894743555769178,1.8803111067117386,1.9531784376013432
2021-03-22,2.335451180842812,1.9813195760172715,1.9710443969587548,2.0341706984097545
2021-03-23,2.4259369538368283,1.9705713517833812,1.9457905524652994,2.0208496939844687
2021-03-24,2.1816759119871536,1.8539354224720066,1.8230882314901335,1.9105706267033198
2021-03-25,2.143213304859651,1.866183705842557,1.8417979840724443,1.9209652332724556
2021-03-26,2.017977723487912,1.8937057683131582,1.8833905114271918,1.9474837193169272
2021-03-29,2.181372289178508,1.9228215978452383,1.9162352034438623,1.9800311473643577
2021-03-30,2.0383110725681726,1.8743178417970092,1.8631421979419278,1.9285158009912335
2021-03-31,2.1360192690838633,1.915108944195766,1.9086790353255696,1.971571976500799
2021-04-01,2.471839201636901,2.032916600397075,2.0438374638234764,2.1005265661200565
2021-04-05,2.4381536263521393,2.101898709136098,2.107981562921141,2.160678395416301
2021-04-06,2.5152615267227736,2.1127676324795126,2.1248430014637125,2.1767437271687466
2021-04-07,2.3156099012387568,2.058733520673835,2.043289470382038,2.099167065722019
2021-04-08,2.334709999660722,2.094591587886635,2.0735940566152875,2.1339367957206314
2021-04-09,2.2294562777619316,2.1160081260125296,2.078431531373107,2.143819901991382
2021-04-12,2.157094518306966,2.103004861292633,2.0575787656351565,2.1238708757313893
2021-04-13,2.2248818755533,2.137891901203623,2.0958496613881703,2.162354095722372
2021-04-14,2.0741525368826226,2.073118861165777,2.017038383237537,2.085750314889886
2021-04-15,2.261061224241263,2.1874140920302754,2.145514362892742,2.206684243192431
2021-04-16,2.253340896732483,2.205705549382471,2.165231714883125,2.223009583239125
2021-04-19,2.1011286120850263,2.1143923245543994,2.0705455747675026,2.1245196307529977
2021-04-20,2.1673018665119144,2.0732713296221528,2.0447279445764095,2.0941634549586774
2021-04-21,2.4234822123055015,2.2053612113648753,2.1960158157734813,2.2420218624455606
2021-04-22,2.2611818731752327,2.0783105568921467,2.0630370093800012,2.1039781611467236
2021-04-23,2.318721811249932,2.1625711097564344,2.1420076838476576,2.187356922534398
2021-04-26,2.2585573584793197,2.1528393904879364,2.1251472931697513,2.1730700106626575
2021-04-27,2.1829676005822507,2.120726384588663,2.0872852365554677,2.1360189647667136
2021-04-28,2.2083212705054045,2.1286340692123886,2.0981493565450795,2.1460139735446644
2021-04-29,2.1183056355616334,2.1280755109175855,2.076741968602007,2.1330477949042894
2021-04-30,2.1356753279552927,2.0853079748421517,2.0474393422539072,2.0984960117658544
2021-05-03,2.32959664937533,2.179682344993139,2.155483618801593,2.204114151138309
2021-05-04,2.276212894843581,2.105139691355547,2.090912230646242,2.1283171430616314
2021-05-05,2.2275071157240496,2.0853983618333345,2.0663457846989326,2.1049713442748974
2021-05-06,2.3130485688735307,2.1791038554106357,2.1542805168457906,2.198634290857826
2021-05-07,2.288766320234223,2.2078879736971344,2.1758439091840907,2.2233423106364087
2021-05-10,2.1408388320286647,2.052264104556695,2.020857649997998,2.0634205726111112
2021-05-11,2.084514615554861,1.966443510300634,1.9356015940245161,1.9781948178713586
2021-05-12,2.074791603145954,1.8277403033213868,1.826294684885587,1.8525339845453999
2021-05-13,2.255131468518122,1.9653431785275184,1.9879966238608855,2.0046345876691483
2021-05-14,2.2713249442329073,2.019396485731376,2.018066718142747,2.0534417168194987
2021-05-17,2.230082389336911,1.9882910343931877,1.9870620722257184,2.0208594250985827
2021-05-18,2.032244665898089,1.8359490529473883,1.8346113916517315,1.8618234201982817
2021-05-19,2.081254131494814,1.8553122447310617,1.8663599143916367,1.8896472007777163
2021-05-20,2.0507905293338995,1.8606059538841189,1.86605208650308,1.8990758092727118
2021-05-21,2.088753743251769,1.8822290452325183,1.8877237858222609,1.9193183717037818
2021-05-24,2.1341663148517935,1.9377387377468822,1.9376991431070574,1.9747505842952775
2021-05-25,2.0533950680820543,1.8789226320989172,1.8764185457566485,1.9155462278694377
2021-05-26,1.984755921761081,1.8378599829641022,1.8283808959326124,1.8699455618577596
2021-05-27,1.9989913744144472,1.8482018374061606,1.840235088957552,1.8812081283303173
2021-05-28,1.9837192197774112,1.8419520617369156,1.8335103596317157,1.8738793441579455
2021-06-01,1.9549712757109685,1.8199146491408973,1.807619341178566,1.8498707403873058
2021-06-02,1.9174097426450287,1.7927737018772236,1.7793224447760003,1.8228587843864017
2021-06-03,1.8216901367188447,1.7091856924444175,1.6778693892997212,1.739660256884332
2021-06-04,1.8891994524063471,1.7782802003969178,1.7698548960420581,1.8084244782628092
2021-06-07,1.7523020549889352,1.6649852067076367,1.6361038366881517,1.6957636548084576
2021-06-08,1.6857278366309436,1.6154244645642624,1.5700521706430977,1.6464496171579865
2021-06-09,1.7234459922148866,1.6395143772593848,1.5918085679841107,1.6704455716434243
2021-06-10,1.785480252713633,1.6970815969157573,1.6618087582091121,1.7277565953912095
2021-06-11,2.3060831413707255,2.0837795295189245,2.0630535761753728,2.1135365795215253
2021-06-14,2.2493091358110293,2.068898906216111,2.024864253592249,2.0781846186219335
2021-06-15,2.1803358424011323,2.0147103504543584,1.9807433759633601,2.031901755365697
2021-06-16,2.0333609576946436,1.8781689346917156,1.863020113180045,1.9076158843251476
2021-06-17,2.0592371235740443,1.888140382839806,1.8716377724747117,1.9149362717976994
2021-06-18,1.960097594772053,1.6691869357600833,1.703670714986785,1.6968964321922808
2021-06-21,2.0831435385882133,1.8342469939922055,1.859070309019996,1.8587730796222124
2021-06-22,2.076747506592503,1.8636346290374388,1.8789681084150591,1.8887056510286135
2021-06-23,2.0397641227456362,1.8351804246767025,1.8532505213222201,1.8597595343846298
2021-06-24,2.277279592476424,1.9914527326719365,2.0112187803444628,2.0270386325548606
2021-06-25,2.23482167660998,1.993120375482389,1.9937639267811926,2.0203612838977647
2021-06-28,2.4386731309489513,2.0991804681003647,2.110596104458188,2.1350085021195047
2021-06-29,2.3546543372039457,2.060796597677857,2.0596030341395735,2.088155044940029
2021-06-30,2.282229996173173,2.031458775489799,2.0223130496873916,2.0545805168465177
2021-07-01,2.273237140979621,2.064932642802928,2.0467468295240856,2.0846222218317862
2021-07-02,2.2862521229537607,2.121879884621419,2.0963793602996215,2.138117967223409
2021-07-06,2.1811704023437968,2.056597812369049,2.0165456589529414,2.0607348711559874
2021-07-07,2.2808055280335067,2.12720406402789,2.0995747451891025,2.143605045712421
2021-07-08,2.172393085320664,2.008702637742634,1.9767219931903197,2.01749211271281
2021-07-09,2.2798353402087446,2.1213946876859078,2.1021409089137038,2.13719940823204
2021-07-12,2.239448584633461,2.1224698198497993,2.0867293793048547,2.1246603240714736
2021-07-13,2.2788661633471334,2.132843514926999,2.104429706739779,2.1363364845519675
2021-07-14,2.2091085396724304,2.0889519748386145,2.0528630640836965,2.088951974838618
2021-07-15,2.1264114752973056,2.0149563261841634,1.972267022695868,2.0149563261841665
2021-07-16,2.0925878069873303,1.9517747981220992,1.9092146762802662,1.951774798122102
2021-07-19,1.961593385385761,1.7900494682794115,1.729850644168515,1.790049468279414
2021-07-20,1.997425770767259,1.8613809369520304,1.7971935265395065,1.861380936952033
2021-07-21,2.034952509078542,1.9158203509132194,1.8375696386161946,1.9158203509132223
2021-07-22,2.011921868116853,1.9063072169915218,1.8150783377475315,1.9063072169915247
2021-07-23,2.164819065227191,2.04700539122047,1.9683019457699682,2.0470053912204733
2021-07-26,2.227339241369603,2.103555066598415,2.0346238867060293,2.103555066598418
2021-07-27,2.148199172445204,2.0263613581148654,1.9557719504688234,2.026361358114868
2021-07-28,2.190780384084587,2.0677022654582817,1.9980046810807233,2.067702265458285
2021-07-29,2.141995517501293,2.0233236805518966,1.9497616997812288,2.0233236805519
2021-07-30,2.1326164763153157,2.0078192917673436,1.9349500829137969,2.0078192917673467
2021-08-02,2.067186475659596,1.9398652301259005,1.8662533908668646,1.9398652301259036
2021-08-03,2.0743828185919027,1.9567521783239588,1.884315931286498,1.9567521783239616
2021-08-04,2.013953813459613,1.8893713482442527,1.811387120975006,1.8893713482442556
2021-08-05,2.0147103302607148,1.8911201279792214,1.819699517807483,1.8911201279792242
2021-08-06,1.9824047943750636,1.8552881072878533,1.7844444979267349,1.855288107287856
2021-08-09,1.9719512813394362,1.8427365653486343,1.7715123575943457,1.842736565348637
2021-08-10,1.9603980563432195,1.8294465446872514,1.759221248674316,1.829446544687254
2021-08-11,2.0368218769611453,1.9278228952764658,1.858928944731049,1.9278228952764689
2021-08-12,1.9708184528124408,1.8454556797408053,1.7769600866773168,1.8454556797408082
2021-08-13,1.9957105589500677,1.8763103000217722,1.8116384024292214,1.8763103000217753
2021-08-16,2.01139893969608,1.8971863332769383,1.8366195691186906,1.8971863332769412
2021-08-17,1.9430430334117117,1.7900287647542819,1.7331738989541163,1.7900287647542847
2021-08-18,1.848055378866311,1.6187724006781057,1.5756969120720874,1.6187724006781081
2021-08-19,1.887711364882775,1.671888454441664,1.6285703587704399,1.6718884544416666
2021-08-20,1.91828479591596,1.7288198332415914,1.6654653736388285,1.7288198332415943
2021-08-23,1.951050645937552,1.7897272441317544,1.7080838589459795,1.789727244131757
2021-08-24,1.897425307771122,1.7154368285196897,1.633301592192048,1.7154368285196926
2021-08-25,1.888227931375959,1.7056841505198113,1.6172972925955573,1.705684150519814
2021-08-26,1.7824801216447983,1.5401629986452408,1.4789740583915938,1.540162998645243
2021-08-27,1.825212024540365,1.606488708357532,1.5375581736765913,1.6064887083575345
2021-08-30,1.8121532821626085,1.5828604187658406,1.5236719935708476,1.5828604187658428
2021-08-31,1.8272440485755677,1.6095499016246906,1.5442172147482693,1.609549901624693
2021-09-01,1.7705064605034855,1.520380361002312,1.4694926534626134,1.5203803610023143
2021-09-02,1.7011742286223053,1.418416639630844,1.377248321434286,1.418416639630846
2021-09-03,1.9971339247325035,1.8727696891481662,1.765486950719922,1.8727696891481698
2021-09-07,2.0325783527743857,1.8765079133093114,1.7925961594442823,1.8765079133093145
2021-09-08,2.264256859739349,2.049150394195671,1.9092450732518822,2.0491503941956744
2021-09-09,2.1106819353061015,1.9026629286230763,1.7766925192832697,1.9026629286230794
2021-09-10,2.1950061360707886,1.8880936780474318,1.7476856902662676,1.888093678047435
2021-09-13,2.209755139984618,1.9144995081324612,1.7743422605736725,1.9144995081324643
2021-09-14,2.0811905333403797,1.790051091116936,1.668281754909135,1.790051091116939
2021-09-15,2.102977141708478,1.8534347810006182,1.7301318753616894,1.8534347810006215
2021-09-16,2.12137405728416,1.8541587768473828,1.7306702076980214,1.854158776847386
2021-09-17,2.113323912888352,1.761205697369894,1.6685745613348555,1.7612056973698973
2021-09-20,2.066588231975565,1.600148176080988,1.534195752127833,1.6001481760809906
2021-09-21,2.148969791687244,1.6418405907461846,1.584624949549248,1.6418405907461875
2021-09-22,2.146307279025121,1.6898250517947964,1.5978594207574575,1.6898250517947995
2021-09-23,2.4360550176126403,1.9020666940127584,1.8128276112169592,1.9020666940127617
2021-09-24,2.4287010027142317,1.905214494239455,1.8105880803479657,1.9052144942394584
2021-09-27,2.302333025325534,1.8167534572237978,1.7224322975895556,1.8167534572238007
2021-09-28,2.0175042850735827,1.5429750469147643,1.47909017822478,1.5429750469147667
2021-09-29,2.072367831317379,1.5768171151806463,1.518396556367679,1.576817115180649
2021-09-30,1.9192704026154623,1.4495202222140964,1.4091311909847308,1.4495202222140988
2021-10-01,1.9543492433284153,1.5056415160833403,1.4480286777131979,1.5056415160833427
2021-10-04,1.9248378859203095,1.4500838482244551,1.4179517622183124,1.4500838482244576
2021-10-05,1.8815490138354751,1.4410663377500992,1.3859459309128377,1.4410663377501012
2021-10-06,2.0293328980049843,1.5299317996255644,1.4946028465922332,1.5299317996255666
2021-10-07,1.9766554019291507,1.5060147682296336,1.4583859181144598,1.5060147682296359
2021-10-08,1.9004360863544603,1.454810393840224,1.403419945413535,1.4548103938402261
2021-10-11,1.7801714454363464,1.3666991319176398,1.3132897619247712,1.3666991319176418
2021-10-12,1.6532212828179762,1.2778116006673084,1.2187440361781403,1.2778116006673104
2021-10-13,1.7313001656804592,1.3315919543456318,1.2792062223299756,1.3315919543456338
2021-10-14,1.892931839912867,1.458408178953342,1.4251737601146142,1.458408178953344
2021-10-15,1.9565199489420846,1.5063096499316073,1.4884351764488926,1.516829822413217
2021-10-18,1.9829332036558438,1.526089972083794,1.5110686515389264,1.5375585734611867
2021-10-19,2.167563186367681,1.6536087267814754,1.6619095465619629,1.665235858249767
2021-10-20,2.167009078729546,1.6584648581188492,1.6641190513945374,1.6719734933520358
2021-10-21,2.2011091436490284,1.684256807758884,1.6945362300313866,1.6991007590224787
2021-10-22,2.1532678365675544,1.647301555845545,1.6527120967037738,1.6614343122572832
2021-10-25,2.167159591328399,1.6627322324062763,1.673295094253148,1.6825957519231063
2021-10-26,2.339442410450391,1.788953504512437,1.8297343758422377,1.8102852798369977
2021-10-27,2.331291720519195,1.7719951530653477,1.81452475754314,1.7913282167913192
2021-10-28,2.766724822025596,2.0801884249859137,2.157047438939159,2.108322807889303
2021-10-29,2.7096426367946167,2.0524677125734354,2.114747751915617,2.0814601681368488
2021-11-01,2.817918798415999,2.119190889244186,2.1758180135487835,2.148134045757836
2021-11-02,2.7693950309278548,2.112536445753018,2.167775107564271,2.1414954293433617
2021-11-03,2.6992966816821227,2.100719457443807,2.1538345416544153,2.1297172758828875
2021-11-04,2.5955887917177707,2.058550563348928,2.1078942793718536,2.08769066986815
2021-11-05,2.4938436718371646,2.016829785349358,2.061634211979559,2.046092714924833
2021-11-08,2.5028558283563482,2.0280267988473937,2.0718251310580658,2.0572754180393042
2021-11-09,2.3822810298019923,1.9283584529830824,1.9830911325451492,1.957737402209645
2021-11-10,2.3219018427404112,1.8163188012776033,1.8875758962653246,1.8456884552044264
2021-11-11,2.2669380395337884,1.7877456817461894,1.8575038572169242,1.8171638094759643
2021-11-12,2.414793992773862,1.930412532475338,1.9819520937899644,1.9595408812065818
2021-11-15,2.317087663247559,1.8778527529345959,1.9164640913760846,1.9070880922534073
2021-11-16,2.2565042374245197,1.8800833308156701,1.8919218128365327,1.9093126542845784
2021-11-17,2.2834049127301803,1.8678829614340489,1.8950150896797455,1.8971182311948231
2021-11-18,2.4264380763974125,1.9711432122468697,2.003503402872568,2.0002628555424278
2021-11-19,2.376450576423124,1.926713622193003,1.9583216328569066,1.9558807217331253
2021-11-22,2.414412037997618,1.9150850218863216,1.9653080538192838,1.9442563426056156
2021-11-23,2.3774399985355354,1.9087500400179338,1.9452818881327667,1.9379324030346787
2021-11-24,2.283571155953736,1.8781111734712312,1.8836343051718685,1.9073761729468095
2021-11-26,2.0659587862246727,1.478694919092369,1.5519854383608997,1.507138682645987
2021-11-29,2.134939830367575,1.5643202460914885,1.6672489633750265,1.5925182177173611
2021-11-30,1.9828370941276046,1.4082556576590068,1.5587650857654984,1.4363103787593474
2021-12-01,1.8006353111992939,1.269602634390305,1.4170379546592637,1.297789988365014
2021-12-02,1.894354496504177,1.3520165446199857,1.476925583525713,1.379981636877869
2021-12-03,1.8205745703391747,1.2979792611788277,1.4317656650283872,1.3398213758331672
2021-12-06,1.8427229451695437,1.313714847227082,1.4290131828811665,1.338630842016446
2021-12-07,1.99971323164181,1.4375279002248897,1.543952383574898,1.442361818481111
2021-12-08,1.9975770060801608,1.431386540361948,1.5356110504660132,1.434958696535478
2021-12-09,2.017847251547213,1.462649089407762,1.5801953280420646,1.4731532207393283
2021-12-10,2.0904049157101183,1.5121780878262099,1.6295201942053337,1.5171695637898865
2021-12-13,2.0231880159342217,1.473086906075777,1.589158233136206,1.4811010233155453
2021-12-14,2.0020506440300267,1.4704464111511253,1.5889664757414907,1.4793822098617682
2021-12-15,2.0149195087227048,1.4486199545247387,1.5615940050691743,1.4577366150055238
2021-12-16,1.926929909676353,1.3927655843345972,1.4929413956965532,1.3975558257139633
2021-12-17,1.7926807192007668,1.2981972333349159,1.3887151556602462,1.300399979347756
2021-12-20,1.7344115063379608,1.2816744349023361,1.3595434546569898,1.279524022836276
2021-12-21,1.8849587993066577,1.3887244790960178,1.4828078325220628,1.3935459545411155
2021-12-22,1.970737794327007,1.4452344732895392,1.551048218388924,1.4563155484600563
2021-12-23,2.0101133924543904,1.4634779024014322,1.5743310175636576,1.4766406658108264
2021-12-27,2.0786482888548745,1.482241067278938,1.6096552563293467,1.5020014810990547
2021-12-28,2.0097788101774294,1.3970445598829886,1.5263552480614089,1.4163141654566698
2021-12-29,2.0348380320579045,1.421775899723725,1.552989136694399,1.4414622611712482
2021-12-30,2.00169501122737,1.393592684994978,1.522950419122769,1.4125993639364338
2021-12-31,1.9435042266185085,1.327563077466902,1.4585070838333203,1.3453708780912659
2022-01-03,2.1056780138992894,1.5203217381268888,1.6546554311426545,1.542065724006024
2022-01-04,2.05190704455442,1.458709462333101,1.5840883841958062,1.4801203167702701
2022-01-05,1.8339963261521952,1.2853889192196204,1.3766343622478847,1.2846044055360855
2022-01-06,1.7234041907575117,1.1566345210218403,1.2589602663737316,1.1545549181223618
2022-01-07,1.6491334232792636,1.0884514436593533,1.1889110404732024,1.0877659281443601
2022-01-10,1.694342782730669,1.1418553697402944,1.2306699109819832,1.1410841652303558
2022-01-11,1.7591669157756262,1.1920726788671137,1.2881635715560644,1.1928435344653423
2022-01-12,1.7592477003414104,1.185705651162845,1.2875015015051157,1.1880619297257498
2022-01-13,1.6696124390746447,1.1290567226566763,1.2098883244904783,1.123906642750979
2022-01-14,1.7321737338150505,1.2010940909099217,1.277008897057985,1.1961453871720922
2022-01-18,1.5216917111247483,1.0182949653852522,1.0848485442079872,1.0172081611936907
2022-01-19,1.3395940636918597,0.8445471819588646,0.899495074036742,0.8370326362945163
2022-01-20,1.2429284081409513,0.7707353620517713,0.8255477069383246,0.7699827621672152
2022-01-21,1.1068055193296717,0.6705376536142114,0.7327150684732466,0.6699393907394195
2022-01-24,1.1090012011836625,0.6643923577776075,0.7263668351374037,0.6638024725685571
2022-01-25,1.0240301072304308,0.6015049105083665,0.6780778265825911,0.6010070380030474
2022-01-26,1.2114630566033953,0.7965986478561201,0.8922073827797803,0.7957901174614851
2022-01-27,1.109868890334292,0.7102411194070681,0.7909735440981528,0.7095568962590232
2022-01-28,1.4445395868450133,0.9961164184288744,1.0374238786259362,0.9950291834683934
2022-01-31,1.4528635603826225,0.9998044765105858,1.0485683041773874,0.9995096137037561
2022-02-01,1.4032860578151434,0.9615559446653974,1.013905711133892,0.9577722455182617
2022-02-02,1.4673591571312392,1.0030878041455584,1.0536350156064906,0.9928086618628474
2022-02-03,1.1849882993696352,0.827884770644708,0.878393576829829,0.8255237050748345
2022-02-04,1.1905054056515971,0.8288905913454481,0.8819621041738026,0.8266440923238526
2022-02-07,1.11361873624226,0.7762836276021092,0.8309530596869282,0.776146868289815
2022-02-08,1.1780230439344412,0.8162427700113252,0.8719960363561367,0.8133361280922097
2022-02-09,1.2829075163438108,0.8812269384583499,0.9443674910226079,0.8788276395748378
2022-02-10,1.1253932534889854,0.7916774266205167,0.8359081346226838,0.7822127111080642
2022-02-11,0.9325929552589091,0.6802678025818056,0.6980706233368071,0.6618148981871591
2022-02-14,0.9147694420084918,0.6716612839900904,0.6889962517486914,0.6526956164617699
2022-02-15,1.0229908081135448,0.7335966786537844,0.7538665668753435,0.7117083792948957
2022-02-16,1.0625619568278946,0.7619014220777983,0.79351234338702,0.7401274170742405
2022-02-17,0.9076927183069914,0.6820298506372027,0.7074232714804012,0.6595541965958062
2022-02-18,0.9168848885372399,0.7013089374928936,0.7435160935185228,0.6751939039267666
2022-02-22,0.8284297325681336,0.6503347188788927,0.6854043308547808,0.6259956528447834
2022-02-23,0.6193780657299318,0.5169964413018888,0.5107397229892419,0.49050943463117874
2022-02-24,0.907216039404816,0.7140221224695023,0.8190470084293849,0.6913753401468044
2022-02-25,1.0886714222117195,0.8234878789338339,0.9572311155986065,0.8043110073549947
2022-02-28,0.913404254295219,0.6870026128885967,0.8236817982051456,0.6669746291805321
2022-03-01,0.8554664542643243,0.6700432587454234,0.8031182405589938,0.6527724051109524
2022-03-02,1.0776345839067494,0.8195508850305059,0.9476514818834011,0.8025819570508719
2022-03-03,1.13480543347573,0.8735825036785001,0.9887479832258871,0.8557748345937382
2022-03-04,0.9519641405623932,0.7446092871065546,0.866848997774257,0.7273791537689545
2022-03-07,0.755349870061376,0.6418988612451739,0.7452327343769324,0.6251532055241678
2022-03-08,0.6040894604074585,0.5405028065557728,0.6438629163914925,0.5197478438380395
2022-03-09,0.7351417860894935,0.6060795277998593,0.7104440205234541,0.5761237067093502
2022-03-10,0.6347849218635864,0.5407158549714765,0.6434423357652629,0.510189772331749
2022-03-11,0.5342412909806301,0.4878850429070071,0.5891829939852103,0.4615926371009703
2022-03-14,0.4420101977891058,0.4323021701435595,0.5284810850031096,0.4069106279646744
2022-03-15,0.5947497997718572,0.5178908541687336,0.6210117223635843,0.48982405519167616
2022-03-16,0.7139604017651884,0.5763943331332059,0.6907565169734645,0.5549700098288304
2022-03-17,0.8992041862853319,0.6908885322748208,0.8389288869390821,0.6712964132349952
2022-03-18,0.9833935388647405,0.7356453637575787,0.8927686029730094,0.7165939569199787
2022-03-21,0.9287229825201223,0.6979737149680368,0.8435765586986085,0.6789506775538438
2022-03-22,1.059920775724937,0.7755648409624141,0.9445911795071777,0.7591584120355617
2022-03-23,1.0031710052775262,0.7528966561142987,0.9192372974044314,0.7293960278999906
2022-03-24,1.061887460138906,0.7793422953630279,0.9495556675373228,0.7643347705502843
2022-03-25,0.9921261892139579,0.7145073753999494,0.8651463256567014,0.7024991142957285
2022-03-28,1.0424258343103472,0.7434026653748385,0.9015586529068932,0.7342750556929613
2022-03-29,1.140048509600617,0.8041168987998293,0.9787321998410818,0.8034986999761263
2022-03-30,1.0703053138212208,0.756333093214225,0.9178338977658578,0.7502894550625624
2022-03-31,0.8906966436834418,0.627878141051869,0.7566886876719081,0.6087636329561705
2022-04-01,0.8175823178063072,0.5457600343104542,0.6671722774672212,0.5302851018496876
2022-04-04,0.8776722134332431,0.5825497558204902,0.715501847151926,0.5736747713718074
2022-04-05,0.7814512510100058,0.5159863936060461,0.6345714838717564,0.5007600901273989
2022-04-06,0.6811355554328826,0.43591010435631183,0.5416648789326762,0.4128125578720475
2022-04-07,0.666707831221842,0.405161015235194,0.5153927749511872,0.3838497363649788
2022-04-08,0.6462494120059514,0.38967217816107297,0.49736062458485114,0.3675958313877902
2022-04-11,0.507908508672786,0.2810089607416261,0.3683835338691091,0.2519138076857452
2022-04-12,0.5059536943893145,0.2902414153013466,0.3738716966591075,0.2571206936648471
2022-04-13,0.5104481489759666,0.2655369357191042,0.34214400350443325,0.23231667417889515
2022-04-14,0.4038490861189962,0.17368454354642235,0.2374201079943928,0.1419437591812279
2022-04-18,0.4393745270219856,0.2190158120484432,0.28133272379806834,0.18695289361331754
2022-04-19,0.5914372543794095,0.3684430387638631,0.43551521701746426,0.329242971719854
2022-04-20,0.5254563935435612,0.288961014334254,0.34890014348227383,0.25008701464223826
2022-04-21,0.48503981133272966,0.28693954657881104,0.3422514526531247,0.24808311156762594
2022-04-22,0.22782221801643762,0.053593701154226,0.08487280211431236,0.016281903004963988
2022-04-25,0.2516284287039518,0.06488159416882153,0.10060735638257559,0.028444277626967683
2022-04-26,0.061512002563235545,-0.0724998137042212,-0.019508176862153153,-0.07834463540285111
2022-04-27,0.08119437587197574,-0.058010891818080675,-0.004880178734043125,-0.06476347507377056
2022-04-28,0.19718098919012475,-0.0017416491435403936,0.03288864374473965,-0.038873822052870176
2022-04-29,0.0017870685050143363,-0.09150330026284688,-0.05641471485442451,-0.11345811090674092
2022-05-02,0.025326918468274475,-0.08894958452665937,-0.05364813640884106,-0.11236699768884226
2022-05-03,0.09122029759553404,-0.015475871525194581,0.011574823249163521,-0.042597616244036934
2022-05-04,0.2684764668687276,0.08480809690671799,0.10135045882358687,0.038118211481020174
2022-05-05,0.002607037921110397,-0.0985028704517004,-0.08816905301196318,-0.1420680468451786
2022-05-06,-0.07537136695598357,-0.17909349999820323,-0.1725071404176913,-0.22242215379034644
2022-05-09,-0.20504489697902967,-0.18552748328306487,-0.17078349880803673,-0.21265348841984885
2022-05-10,-0.13989488858153948,-0.1070411386736735,-0.08648571601791989,-0.13405669740845952
2022-05-11,-0.10858866371874158,0.015365808696576312,0.04087009181194425,-0.004698030569694303
2022-05-12,-0.18464309026507067,-0.06486930309389928,-0.0527227581011957,-0.08544254582217613
2022-05-13,-0.134935349367126,-0.09620435806613663,-0.06499981961767783,-0.12003506812074308
2022-05-16,-0.14372075437488488,-0.09195255730576697,-0.06435769036908397,-0.11678674830503388
2022-05-17,0.024503759370767007,0.014637584566965112,0.046257259848486214,-0.00569394582829909
2022-05-18,-0.19241446359709252,-0.07860419977182162,-0.08051539905359521,-0.11760343095586238
2022-05-19,-0.2873496173196659,-0.15914339393319893,-0.1623515050958459,-0.20239067486816262
2022-05-20,-0.2802920327706968,-0.15312775726539227,-0.15621250775357892,-0.1963646696554315
2022-05-23,-0.2322079559438838,-0.16966557796234752,-0.16383628472843165,-0.21155953255814292
2022-05-24,-0.2624652602896569,-0.17522749222932812,-0.17363261028602153,-0.2199623335125354
2022-05-25,-0.22407684269292985,-0.16451412197951099,-0.15802842952019813,-0.20626585066529468
2022-05-26,-0.11572993154175924,-0.1168246202862422,-0.0931518518048214,-0.14732553427679365
2022-05-27,0.008964162434882105,-0.06461086755872364,-0.016943241188941933,-0.07719554585421867
2022-05-31,-0.017149180660224618,-0.07437145021586423,-0.030406936693543905,-0.09013026656751852
2022-06-01,-0.07040879734409093,-0.10605023680567474,-0.07104289823263178,-0.12500259357277782
2022-06-02,0.05343899073000979,-0.03175620724163618,0.03036495239355769,-0.038740547031649294
2022-06-03,-0.08658287047988643,-0.13492665589545863,-0.11713140685804771,-0.1539536100539613
2022-06-06,-0.064704062505951,-0.1197326968256861,-0.0965010753537364,-0.13739328708126095
2022-06-07,-0.013801010576769754,-0.09218281400718038,-0.06209605284998837,-0.10587074323337882
2022-06-08,-0.06507787939500825,-0.11859940494061963,-0.09326629961451359,-0.13665937620034668
2022-06-09,-0.21931813558598065,-0.22795925378437149,-0.2407997627487901,-0.261402440917061
2022-06-10,-0.3821405223384066,-0.33405160101567904,-0.3840343404319086,-0.39127152152464356
2022-06-13,-0.588064253438181,-0.46565577435000044,-0.5486784427815089,-0.542291771039309
2022-06-14,-0.5941937931795244,-0.4532075632876609,-0.5397121208684695,-0.5305109254681845
2022-06-15,-0.4898831361210665,-0.3505536171897736,-0.4432863336302586,-0.4332653679841432
2022-06-16,-0.6535843733845034,-0.4393445576235038,-0.5343185260270862,-0.51559927150774
2022-06-17,-0.5741432600679629,-0.26923584326306094,-0.39383641230842054,-0.347554620762224
2022-06-21,-0.516519891152272,-0.3560029794431819,-0.48187073258715724,-0.44676664155707346
2022-06-22,-0.5532675322313877,-0.4118126157311019,-0.5298538812660671,-0.5023329010745888
2022-06-23,-0.49656110820110194,-0.3712544600214559,-0.49295857878756527,-0.4642239359932438
2022-06-24,-0.3623391235139399,-0.3388963340306333,-0.4346524496747475,-0.4311848206616989
2022-06-27,-0.3995292834447597,-0.3840343956153852,-0.4746139905698522,-0.47773008326958216
2022-06-28,-0.5111505274415634,-0.46036444117728625,-0.5514657806897583,-0.5534244215393099
2022-06-29,-0.5179418040569167,-0.46791864625562263,-0.5585338286259021,-0.5610637374904122
2022-06-30,-0.5626749047899372,-0.4993285242184755,-0.5917287649213772,-0.5930336055471751
2022-07-01,-0.5370374570477131,-0.5234315359460477,-0.6059135410998112,-0.613524198980843
2022-07-05,-0.5661459844607981,-0.5941563265705108,-0.6737225858272651,-0.6833708199145829
2022-07-06,-0.5400241619473511,-0.5659830087858897,-0.6430019545228389,-0.6531450692098274
2022-07-07,-0.48188808994468785,-0.5567892634046366,-0.6118224002744432,-0.6296013107620779
2022-07-08,-0.44545644147130503,-0.47955181837903166,-0.5387991421767774,-0.5539636137565809
2022-07-11,-0.5560051543113155,-0.6151571450095034,-0.6993192829662924,-0.7032660096994046
2022-07-12,-0.6179122046332206,-0.674223238595738,-0.7751615021768716,-0.7750403380072617
2022-07-13,-0.6270484735712192,-0.6612595020569964,-0.7731751138046409,-0.7689704840237184
2022-07-14,-0.6466510573942905,-0.683524257452117,-0.7984065974336,-0.7911322625065107
2022-07-15,-0.5325504229737027,-0.5805317827824134,-0.6631549123683222,-0.6884231377330507
2022-07-18,-0.5345789567239493,-0.5420593051950083,-0.6388047710526762,-0.650348744595991
2022-07-19,-0.3259044180974379,-0.3005848310641769,-0.3637650410167084,-0.41024636184432556
2022-07-20,-0.36557044358017304,-0.39562929428216953,-0.45797152873986724,-0.5055009818956647
2022-07-21,-0.35516082897589746,-0.41974285325120325,-0.47133341381869576,-0.5296274059685263
2022-07-22,-0.41126715429672106,-0.4766395218084686,-0.526256634443571,-0.5861592375428738
2022-07-25,-0.45649073259682255,-0.5577874838857965,-0.5881375077387487,-0.6672656713091586
2022-07-26,-0.5267554602640035,-0.6355136097911149,-0.6620634975441686,-0.7444388685360099
2022-07-27,-0.37442399381574826,-0.4720046527363316,-0.4922956632302503,-0.5810308231591309
2022-07-28,-0.31067207510869965,-0.40953693024385,-0.42451972390235215,-0.518703957069478
2022-07-29,-0.25947052005661786,-0.37417609058150697,-0.3937460450806211,-0.48334436302237904
2022-08-01,-0.2502213825490825,-0.35048316409000124,-0.3685584805579761,-0.4598402918961412
2022-08-02,-0.27217027411281314,-0.3649383245386448,-0.3799960350360325,-0.474183741395676
2022-08-03,-0.2353665170479789,-0.3574467183466634,-0.374469269269732,-0.46667906606929566
2022-08-04,-0.21469531313998239,-0.32303081636867204,-0.33535847597465823,-0.43251846849733183
2022-08-05,-0.2538203964517537,-0.3787794017516341,-0.3973105020372409,-0.48809312979413494
2022-08-08,-0.26754116730893934,-0.3968803973307722,-0.41740932458145297,-0.5061073372218374
2022-08-09,-0.2829258028719308,-0.40886871105268585,-0.43243289557276193,-0.5180174654308443
2022-08-10,-0.18668806744955702,-0.3180335837896798,-0.317333987465478,-0.4271379674203592
2022-08-11,-0.19873926155104565,-0.3384865455688892,-0.3407239218030522,-0.44750630415057624
2022-08-12,-0.13141196254132514,-0.28439594625992404,-0.2829944833942574,-0.3934088215114604
2022-08-15,-0.12030269682860764,-0.2801743620366745,-0.2787447992006202,-0.3892017285695808
2022-08-16,-0.1222132711112439,-0.29121490910604986,-0.2933942500826731,-0.4002019296363862
2022-08-17,-0.12484509183528356,-0.25744660573319705,-0.2617672342784094,-0.3668140964981991
2022-08-18,-0.05770788530287485,-0.11100846023032267,-0.12334003016219884,-0.22211648206383808
2022-08-19,-0.13038908157303758,-0.19918586402989408,-0.220662291927974,-0.30954310441925487
2022-08-22,-0.2691090367268323,-0.3930669186896446,-0.42032368631799144,-0.502168305557223
2022-08-23,-0.3231509111032079,-0.5061512007082607,-0.5127594423602514,-0.6151902867704724
2022-08-24,-0.315372604490704,-0.5078797797417084,-0.5110060859009088,-0.6169129791143193
2022-08-25,-0.2574112507907489,-0.4544741601590246,-0.4550057990450083,-0.5635103205285896
2022-08-26,-0.3892256097072638,-0.5641344232487701,-0.5839354791918268,-0.6711263519806326
2022-08-29,-0.46309115085822833,-0.6885863708465283,-0.7002793986950763,-0.7953872074572922
2022-08-30,-0.5356936040591715,-0.7809626963427577,-0.7775101449781273,-0.8873206369843777
2022-08-31,-0.5645301972179742,-0.7979180705383159,-0.7936130289097271,-0.904156646289284
2022-09-01,-0.5521394453806512,-0.7895778892302066,-0.7859231881743122,-0.895846605816504
2022-09-02,-0.616234599688734,-0.8700538300520166,-0.8567675561349216,-0.9759047431072598
2022-09-06,-0.6328893818774327,-0.8837452403255763,-0.8712054207986809,-0.989521561655529
2022-09-07,-0.5298369614034321,-0.763663121546782,-0.7532479602247681,-0.8697630625161159
2022-09-08,-0.4931405938568979,-0.7232728460018594,-0.7090065308819984,-0.829532483171528
2022-09-09,-0.39932182261121973,-0.6077009549824655,-0.594748804935409,-0.7143839780888251
2022-09-12,-0.31172795579288154,-0.47948940451669836,-0.4621840516142736,-0.5870632402560021
2022-09-13,-0.5213097882915612,-0.6851916719302115,-0.6824695178558935,-0.7899794618707201
2022-09-14,-0.4789739695579689,-0.6191769119344968,-0.6168230655975258,-0.7203148573772592
2022-09-15,-0.5694197524231603,-0.7414462910799605,-0.7283374162006657,-0.834151510156924
2022-09-16,-0.5969952992183711,-0.7522357184170821,-0.7374617233212014,-0.841230580808903
2022-09-19,-0.5166867200053189,-0.6229834674680643,-0.6301456343181508,-0.7158027584350998
2022-09-20,-0.4932427256389143,-0.5037685981424013,-0.5246556094266894,-0.5968525936068412
2022-09-21,-0.5680677744104894,-0.557254724930539,-0.5818612051625615,-0.6502098709891971
2022-09-22,-0.6515453378075651,-0.677804013961278,-0.6747588114547927,-0.7722117233075027
2022-09-23,-0.7835939310665572,-0.8432830727490495,-0.8185428412965315,-0.9386468290446849
2022-09-26,-0.8359882362856486,-0.8918209745481063,-0.8682380860889107,-0.9886768372604662
2022-09-27,-0.8345842481260567,-0.8794505948282368,-0.8604123919763503,-0.9756471218707516
2022-09-28,-0.6520558372798816,-0.6393730681021951,-0.6502056713091768,-0.7404831883152013
2022-09-29,-0.7531075140209214,-0.7291680406200541,-0.7513715262008819,-0.8295725119899958
2022-09-30,-0.7673880501831386,-0.7006180215941318,-0.7506901385251242,-0.8013578426748411
2022-10-03,-0.6984812967490054,-0.6855090368547242,-0.7172414469135813,-0.7861974163594061
2022-10-04,-0.497437196936916,-0.4998662823779608,-0.5300271134398942,-0.5912952756985164
2022-10-05,-0.5550198905262572,-0.5719194635047502,-0.594367713307591,-0.6636948277193221
2022-10-06,-0.6198048355343625,-0.6287643996062774,-0.6468510641273294,-0.7180783433704356
2022-10-07,-0.7801923837699473,-0.7660346109190151,-0.7822061429005682,-0.855157807623307
2022-10-10,-0.8058630837852675,-0.7792238326188317,-0.7980974277806884,-0.8700721854565281
2022-10-11,-0.8018810628510253,-0.7580141754682084,-0.7762032133152001,-0.8478418662998922
2022-10-12,-0.8055947590027372,-0.7560663606123812,-0.7718960899671611,-0.8443268224188115
2022-10-13,-0.7005949381735991,-0.6773691356940843,-0.7000450853046816,-0.7735648636441457
2022-10-14,-0.8748709015023598,-0.8538020136057453,-0.8992986934399645,-0.9556550189655445
2022-10-17,-0.7915107592786977,-0.8096833066031947,-0.863667312587216,-0.9212079748341188
2022-10-18,-0.7521549375974509,-0.7894458626740335,-0.8430870872986047,-0.9013271392309683
2022-10-19,-0.8173166967945976,-0.8571596667906819,-0.9126170555273472,-0.9684678094795818
2022-10-20,-0.8711740598049875,-0.9062179198239156,-0.9654878348259265,-1.0195050919256317
2022-10-21,-0.7727711063554059,-0.8449908286729989,-0.8966164606492084,-0.9529489000275495
2022-10-24,-0.7140695330011442,-0.8013490777940956,-0.8440149872571747,-0.9021356357004727
2022-10-25,-0.6668677858613673,-0.7858722929563262,-0.8292301579970288,-0.8878419088316105
2022-10-26,-0.7033374485038205,-0.8137626610187498,-0.8629669486874887,-0.92041128549221
2022-10-27,-0.707256269273672,-0.7973141439479121,-0.8469542204362199,-0.904959789083502
2022-10-28,-0.6439318420706094,-0.7929224559943207,-0.837706323921594,-0.8960105391456248
2022-10-31,-0.6838066932566947,-0.8316587708966586,-0.8845883023953437,-0.9412771025051858
2022-11-01,-0.710135461615626,-0.8601461398385678,-0.914633853948681,-0.9711811980792278
2022-11-02,-0.8328518153570734,-0.9862145190411056,-1.0445438250058556,-1.1037603768084432
2022-11-03,-0.9031418142987783,-1.0846363807446155,-1.142730400453629,-1.2098507083908883
2022-11-04,-0.8603631894568202,-1.0860786400443154,-1.1334783569033138,-1.207858591396477
2022-11-07,-0.8337073037190679,-1.0893214725696292,-1.1287776728447414,-1.2094819858794887
2022-11-08,-0.8140429172295649,-1.0794280654904,-1.1157335402883013,-1.1984236438510325
2022-11-09,-0.885825606899316,-1.1108631323400757,-1.1652289772770754,-1.2368624803742896
2022-11-10,-0.6071803579042587,-0.8244930832620257,-0.8340439714868317,-0.89764411830136
2022-11-11,-0.5679456823935448,-0.8003962262393218,-0.7998516618879054,-0.8646762830070183
2022-11-14,-0.6347185402748526,-0.9257385373069453,-0.8861741420817769,-0.9825792374441727
2022-11-15,-0.6004147516360258,-0.9039258229453675,-0.8676304478873359,-0.9658231339949005
2022-11-16,-0.6484670787703211,-0.9788193398160067,-0.9230329543698683,-1.0366984473722596
2022-11-17,-0.651078254338666,-0.956673881668462,-0.910011171842177,-1.014434995667778
2022-11-18,-0.6462877520423598,-0.9877919793330855,-0.9278371684055574,-1.0450276067794
2022-11-21,-0.6539370113943278,-0.9763608094178794,-0.9231950857432133,-1.0343193936813053
2022-11-22,-0.5857704967785458,-0.8965906811889174,-0.8462097488654795,-0.9504011221441074
2022-11-23,-0.565014460926372,-0.893218921406302,-0.8345221763628496,-0.9429137789313685
2022-11-25,-0.5770397639564095,-0.9287642280814801,-0.8623637242507398,-0.9780115539785232
2022-11-28,-0.5513848901985419,-0.7160160826564288,-0.7162558955395383,-0.7859654731735286
2022-11-29,-0.6100034485989143,-0.8360802776740724,-0.8638715822409809,-0.9061466527730158
2022-11-30,-0.39717319958834996,-0.5682229119656892,-0.6098658131665826,-0.6103847358669033
2022-12-01,-0.35437605576452125,-0.49373250776705,-0.5523387985276001,-0.5390016531489071
2022-12-02,-0.4229686251893718,-0.6049932129633825,-0.6295358631496863,-0.6478312324825203
2022-12-05,-0.4610483374199767,-0.6147205938055729,-0.6590714323422401,-0.6772793338737106
2022-12-06,-0.5696798301812489,-0.7416416918977776,-0.7752727610881064,-0.7812744244738817
2022-12-07,-0.6639873510015633,-0.8793301740645574,-0.8838834178604308,-0.8885982069777242
2022-12-08,-0.6422208819109033,-0.8665599988514429,-0.8648764241097064,-0.8749070378108692
2022-12-09,-0.6451728063613031,-0.8567676086342723,-0.8679059482036332,-0.8718996792416965
2022-12-12,-0.623978817966964,-0.8322898798320353,-0.845051732112885,-0.8417519771156009
2022-12-13,-0.5558157173330913,-0.745619746889278,-0.7651528447792798,-0.760695617809483
2022-12-14,-0.553813821249591,-0.7415560440348822,-0.7603637454848383,-0.7576390556466822
2022-12-15,-0.7188357683494934,-0.9481981761306156,-0.9604318835618931,-0.9581988878907652
2022-12-16,-0.7309561858961395,-0.958166019131339,-0.9737423811921844,-0.9640849773305035
2022-12-19,-0.7221676672388213,-0.9442095013533266,-0.9553004181910666,-0.9484655280743114
2022-12-20,-0.6728589859103781,-0.8863919693904095,-0.8955784677037948,-0.8884621209944579
2022-12-21,-0.6848363287447052,-0.9051798275654422,-0.9233127003051069,-0.9150246290837916
2022-12-22,-0.7850725413837297,-1.015399264454198,-1.0417829267616137,-1.029062176401525
2022-12-23,-0.7870480461620156,-1.017779672807912,-1.0447295120088234,-1.0336318451921243
2022-12-27,-0.8631463610539073,-1.1009031799846019,-1.1342462632642767,-1.1223107736392763
2022-12-28,-0.9105535631698239,-1.1526929428719737,-1.1882990128985569,-1.172183581958599
2022-12-29,-0.8394593512550775,-1.0748635421633814,-1.0984347174243463,-1.0970248057533374
2022-12-30,-0.838922580833846,-1.0734581443508269,-1.0965723717435583,-1.095033016531072
2023-01-03,-0.8458620282342921,-1.0807622261780394,-1.1012579588603926,-1.101017848073587
2023-01-04,-0.8377362842326083,-1.0745247029457394,-1.0987892549396232,-1.0987458875929346
2023-01-05,-0.8828940006090048,-1.1306768088793817,-1.1551068162776652,-1.1530329319000532
2023-01-06,-0.7081663930629407,-0.8934240824767052,-0.8989119212816835,-0.9054693491764738
2023-01-09,-0.7066317519222309,-0.8905631038493339,-0.8951262462898236,-0.9012699058309425
2023-01-10,-0.6612742520207303,-0.8331772685299741,-0.8422125663459044,-0.8466785666953723
2023-01-11,-0.6035269174273249,-0.7639831228407007,-0.7730981617025462,-0.7792881006225038
2023-01-12,-0.6262566167371985,-0.8029419880894569,-0.8113904177910836,-0.8190101744837861
2023-01-13,-0.6213881320165104,-0.8005273400580714,-0.809504319116134,-0.8183062947166017
2023-01-17,-0.5727247623794828,-0.7259436001925074,-0.7315703317422769,-0.7391157753832404
2023-01-18,-0.6386790243691021,-0.8147270363719671,-0.8233261715359517,-0.8260046444003322
2023-01-19,-0.5965495564444937,-0.744129279502333,-0.7637891166025526,-0.7601334761925319
2023-01-20,-0.47646103087455016,-0.5774190350749272,-0.5945721332308285,-0.5916087480597719
2023-01-23,-0.38157440217728544,-0.4487129092587228,-0.46918753955311626,-0.47243235539524453
2023-01-24,-0.30550971569409296,-0.32770045546702087,-0.37187452707990953,-0.3547180046000591
2023-01-25,-0.32148880638526994,-0.3524144285107093,-0.39226656496776235,-0.3787827761233342
2023-01-26,-0.22581665869498432,-0.21350512373123076,-0.2783822175028573,-0.24358568840617834
2023-01-27,-0.20599480494331168,-0.18336037069828084,-0.25301755632578676,-0.21424479079288775
2023-01-30,-0.23737899678029384,-0.22299625742328846,-0.30093528318346724,-0.25277673266219247
2023-01-31,-0.2792400907820052,-0.3137464168685265,-0.3384272501699995,-0.34132711668219934
2023-02-01,-0.3098835694226185,-0.3539120994431971,-0.3758202809204719,-0.3813966625878287
2023-02-02,-0.2775291668192379,-0.30383769996932825,-0.32621903515640627,-0.3288403401654922
2023-02-03,-0.3616479952862569,-0.41310812343153114,-0.42447436362500685,-0.42810550317481555
2023-02-06,-0.2899511447128626,-0.3320923622828889,-0.35221662348460103,-0.35636348286434083
2023-02-07,-0.2551425352517968,-0.2744771352234822,-0.30588445528063474,-0.30046403094549323
2023-02-08,-0.28714314826032206,-0.3240221290923243,-0.35229292439588106,-0.35069945604195013
2023-02-09,-0.35717274673817756,-0.4126594596625414,-0.4329434118287382,-0.43385209791638196
2023-02-10,-0.40847279355045163,-0.46881391972561876,-0.48792647784757703,-0.4890147979585574
2023-02-13,-0.2852033353173351,-0.3189812895208688,-0.33924259559760894,-0.33671649136668796
2023-02-14,-0.20501580852232154,-0.2338952959825763,-0.2490838490756708,-0.24521669198170823
2023-02-15,-0.17783047887735884,-0.2013828481246454,-0.2163809879049334,-0.21304576603041495
2023-02-16,-0.3025935445769416,-0.3553900069471026,-0.36438679399241547,-0.35961350261831887
2023-02-17,-0.31770217639300447,-0.3747815908220081,-0.38541469471981626,-0.3786450289842599
2023-02-21,-0.31230843212014375,-0.40527661423923284,-0.41082053263216534,-0.40745749144611865
2023-02-22,-0.2910359718372325,-0.38621361529768317,-0.3898080968146731,-0.3852408727436329
2023-02-23,-0.22396254203285307,-0.3089561204424651,-0.32033170217551754,-0.31176379176732816
2023-02-24,-0.19438692152780185,-0.2932375041848873,-0.30118460490055116,-0.29409718624606346
2023-02-27,-0.24316172950600723,-0.3375773370354389,-0.34817028850761783,-0.3421400835725947
2023-02-28,-0.3517466274161452,-0.4502786591350312,-0.46076819136751973,-0.45604349594281884
2023-03-01,-0.35712174455213486,-0.4630236185878346,-0.4729215619102905,-0.46741372212333765
2023-03-02,-0.26019795922847905,-0.34973400253283987,-0.36512702045803264,-0.35982526552205135
2023-03-03,-0.2701747282430955,-0.324654285452422,-0.3350815305663749,-0.3361572038563765
2023-03-06,-0.24622598023806108,-0.299783560291351,-0.3100991136832527,-0.311273286639453
2023-03-07,-0.27659346589065187,-0.3646981880832778,-0.3674929860945292,-0.37480766156407896
2023-03-08,-0.14468652986427735,-0.22468517449935538,-0.23240979593163694,-0.23868459761154406
2023-03-09,-0.19099457990956564,-0.3143510194514631,-0.30067953345644666,-0.32163501517781534
2023-03-10,-0.36645690688438354,-0.5119020042869826,-0.4801810516469016,-0.503252940853768
2023-03-13,-0.3533108749521061,-0.5036932774329589,-0.47052337987939646,-0.4946113065813101
2023-03-14,-0.22871803005852953,-0.35360080509720676,-0.34820937304226945,-0.35287957419968646
2023-03-15,-0.22423121106342048,-0.3614523970612478,-0.3538026021320716,-0.36136424388620675
2023-03-16,-0.24316407106881116,-0.34722066170625054,-0.3503826991373412,-0.34457313708963533
2023-03-17,-0.3880494833955235,-0.4931240431254799,-0.49790010994938527,-0.49397798856457376
2023-03-20,-0.40053396103371175,-0.48702563032342944,-0.49872456262141396,-0.4903251744876834
2023-03-21,-0.3911364576170641,-0.45711220866922236,-0.47486543534215414,-0.461901840362365
2023-03-22,-0.4622209750299906,-0.5475807530856722,-0.5564160030050573,-0.549949972299956
2023-03-23,-0.5009516636791876,-0.5777615786322471,-0.5887837880638406,-0.5823542756243641
2023-03-24,-0.4180738139961773,-0.495420873171391,-0.5054154082407807,-0.495175996068508
2023-03-27,-0.4750595149908424,-0.5440530152856998,-0.5623485490373298,-0.5521701015654445
2023-03-28,-0.5056764636053108,-0.5746681797943678,-0.5952502534634196,-0.5850838820786944
2023-03-29,-0.4734941897614726,-0.5260037514696955,-0.5440230713654649,-0.540885451188112
2023-03-30,-0.5016883991696827,-0.5460829536537742,-0.5669513281231069,-0.5701903283070631
2023-03-31,-0.41453461559421356,-0.4482090928095111,-0.45741398407757416,-0.4691007939177975
2023-04-03,-0.3325824258255627,-0.36431993821912334,-0.3597501124519877,-0.3740955140575634
2023-04-04,-0.3684917796368449,-0.4042555016681745,-0.4052080904065924,-0.41664201010080804
2023-04-05,-0.4165548856906073,-0.45374497066361114,-0.4622661485197605,-0.472286927988047
2023-04-06,-0.34579240935496064,-0.3721477624935798,-0.3728627100821514,-0.38600877319368915
2023-04-10,-0.2985068453144555,-0.31905528792212684,-0.31228124309958166,-0.3257660139565587
2023-04-11,-0.3190310393910741,-0.3426874825956048,-0.33670657572937557,-0.3506219638118033
2023-04-12,-0.32504999375440813,-0.3553531732460426,-0.35282318999755086,-0.3621082203413818
2023-04-13,-0.19445960941719256,-0.17549334936804797,-0.15292247821669328,-0.1785827497501217
2023-04-14,-0.18902651981724836,-0.17330558343200037,-0.15060732232084717,-0.17228625516089147
2023-04-17,-0.22285673752278445,-0.2088375653542222,-0.1840805642343591,-0.206808771041166
2023-04-18,-0.16632247195845365,-0.13227393800523693,-0.11089679067727644,-0.13283565318865745
2023-04-19,-0.1688243838823451,-0.13595933820467287,-0.11447572554635373,-0.13641978714340047
2023-04-20,-0.262062033464745,-0.2769946407475418,-0.24508289764636318,-0.2671819041123548
2023-04-21,-0.25549621200413436,-0.2650101877994158,-0.23403578467473032,-0.2554771389178856
2023-04-24,-0.1862550416889086,-0.16860543197106484,-0.14604197070165567,-0.16127838386424592
2023-04-25,-0.13571449328857532,-0.17427614765462907,-0.13434206383734004,-0.16682652701319342
2023-04-26,-0.17937796022943678,-0.24033913450131508,-0.20519807562051698,-0.23234662193580014
2023-04-27,0.03451247661282568,0.07777620708706408,0.04612893302299046,0.045919151751809606
2023-04-28,0.05935991152016349,0.13009335735518088,0.09462094011411118,0.09781644916286117
2023-05-01,-0.05438787244195876,0.0002561974167282337,0.003124270617313311,0.004036752629789603
2023-05-02,0.062245196924469025,0.07086198022918544,0.07927174858216077,0.05565806284721036
2023-05-03,0.004861393145975897,-0.006774561608184001,0.015230343629854745,-0.017722495930068808
2023-05-04,-0.047129045750982014,-0.07990740132727618,-0.04001164163298624,-0.08410287942979608
2023-05-05,-0.09955845304976858,-0.055858157613621374,-0.01825987105024785,-0.038854277381221804
2023-05-08,0.06445733531545889,0.07373586910919167,0.10246241353676266,0.08174662897499876
2023-05-09,0.07168956359015588,0.06307517828125282,0.09660034560619185,0.07060925624701833
2023-05-10,0.24310012707793685,0.2025937531161784,0.2091864596562756,0.18646772299740488
2023-05-11,0.22451310385764534,0.18340652886873363,0.19191474430255737,0.16845125801762525
2023-05-12,0.2927508940384552,0.22453774881668992,0.2250637023966672,0.2009609058688145
2023-05-15,0.31336754004708034,0.2527539585339166,0.2518486099481831,0.22788682550712347
2023-05-16,0.17481458309507283,0.12907072661828478,0.13347080495262642,0.11216542938539796
2023-05-17,0.2490659473413889,0.2271237204912471,0.23930982921073518,0.20753891295688
2023-05-18,0.2000016603788348,0.23074964335337803,0.24974032106963465,0.20717476601090476
2023-05-19,0.3911660491964426,0.3464413615211168,0.38071637930770713,0.33879327783252255
2023-05-22,0.42228281416167646,0.366437445126151,0.4042600529013361,0.36213024678955286
2023-05-23,0.3663627252265021,0.2882455591903625,0.31781489048186595,0.2869039712325671
2023-05-24,0.24541427008839006,0.18382733878581833,0.20744738465689846,0.18477811928747012
2023-05-25,0.32242618121470895,0.2647528742137695,0.29192329438454856,0.26581475825893774
2023-05-26,0.34135636115944007,0.33696926952444606,0.3537257799891113,0.3323361987910646
2023-05-30,0.2507372906889479,0.28316766764207135,0.2904498504418922,0.2689200292368339
2023-05-31,0.1099282729213682,0.17094275263369035,0.1671490750390232,0.14185468804950213
2023-06-01,0.1818463549557277,0.26098173171383543,0.253116815014086,0.2323254745601949
2023-06-02,0.28869872995348295,0.3947511723365299,0.3815773769918123,0.36515259986457166
2023-06-05,0.19040677724837007,0.32358625226119997,0.3008660860392023,0.28388308258924316
2023-06-06,0.28087599754711173,0.3944788247597163,0.37869577868498844,0.3655420205230056
2023-06-07,0.24964391947283285,0.3549596409968406,0.3437527499732551,0.32587483534710987
2023-06-08,0.2329121988609749,0.37294607498502297,0.3514215089756715,0.339110071859497
2023-06-09,0.2944347149089264,0.4291559970953606,0.4095379186467121,0.39829705627828094
2023-06-12,0.45637560197805055,0.5948231370393962,0.5840466128143734,0.5765978424896088
2023-06-13,0.6369602439165342,0.7580976370021052,0.7731719875136283,0.7647486942796634
2023-06-14,0.8478165622738824,0.9052219816681403,0.9434266572855479,0.9350802574540563
2023-06-15,0.9228267367103323,1.0174358123943585,1.049917009781544,1.045224676606721
2023-06-16,0.8371663451987267,0.9429566986881355,0.9818133612688115,0.9777342358420357
2023-06-20,0.993268717798669,1.011994456894186,1.0461597896598835,1.03753237474582
2023-06-21,0.9560047198973635,0.9595214608511682,0.9971844062644692,0.9867545806430927
2023-06-22,0.8548881159625306,0.9083407549927687,0.9593419034564936,0.9490113508903386
2023-06-23,0.8248236252572624,0.8417818949015506,0.9004107589927848,0.8839650178697401
2023-06-26,0.7549674706407293,0.7716574459334612,0.8360404370563085,0.8181871352650092
2023-06-27,0.6583435249548465,0.7691909537637633,0.826277480888799,0.815233829126402
2023-06-28,0.6808118411711575,0.7857374954522658,0.8437711022090013,0.8330416524007289
2023-06-29,0.8121353162173911,0.8893400897677485,0.9395319793331577,0.9336336687449585
2023-06-30,0.8757018293236928,0.9999938447931406,1.0353376054422063,1.041413652524938
2023-07-03,0.9248039773286865,1.0377304013655444,1.07231631652438,1.0789585641962083
2023-07-05,0.863702420668743,0.9884365644610906,1.0239372129226534,1.02714264884081
2023-07-06,0.8123995006662001,0.8969422860283665,0.9495222555687305,0.9369804747616023
2023-07-07,0.7818268896704111,0.8607581560937516,0.9139955523236122,0.8993989718988964
2023-07-10,0.7198804465169057,0.8366781088185457,0.8725083966297321,0.8613732129631289
2023-07-11,0.7567933965100182,0.9008364624409211,0.9297248466674142,0.9250901670279582
2023-07-12,0.8590821449787467,1.0150728379151503,1.0541261689769288,1.0529006305941588
2023-07-13,0.946860389660126,1.1206274372322393,1.168372338158591,1.1710621161663592
2023-07-14,0.9714480634101142,1.133801097460875,1.1896055468028366,1.1916911062495632
2023-07-17,1.0021645641846058,1.1772126019903415,1.2314969941883254,1.2340974911843696
2023-07-18,0.9459143958219398,1.1757187310665942,1.1992076260758329,1.2326411600794203
2023-07-19,1.0019012745648666,1.2337342550696446,1.2698199011164162,1.2893414842910371
2023-07-20,0.8348566714876929,1.0381769048809997,1.0789942920263855,1.0984397179169751
2023-07-21,0.8017221130482551,1.0101388966207738,1.0455295002575424,1.0710643357320822
2023-07-24,0.7726100626649067,1.009354140753695,1.0433290836082634,1.0702991140554043
2023-07-25,0.8373346043763404,1.0857583082393951,1.1132965712767144,1.1449495831301535
2023-07-26,0.8317303437606545,1.081906765760782,1.10902058503699,1.1411876933648164
2023-07-27,0.8607474570920164,1.060075382043963,1.0986451853195707,1.1198135737595332
2023-07-28,0.7825896979244288,1.042048252139107,1.0704493237098818,1.102288816009173
2023-07-31,0.727679404723165,1.0000369394851734,1.0256136983756807,1.0613197853462102
2023-08-01,0.636642125808484,0.8912140855051242,0.9381088806111431,0.9551249166804672
2023-08-02,0.5757994026640444,0.7249786803526364,0.8100421306054789,0.7921226888388636
2023-08-03,0.5961756092616115,0.730320741290509,0.8116966385324568,0.7973500392308832
2023-08-04,0.4902540776976887,0.605633645451757,0.7046483295808863,0.675627758500684
2023-08-07,0.539976086967415,0.6962023306465773,0.7748927027203045,0.7639124013890579
2023-08-08,0.5255448186703581,0.6608325369922549,0.7475255760660375,0.7293060287136646
2023-08-09,0.4954856897632049,0.5988304037175657,0.6995741036721395,0.6686046082621137
2023-08-10,0.5188549621072385,0.6230674001511906,0.7252225439295732,0.6923005616968148
2023-08-11,0.40684627757610803,0.5107035492636361,0.5988964361254403,0.5828397618556568
2023-08-14,0.4363394779028575,0.567548590742686,0.6453141821159167,0.6382817245924216
2023-08-15,0.2833343187868038,0.3589672802595071,0.4498562585797579,0.4342827660810102
2023-08-16,0.22125831241696325,0.26413355750013334,0.3583648369811874,0.34146651415094775
2023-08-17,0.1693073415456075,0.1787004207596462,0.2882188998395974,0.2578019506991541
2023-08-18,0.21044951202721524,0.22556211178069754,0.3323054184682309,0.3036525320976845
2023-08-21,0.2296645253232098,0.27093978705041455,0.36292999721514757,0.3478697399507912
2023-08-22,0.28872938848986385,0.3243853058916522,0.4268006518616115,0.4002774801252423
2023-08-23,0.46462733405029844,0.5499675665277244,0.6612758433532895,0.6207989869914017
2023-08-24,0.4008167518542852,0.4368233312701353,0.5529085161020048,0.5097932832083879
2023-08-25,0.42132577542369803,0.4767846617094252,0.5913091019358382,0.548768555744575
2023-08-28,0.3805123393327249,0.4489124257379992,0.5602212342717798,0.5216362967736133
2023-08-29,0.6550988953441645,0.775489241653285,0.8687949606729821,0.8414854838731372
2023-08-30,0.7146958696963646,0.8382563941568284,0.936193437629112,0.9028180827690412
2023-08-31,0.7689892707192558,0.8806847776121175,0.9687223810455781,0.9443304267951955
2023-09-01,0.8222925020734944,0.9325597113681124,1.012821263059008,0.9950384983954855
2023-09-05,0.7808177278423898,0.8812873213147479,0.9670606228770399,0.9449211051933406
2023-09-06,0.803003441568104,0.8773162244452112,0.959902096598081,0.9410326847696842
2023-09-07,0.8069765251993366,0.8703561031888771,0.9526372963510278,0.9342258884809697
2023-09-08,0.7200739608138875,0.7988651130588312,0.8815638927161151,0.8645363027062632
2023-09-11,0.7202928241100478,0.8228935125235994,0.9020321908016032,0.8879645584258933
2023-09-12,0.605791197537736,0.7029175823386138,0.7789380797691801,0.770847546717186
2023-09-13,0.5535983952136319,0.6629116624283191,0.7348392840872011,0.7318313311196888
2023-09-14,0.8770534453382023,0.9752361387131134,1.0607297611630073,1.0376635134263335
2023-09-15,0.7832802038921804,0.8453547664106356,0.9172876718900199,0.9061303296704498
2023-09-18,0.8543303680407217,0.8967436336988794,0.959455500185326,0.9464739483521266
2023-09-19,0.887401498535551,0.9096408778648621,0.9697692268692824,0.954723316708119
2023-09-20,0.7889681103967486,0.7966310485732924,0.86259552922647,0.8474488139854751
2023-09-21,0.757553392584918,0.6979625024677262,0.7544589083898339,0.7492205435526131
2023-09-22,0.8503425574372457,0.752837424740647,0.8100312898230504,0.8031891302354205
2023-09-25,0.9244323199832347,0.8213412924845791,0.8729264312462748,0.8719924466273508
2023-09-26,0.9376556853223696,0.7574173753695139,0.8384064936652513,0.8111081703284295
2023-09-27,0.9994678623256373,0.801543520896889,0.8850461565563982,0.8562740806170621
2023-09-28,1.0475938662376232,0.8647598205981042,0.9318118681006259,0.9171351983253845
2023-09-29,0.9258128593792454,0.7584580827811758,0.8327778266265806,0.8161098259358918
2023-10-02,1.055303618148809,0.8469124466958395,0.934882441388657,0.9025663792953281
2023-10-03,1.0689040555518683,0.7827086520939859,0.900377944919447,0.8397200660409634
2023-10-04,0.9683055393272382,0.7426191986332972,0.8546722589205006,0.8007252476064444
2023-10-05,0.7971468135263889,0.6304935369509055,0.731867013858157,0.6821036294631329
2023-10-06,0.8807711093882385,0.7331378123643215,0.8232593704780135,0.782852327266743
2023-10-09,0.9835017305145246,0.8180358603751543,0.9065667412666408,0.8633292624910377
2023-10-10,1.2043148628390323,0.9612884371625984,1.0516832357288595,1.004371089811407
2023-10-11,1.2779714116268401,1.0191303896807031,1.1120685072704324,1.0629729404182384
2023-10-12,1.2795159130955163,0.9944433379227674,1.0842984645838887,1.0374737159826262
2023-10-13,1.2687229427310396,0.9683416076382023,1.0539985709880348,1.0101862447098808
2023-10-16,1.1852365406688004,0.9477760788618997,1.040642881422489,0.9974529304595525
2023-10-17,1.3430192168823873,1.0391302263804478,1.143300873153013,1.0950473735935347
2023-10-18,1.1082861763517051,0.8404787533719522,0.9365942397111883,0.8997174559195233
2023-10-19,0.9790599238249333,0.7328607279716799,0.8173239443829131,0.7939142941612561
2023-10-20,0.9437157269683941,0.6546333230565347,0.7489624677784417,0.7166889391772783
2023-10-23,0.9874947671655389,0.6709628612222702,0.7672793892104245,0.7330387021216918
2023-10-24,0.8920524159318435,0.6463666146675385,0.7263521753992502,0.7026765781690266
2023-10-25,0.7204779331766519,0.48483955088591485,0.5725593281703425,0.5376418054821813
2023-10-26,0.543326331252634,0.3405645420018529,0.4249587408362197,0.3916244713893594
2023-10-27,0.5630864965869589,0.33262542383997784,0.42617469511512035,0.38784507875207186
2023-10-30,0.6720723837815522,0.4354309210702298,0.5186917740742917,0.49111285724479653
2023-10-31,0.5677105156383287,0.3966164326628265,0.46029872141544437,0.43892861558239527
2023-11-01,0.6823254755254196,0.4956555441300764,0.559350860022993,0.5427210833858253
2023-11-02,0.827524199077101,0.6372063873205667,0.6975413484231601,0.6829473343164116
2023-11-03,1.0618167671477996,0.7943593122473195,0.8718445650409364,0.8470984829863407
2023-11-06,1.1467558445727701,0.8471023637995223,0.9346864063517092,0.9085678630069869
2023-11-07,1.0764328141905823,0.8139873554397248,0.8949759998022487,0.8727162304825824
2023-11-08,1.02078189502686,0.782098726727022,0.8601063044703906,0.8397916693133647
2023-11-09,0.9334283384444075,0.7099886317753641,0.7833372333938144,0.7676666054521062
2023-11-10,1.1766578686258808,0.889606030999306,0.9877909054190399,0.9537101942403859
2023-11-13,0.8736520606778058,0.6978883835239994,0.7463367592314,0.7231190466414437
2023-11-14,0.934659554998838,0.7827380258607777,0.8242500798348125,0.7971678314789623
2023-11-15,1.0108047636305226,0.8242826844892173,0.8629612832686203,0.8338476866148818
2023-11-16,0.9615773926455481,0.802633986755825,0.8451627062572371,0.8169586151740139
2023-11-17,1.0254222920736493,0.8374318715385406,0.8778381653336049,0.8479084422625458
2023-11-20,1.0995114501212278,0.8988723548765506,0.9398446462519696,0.906772644093595
2023-11-21,1.0528001948000383,0.8681889565907148,0.9071245789553786,0.8757594128686549
2023-11-22,1.1054024945482555,0.907226844965257,0.950319327919293,0.9167237620736411
2023-11-24,1.0203383101478283,0.8640588226356843,0.8991237254173454,0.8680802401278009
2023-11-27,0.9642395456285531,0.8258121672996993,0.8550946588677164,0.8263317878692109
2023-11-28,0.9727707626271032,0.8351792944651694,0.8649410518966569,0.8356659257011215
2023-11-29,1.088283382219093,0.8904683813286556,0.9429444194451861,0.9093349219689322
2023-11-30,1.128080342570155,0.9308044903419469,0.9906094906545302,0.9545457167680812
2023-12-01,0.9726427406139198,0.8703771967489211,0.9014434141768833,0.8640127035743399
2023-12-04,0.9390934394411342,0.8172455237219286,0.8475618178194608,0.8122323166949733
2023-12-05,0.9460716016993728,0.8196660405242537,0.8503521448167386,0.8148681161075442
2023-12-06,1.0572996150857057,0.8509915914064093,0.8937698615053113,0.854930568315568
2023-12-07,1.2245727133626958,0.9795548658223042,1.048720457296749,0.9834851695498135
2023-12-08,1.2682411709318255,1.0266309722984943,1.1025331388402155,1.0305569191160497
2023-12-11,1.2408612797617098,1.0379266095449855,1.1066586682789796,1.0418507571062048
2023-12-12,1.3311784225439993,1.119997940905621,1.1928262330747215,1.1239164344365897
2023-12-13,1.3272267954255401,1.192431731121823,1.2569515595365732,1.1963105097203877
2023-12-14,1.2967722723786956,1.1967820701057874,1.2510983679652876,1.2006600505385798
2023-12-15,1.3334808482294216,1.20873618895506,1.2720000961741629,1.2126152650233315
2023-12-18,1.584652738937098,1.430391045820701,1.4795471852453954,1.43429118162477
2023-12-19,1.7257509433176323,1.5708680554523784,1.6130419209380902,1.5747616156893356
2023-12-20,1.6785396441143683,1.3911915330276414,1.5007060833625223,1.395018769906032
2023-12-21,1.7354893253746133,1.4792399979359274,1.5815747905621174,1.4830482231878042
2023-12-22,1.6484419042707168,1.4325377658243337,1.5265529233859223,1.4363543540213066
2023-12-26,1.7996464184008418,1.5466008077307905,1.6425219937777908,1.5504224259057175
2023-12-27,1.7710324593026807,1.5389651920700593,1.6273514708860903,1.5427874476213161
2023-12-28,1.8050541756037912,1.5615819075938175,1.6516740744492884,1.565404820303829
2023-12-29,1.8869682791014963,1.592934940291486,1.6980351904448299,1.5967628083119125
2024-01-02,1.7205317361431511,1.4530590892946742,1.5425844725918945,1.4568933989178996
2024-01-03,1.6743920233731098,1.3797985073242527,1.4696745452644768,1.3836208930405092
2024-01-04,1.6824408269360631,1.37047569468224,1.4598788398182891,1.3742972377591445
2024-01-05,1.6362633162734395,1.3437950540805703,1.4294557259156717,1.3476194795839835
2024-01-08,1.831751143020837,1.534192731090423,1.6253713701479566,1.5379890310852709
2024-01-09,1.6695644122068263,1.4061515430880887,1.4806470012657864,1.409976121273138
2024-01-10,1.716720535165232,1.458403539327867,1.5297613752982264,1.4622232280971923
2024-01-11,1.6608223989072324,1.420004391214085,1.4903378475869626,1.4238263873029435
2024-01-12,1.5750895284821735,1.3655930852493603,1.4292811465442057,1.3694225824648192
2024-01-16,1.5174483140220327,1.3097181255917891,1.371715091571253,1.313546130629823
2024-01-17,1.4423830053924847,1.2331623976811346,1.290652161718846,1.2369862521594044
2024-01-18,1.5229858300925265,1.3234605874447438,1.3877058363236632,1.3272703991070767
2024-01-19,1.751136952632572,1.5295290326644884,1.6170207701047594,1.5333296757084907
2024-01-22,1.8284890157888902,1.590921570927478,1.692036670751518,1.594724965224332
2024-01-23,1.722927094028525,1.522475012021337,1.6106828346869495,1.5262969157204165
2024-01-24,1.6435835182228558,1.4725029653928012,1.547335942303755,1.4763321886083283
2024-01-25,1.6942443187372638,1.5340561402183572,1.603232269778841,1.5378793427623547
2024-01-26,1.6809569610091954,1.5182161002281385,1.5881308578581868,1.5220389454060184
2024-01-29,1.6595554892729858,1.5358395077290066,1.59859694646682,1.5396570993468686
2024-01-30,1.6351470609300478,1.514716472559557,1.5749904449074519,1.5185342235762158
2024-01-31,1.59879752302951,1.406204126411667,1.476693237699541,1.409980803527926
2024-02-01,1.588256052727105,1.4271890473248965,1.5041105918175364,1.4309568644953163
2024-02-02,1.5875671837026095,1.4512842746911805,1.5124061938416469,1.4550447712886607
2024-02-05,1.4517721017599567,1.3404933666871521,1.4019968710388593,1.3442653932167774
2024-02-06,1.5663811474023503,1.4277825862567388,1.4926904966840704,1.4315600971820799
2024-02-07,1.6814819219238708,1.5335629778751902,1.5894909156824275,1.5373331699175568
2024-02-08,1.5886359589514667,1.4616206452070357,1.5194987567774507,1.4654023577426731
2024-02-09,1.7298402728647557,1.5805314058680717,1.636853786678666,1.5843168470106839
2024-02-12,1.8018721275241443,1.6294704658538024,1.6892958590575604,1.6332608060188731
2024-02-13,1.6590877944488842,1.4836337162864028,1.5421172397868654,1.4873974453882035
2024-02-14,1.640664068428316,1.486450860924105,1.5522428298288857,1.4902138177810706
2024-02-15,1.6977946220211968,1.540963932566244,1.6055937143494128,1.5447218162303051
2024-02-16,1.6301002346828037,1.4821127091912858,1.5456550511427793,1.485868237266071
2024-02-20,1.7068673848071234,1.5263113883749675,1.6053315942662378,1.5300763994861881
2024-02-21,1.7350335756027755,1.5483810399695168,1.6316484291493054,1.5521464267213971
2024-02-22,2.0689736666067535,1.8307010257228766,1.9283343656957939,1.834450928165021
2024-02-23,2.086118464268955,1.8435603546967396,1.9443326596769501,1.847310548146317
2024-02-26,2.0131797028163874,1.7873665332811084,1.8903722615831564,1.7911163435820565
2024-02-27,2.1248691238335464,1.8656413647792427,1.9734528843056134,1.8684494179814393
2024-02-28,2.0864399147478188,1.8367968948144076,1.9417618338125615,1.8399669583790108
2024-02-29,2.1469171335314567,1.8834152030599285,1.993765796412463,1.8872706564158355
2024-03-01,2.250990925812307,1.976876814475452,2.0934159581385337,1.9777792218376444
2024-03-04,2.182156174065576,1.9206553301068714,2.03079477408921,1.9217699684891039
2024-03-05,1.9774102306558143,1.7344861369969256,1.8303106655721835,1.7436862967975397
2024-03-06,2.0119222821824385,1.7694889773452502,1.868914571999933,1.7795381083963662
2024-03-07,2.2331651316806256,1.9546109493860289,2.0609472817690437,1.9609221348906734
2024-03-08,2.1666327681487756,1.8941665942492545,1.9939724595671575,1.9008425263959412
2024-03-11,2.3429880155994827,2.0265821281052285,2.1212404057489436,2.033637747618283
2024-03-12,2.566651262158708,2.2055863329360665,2.3164977169661727,2.211452340610131
2024-03-13,2.565392566990137,2.202287953466768,2.310486759717673,2.2081491316927035
2024-03-14,2.430781486383239,2.0935274854805765,2.2102803579815458,2.0992798072626857
2024-03-15,2.424766455678075,2.0689235242364425,2.183392425582306,2.0746331637380533
2024-03-18,2.3485004262991778,2.0236398590925724,2.147295126537609,2.0293199110246665
2024-03-19,2.5088412266213838,2.1388581032559744,2.272087325554181,2.1447061601946955
2024-03-20,2.5062888931407197,2.162783253294705,2.3005419229925974,2.168649318721456
2024-03-21,2.4352958307745975,2.1244963395698364,2.2642046423839797,2.1303263647317072
2024-03-22,2.5982603184801016,2.212057940289566,2.357850248840672,2.218049263503216
2024-03-25,2.549477876082148,2.1674425072198336,2.314366749848553,2.1733680063352128
2024-03-26,2.4784976987199245,2.113195478758214,2.2612274927058276,2.119048071128297
2024-03-27,2.5300491576205295,2.1833779943156073,2.330128460439034,2.1892975247440165
2024-03-28,2.5488302656723767,2.1938846356079273,2.342038981024229,2.199819543486979
2024-04-01,2.42397858572527,2.102944977522987,2.2382465191748535,2.1087766040506595
2024-04-02,2.3143590942327488,2.000237960520125,2.1244951416354096,2.005911369109485
2024-04-03,2.2161225523243937,1.9423231597993411,2.052886321133745,1.9479372651575575
2024-04-04,2.0615764061447455,1.7669053856552652,1.8802177978143815,1.7722086178544973
2024-04-05,2.1969070566245583,1.890662559979321,2.0202320633040527,1.8960967535540687
2024-04-08,2.225706710047294,1.9108569947423573,2.04377288408751,1.9163191379851785
2024-04-09,2.202554361379768,1.9013929667928653,2.026101450706768,1.9068435476727392
2024-04-10,2.0961773743396708,1.7838684390781234,1.9200725288219977,1.7891234256409472
2024-04-11,2.155628307058101,1.8526685354436194,1.9843854381121877,1.8579939841291477
2024-04-12,2.0555373414437477,1.7300140109498026,1.8880986545203482,1.7351169273398586
2024-04-15,1.8315651372380872,1.5299867242360772,1.6632354175478583,1.5348205083438453
2024-04-16,1.8371440882736836,1.5315914950392675,1.6727876080971336,1.5364274812403786
2024-04-17,1.7529133177828213,1.4558302570066415,1.6031586104500268,1.4605644648260727
2024-04-18,1.7291305203731682,1.4334396065115111,1.582653148094605,1.4381446581708788
2024-04-19,1.6499151899259612,1.352819744301241,1.5162330580067391,1.3574047751454348
2024-04-22,1.773023901257293,1.4755618044545784,1.6377372796744494,1.4802865406065848
2024-04-23,1.8589622438252233,1.5575408900652503,1.7133047843865157,1.5623384645692115
2024-04-24,1.8459487451060719,1.5436909719781078,1.699552907571226,1.5488059853137346
2024-04-25,1.9684695552934768,1.6971471238089633,1.8616898638345534,1.706614004982181
2024-04-26,2.0823277227195156,1.8043249928913359,1.9795362402282435,1.8065740062983204
2024-04-29,1.9689916143819772,1.6883987712159612,1.8747611890233782,1.6898941181415563
2024-04-30,1.7419445439122903,1.4939673682404526,1.6649864921623996,1.4994436757014151
2024-05-01,1.7218084967684189,1.4786082068792332,1.6431699882688284,1.4817285499999158
2024-05-02,1.9044562923328383,1.640584042752623,1.7844288741819017,1.6377884696368707
2024-05-03,2.064795626674149,1.7774744610228053,1.9192437416162718,1.7707846298651575
2024-05-06,2.2126376971592916,1.902297545239022,2.040592924991289,1.893583060863452
2024-05-07,2.0878889244831242,1.7869008606979606,1.9355474389481813,1.7774619279518025
2024-05-08,2.086391572667741,1.7857321885063109,1.9343222219876,1.7762575817615083
2024-05-09,2.1750520392076873,1.855355702768904,2.0041942480499704,1.8455762893773808
2024-05-10,2.146804969928311,1.8335373172121454,1.9843914339203117,1.8240925429827028
2024-05-13,2.1637125976061378,1.846571635581612,1.9979419406719265,1.8371716082450336
2024-05-14,2.214334039555529,1.8927101038289713,2.047280744519371,1.8827990792030231
2024-05-15,2.2809478825454064,1.9607531594919438,2.123928403043094,1.9541342014897354
2024-05-16,2.3256078843644503,1.9941756978534537,2.1628230172330523,1.9861189861744444
2024-05-17,2.243690602706952,1.9270208253457493,2.0798266521544115,1.9183099018501308
2024-05-20,2.1762769489406697,1.8759935296629426,2.012859262149487,1.866564269630269
2024-05-21,2.210750333937839,1.9072715000982463,2.0480578429449383,1.897524105578906
2024-05-22,2.180757878596903,1.8768593343942372,2.014423097137865,1.8674111127741955
2024-05-23,2.2222754973101373,1.8851733763182874,2.0346292951260407,1.872333942055913
2024-05-24,2.3472675227964217,1.9942812053202439,2.1719764515610107,1.9817227162752733
2024-05-28,2.2827695426730656,1.9445967663496233,2.113975153812544,1.9319000483436795
2024-05-29,2.114050478242852,1.786297309086845,1.9432540378493721,1.7731735690885557
2024-05-30,2.0473728631927535,1.7072089364705516,1.864042242989006,1.693901736040196
2024-05-31,2.174181628025817,1.8361354265645162,1.991299414509265,1.8231863555574812
2024-06-03,2.1040712651468345,1.7763371082075703,1.9287864139855369,1.7632152376163654
2024-06-04,2.001433859465526,1.688421780091697,1.8337210549737308,1.6750237028973367
2024-06-05,2.114200134025525,1.829923435749176,1.9541872158588514,1.816971443711516
2024-06-06,2.0948404165488546,1.8118781124425216,1.9383735413825063,1.7988790855574628
2024-06-07,2.1159474064032837,1.8279325064843692,1.9546581889243866,1.8149717623965438
2024-06-10,2.0916307686054405,1.812950422806824,1.9362123960520483,1.7999463864614123
2024-06-11,2.096940409492631,1.8242929516434114,1.9448817301865033,1.811319621801821
2024-06-12,2.090474400862176,1.8371139557113478,1.9504482832359769,1.8241826143957989
2024-06-13,2.052547149557599,1.8066433487132467,1.9139957222040764,1.7936252409027633
2024-06-14,2.047382280680845,1.804201894376138,1.909626433070343,1.79117741426855
2024-06-17,2.0148536209838697,1.7962630007455067,1.8879835033728956,1.7832107915613131
2024-06-18,2.069135820666122,1.8552245947722927,1.9509115945197972,1.8423226248981133
2024-06-20,2.0932643095172074,1.8692331169037792,1.9676123060964343,1.8563631158235732
2024-06-21,2.129798265288357,1.898726153016328,2.000777930846122,1.885925317753516
2024-06-24,2.0677010225295067,1.8306421121885195,1.9297376124177759,1.8176697067539125
2024-06-25,2.175324212676826,1.9493108117477707,2.0490058743922117,1.9366319388453583
2024-06-26,2.2254052637854276,2.0033353487923673,2.1053673905949726,1.9907902849382435
2024-06-27,2.150392454571105,1.9332496901303409,2.032505260860547,1.9204935028102086
2024-06-28,2.1083821056017187,1.8710490236149508,1.975193674476551,1.85814313191048
2024-07-01,2.0921750300851225,1.8651139081419115,1.9675691612026878,1.8521911960741464
2024-07-02,2.0539840624466668,1.8539877299356005,1.946943840970419,1.841025603572273
2024-07-03,2.082703573366798,1.9051029038003704,1.9908398005947119,1.892287719990454
2024-07-05,2.1464160420329175,1.9987408099815438,2.0705084008411814,1.9861887120600945
2024-07-08,2.2346900303081365,2.1037722826506022,2.164658168424637,2.0914677948907423
2024-07-09,2.2674559395825233,2.1433189820469063,2.2022593265556973,2.1311141818020043
2024-07-10,2.32638979969517,2.2424176572908507,2.286909758715608,2.2305189807568966
2024-07-11,2.185411156917154,2.0403007263760253,2.1029252148982933,2.0279363590894377
2024-07-12,2.171780620769155,2.046384140302482,2.092987555135493,2.0340385256212405
2024-07-15,2.1292860757006395,2.011790534744874,2.045371782761733,1.9993448713663509
2024-07-16,2.186208839432775,2.092673742815736,2.1077297233955843,2.0804487760244403
2024-07-17,2.0099542094342127,1.837708887341376,1.9058388547101908,1.8249835076552647
2024-07-18,1.8727417393449997,1.6792532950966341,1.7500308880379976,1.6661520712329148
2024-07-19,1.7897123072054486,1.5867751096188718,1.6706182044903106,1.5734685768868424
2024-07-22,1.9376194553249497,1.7516913594163668,1.8187853558541958,1.7388011742465028
2024-07-23,1.9232828847660755,1.7370836376683554,1.8059409729472622,1.7241595723830687
2024-07-24,1.644724229886937,1.4499624271481721,1.5579154459620874,1.4365509741168803
2024-07-25,1.573728937294139,1.3841305166227709,1.4859636719207117,1.3696163461708566
2024-07-26,1.6623340976755678,1.4551771327208507,1.5446727142100847,1.421230634207335
2024-07-29,1.7285204819101503,1.542973386399405,1.6260811790461192,1.5084378879675497
2024-07-30,1.60289385479003,1.4086970494893782,1.4914640680755118,1.3807205416530806
2024-07-31,1.7112238711457946,1.4874081152214358,1.5685613695529101,1.4474582713578241
2024-08-01,1.600557100486698,1.4279966060736553,1.492573123478073,1.3908390846078658
2024-08-02,1.5504239705097678,1.4854646236893183,1.5247335607533605,1.4581837276479586
2024-08-05,1.2828059511423746,1.3326787386457937,1.3640394936723415,1.3195665277643065
2024-08-06,1.3933752902613803,1.4201299271678658,1.4463533613337791,1.4055758666511555
2024-08-07,1.2674242739184538,1.3096991447110973,1.3498679953383006,1.3019351740988379
2024-08-08,1.4678889606581984,1.4514254894660419,1.4786236411496525,1.4246309844319296
2024-08-09,1.5598684639143752,1.5348101803816725,1.557168452892947,1.50753952057734
2024-08-12,1.5612198467633331,1.5337259974574955,1.5562498458914422,1.5061096105305076
2024-08-13,1.6848408309478669,1.6058824039330912,1.630500819958688,1.5738908256197788
2024-08-14,1.6668084313405762,1.5672690940501686,1.597728052385931,1.5353034570951067
2024-08-15,1.8914370642461413,1.7586556327448175,1.7967068796834458,1.7285227155547775
2024-08-16,1.972700815035743,1.8409165044361857,1.885184431080113,1.8127126268366134
2024-08-19,2.1107149017816726,1.9545184201675112,1.998855395845682,1.929953633300189
2024-08-20,2.0933219200096884,1.9432771705721252,1.9859650556813053,1.9175567239603042
2024-08-21,2.0704049395916893,1.9009797573418834,1.9549991356910439,1.8774871013337422
2024-08-22,2.0246112304292003,1.8891966245142509,1.9289647554179603,1.8586593550088577
2024-08-23,2.02119733628202,1.8425914062419726,1.9047659880961176,1.8233528343159664
2024-08-26,2.1286713553269805,1.9615759258922545,2.0332390465778767,1.9402793551293667
2024-08-27,2.085460057890278,1.9151178834851066,1.9857558738251455,1.8951852298446137
2024-08-28,1.9860774796256608,1.8388450207077567,1.8984945009682501,1.8075916826877954
2024-08-29,1.8818935265572692,1.7367178249947162,1.801489687183481,1.7045605894582465
2024-08-30,1.9216798844333773,1.7528800053301308,1.8396741187843764,1.7380567959438553
2024-09-03,1.7383691677466033,1.6442497066677042,1.6527791510880685,1.5769174012877905
2024-09-04,1.7067020500260308,1.6179278599851366,1.6225631826587923,1.547962297034184
2024-09-05,1.7227372141015664,1.6376314377729475,1.642876345343258,1.5693339062823686
2024-09-06,1.6274908173842115,1.5825009939142956,1.5849371364427907,1.52178900967102
2024-09-09,1.735172761360198,1.6716819204032494,1.6822731402976656,1.6098744717564182
2024-09-10,1.7569910848089652,1.6854207090226265,1.6945414442133246,1.6203688383673487
2024-09-11,1.7827868244149692,1.693876295034319,1.696807435663157,1.6221969313691633
2024-09-12,1.891489870604911,1.7881213788489212,1.8009815212885947,1.712050647678693
2024-09-13,1.9222930049556095,1.8103617011716389,1.8224553131445036,1.7320738317357278
2024-09-16,1.8696510460542857,1.7531988827830651,1.757499173806739,1.6734026404558184
2024-09-17,1.9791762873551615,1.8664911632742465,1.8934442232302982,1.7865907857863403
2024-09-18,1.9499966479275774,1.840990332015738,1.8650445866966283,1.7615958929856355
2024-09-19,2.0847166183833656,1.9613136261111288,2.0005475668697947,1.8865400678697453
2024-09-20,2.1503917030455004,2.030242538751245,2.071724354164571,1.9534101606465968
2024-09-23,2.3247067559904875,2.193958135345698,2.265703240313571,2.1164453074500535
2024-09-24,2.36611636525773,2.22984855729193,2.3064884758312303,2.1523262976882402
2024-09-25,2.314860103917868,2.182261917745505,2.2605126244833165,2.10370100024778
2024-09-26,2.48425182391829,2.3456753288619328,2.4149423779267805,2.270286069475448
2024-09-27,2.4688543471510247,2.332477079367778,2.398526404426863,2.2553537156253842
2024-09-30,2.4555740393890573,2.3107909773514583,2.397141884180723,2.239236967532444
2024-10-01,2.3956840249054214,2.2650407155080434,2.3173310224813948,2.1750271946196924
2024-10-02,2.4024097019689425,2.271976890123082,2.3246509687206505,2.182344878313763
2024-10-03,2.5126200579410822,2.391605058289959,2.4295044493817817,2.3015398118873995
2024-10-04,2.5250333317755524,2.404120981165654,2.4517134535253096,2.317764014839235
2024-10-07,2.4465381968266366,2.305099095174698,2.3511809384530515,2.229700471986139
2024-10-08,2.4308737358267973,2.302758855261451,2.351937243260833,2.2191414644207956
2024-10-09,2.4346167621851236,2.3181813244766767,2.360350249809464,2.2260588118776843
2024-10-10,2.3792997746292732,2.264129061039665,2.306948119100851,2.175332206131507
2024-10-11,2.3933267261189086,2.290110235550917,2.324849102863337,2.201488572293897
2024-10-14,2.5085515976205794,2.4094282596721937,2.4471769663094465,2.321333867141426
2024-10-15,2.4825024618125173,2.367684579861912,2.413448218732267,2.2796094535602003
2024-10-16,2.4392384780477783,2.330901836530653,2.3697221860871807,2.242529719718268
2024-10-17,2.4403254574983064,2.3320220335174566,2.3708912240768827,2.243653422748903
2024-10-18,2.5970276450534358,2.4824054195500542,2.5339208465410548,2.3942068754150023
2024-10-21,2.663554836835014,2.5327573087146558,2.60527435638915,2.4445793281462156
2024-10-22,2.776896829909045,2.6351687025002675,2.7075686082295034,2.546972586545971
2024-10-23,2.7067347731068323,2.5364658519060352,2.609983917708398,2.4483137165027617
2024-10-24,2.6664344547513035,2.5053185140012943,2.5840178437949572,2.4169798938176235
2024-10-25,2.8049956681898585,2.632242642074467,2.70465516246301,2.5438309146405556
2024-10-28,2.94757702926581,2.76191435100348,2.841588693228467,2.673646449078041
2024-10-29,3.0023342294438518,2.8127722952350136,2.891993485811668,2.724622546940289
2024-10-30,2.8875485632102,2.7007491057482627,2.784835148698417,2.612064864609903
2024-10-31,2.6322014319400693,2.388436405306519,2.443623718054697,2.300370697622601
2024-11-01,2.5865933938631502,2.355276451263225,2.42525057267043,2.266964290187294
2024-11-04,2.438024526612983,2.2266274902350047,2.2967671538275534,2.1373271060071297
2024-11-05,2.457753227968806,2.2700079732960536,2.320067456334189,2.181161828951297
2024-11-06,2.5942122251595325,2.4173892403679433,2.458778902407777,2.330578871757198
2024-11-07,2.6304099003995822,2.4496031022953755,2.495477815060649,2.3618959701386157
2024-11-08,2.6588393508198696,2.473255097971612,2.5137776811732673,2.3780698513536853
2024-11-11,2.7378835012330893,2.5307283807524925,2.5780407723957994,2.4340819250077574
2024-11-12,2.602046971585034,2.4244145942720334,2.457616787120054,2.331613397205912
2024-11-13,2.6142420737459675,2.4334289620773117,2.4681263054489793,2.340115081548969
2024-11-14,2.425420792250092,2.285469250249048,2.3092007629417353,2.196741791897239
2024-11-15,2.2857573596661815,2.176178611169536,2.1856382913139702,2.0882398701638762
2024-11-18,2.308648897987009,2.195059520944857,2.208748307764651,2.1089313133294514
2024-11-19,2.32793526582068,2.2107902341202754,2.225497887214856,2.123915407618725
2024-11-20,2.2709311558219256,2.1664537461263453,2.177436687815934,2.080757237360991
2024-11-21,2.332424248940517,2.2151696662401985,2.2343072360388314,2.1315586354519613
2024-11-22,2.3264595082052013,2.211344643507932,2.230953184011354,2.1285469219378577
2024-11-25,2.348892359448001,2.228966073241289,2.2545193580776623,2.1496303798631415
2024-11-26,2.4059758364714003,2.277037250514859,2.3154622201578023,2.2041386936569074
2024-11-27,2.3714369259461874,2.2484287810025316,2.2764738322647786,2.1695678764831965
2024-11-29,2.4263687159004372,2.2935517204132276,2.3399379593354346,2.2265748605147855
2024-12-02,2.409377565850423,2.276323644372092,2.3199593569191053,2.2086149200049943
2024-12-03,2.3664628270971475,2.232894243901866,2.266856032880963,2.165439100872527
2024-12-04,2.4620537498478283,2.33431809108791,2.388423204817919,2.274610501622423
2024-12-05,2.4496070748625907,2.3221999224838537,2.371839923837751,2.259919282563725
2024-12-06,2.500719155667502,2.3847667957914913,2.436867425510197,2.3183544236925138
2024-12-09,2.3956379017967397,2.2493436920627636,2.2985854736749594,2.1979156491940937
2024-12-10,2.333987729557552,2.1719085396313185,2.2158472284232205,2.1201689421841743
2024-12-11,2.362580942771642,2.219551372510499,2.2555635008794774,2.1681406336172904
2024-12-12,2.280444862243597,2.1076169819271473,2.1468707275545342,2.0557788055196484
2024-12-13,2.177924324156185,1.9748023859078971,2.016586295884909,1.9219451179611804
2024-12-16,2.1862302665470463,1.9817797142609934,2.0250009464633396,1.9289663411403868
2024-12-17,2.164287350186357,1.942666147640896,1.9922765800453128,1.8897484468588541
2024-12-18,1.8100374836103987,1.3340668948673629,1.519411933078359,1.2822274057006227
2024-12-19,1.760518189566349,1.263381287815559,1.4622540132912458,1.2111529840211437
2024-12-20,1.9741880030811396,1.5296634212147846,1.6638412001064886,1.4779526232676357
2024-12-23,1.9492933619909445,1.4826575689263626,1.611223258051069,1.4306174655178308
2024-12-24,2.0154957120659933,1.5320100092359332,1.6530814752871572,1.4802644316953808
2024-12-26,1.9828563264242713,1.494480461340213,1.6225809139971938,1.4424730559136951
2024-12-27,1.875489440053123,1.4083032059542187,1.543989460702445,1.3704886549133481
2024-12-30,1.7721458444512515,1.3322444655097596,1.465660441073107,1.3024212977505019
2024-12-31,1.7658728488499118,1.3380837076963943,1.4691349164668623,1.310640846091042
2025-01-02,1.792682725447043,1.376776637806171,1.5087569204241877,1.3514783998008546
2025-01-03,1.9537263489629382,1.5236224991630847,1.6663511831076803,1.49396795716604
2025-01-06,2.0246609464174425,1.5841283081576507,1.7352395003079926,1.5554828519421984
2025-01-07,1.9143049671395393,1.505432175281137,1.645118032502098,1.4767639769171828
2025-01-08,1.8238585886379126,1.4006254396744509,1.5386888497643678,1.3717641084891294
2025-01-10,1.699782636693465,1.3235347374394055,1.4463125871114704,1.2924947908050601
2025-01-13,1.6687144282295585,1.2873928711253741,1.4137639894858516,1.2573002735564842
2025-01-14,1.6831076566900005,1.2982471697213118,1.4257703020582109,1.2681113989617612
2025-01-15,1.8033515963469928,1.382681606611729,1.5272926055849911,1.358052243590161
2025-01-16,1.817779165533955,1.4064626865807885,1.5478271284493026,1.379693227126371
2025-01-17,1.937156818383661,1.5046236076307646,1.6600460363768073,1.4805932576613916
2025-01-21,1.9389293566058492,1.4752265153955861,1.6354395434017905,1.4570524428981226
2025-01-22,1.892275975418372,1.4119241963082267,1.5630699057818145,1.3909582349514305
2025-01-23,1.9172695101493717,1.427481923201492,1.5789275998639833,1.4048539478398707
2025-01-24,1.8709242914354007,1.3830905448022264,1.5353535343521187,1.3608847932778156
2025-01-27,1.738601183600097,1.2794050649599908,1.4154153088451589,1.2556004413781636
2025-01-28,1.7609039428708217,1.279078649195275,1.4306174554868403,1.2601612752051106
2025-01-29,1.734613091765369,1.2644641791454205,1.4125095314340972,1.2460887743995528
2025-01-30,1.7164527297149803,1.2254220357063326,1.376083896967043,1.2058431823576234
2025-01-31,1.6792067762818346,1.19818969405683,1.3454149145516143,1.1796089957495992
2025-02-03,1.76741562516865,1.3210826798118622,1.469542368168243,1.3020166584416883
2025-02-04,1.7240441743183932,1.2658380988116025,1.3991626294853239,1.2490995752457157
2025-02-05,1.677919072703657,1.2142673543167817,1.3570217585510098,1.1981517100379429
2025-02-06,1.73460064911998,1.264980164213385,1.4095831163573334,1.2503813571324582
2025-02-07,1.6345757986004343,1.1777587322576282,1.3094670633101206,1.1593221804991214
2025-02-10,1.623555313558879,1.1568602420639513,1.309369235082234,1.1447081190871913
2025-02-11,1.626063230880823,1.158902241301466,1.3122066202825897,1.146579596388364
2025-02-12,1.555930633517205,1.0900306967817965,1.242071459504439,1.0777507312443824
2025-02-13,1.63712931949172,1.1662680946533142,1.3327247812560985,1.1583721585849798
2025-02-14,1.756986494921115,1.2839863984375417,1.4583954118125766,1.276573774405579
2025-02-18,1.7121510010788075,1.2447184845480128,1.4065573878102353,1.2371350105188779
2025-02-19,1.678229843627037,1.2157682822852702,1.3782828313657236,1.2080587580859927
2025-02-20,1.6852069464303496,1.2160795662259645,1.3756301231105648,1.208371348117908
2025-02-21,1.5783597588017328,1.0958530970557054,1.2294778560275534,1.0876657716667706
2025-02-24,1.534184720206422,1.0545555901661,1.1763629716014479,1.046197195339403
2025-02-25,1.349754247422126,0.87812442231369,0.9925796546741364,0.8689702896103245
2025-02-26,1.3482913984719889,0.8778550330488044,0.9904688262850442,0.868699738470532
2025-02-27,1.2398160873403286,0.7562699874241018,0.8847760699421826,0.746651258095413
2025-02-28,1.3377979891122045,0.8559658581982641,0.9894646149279029,0.8476742206088899
2025-03-03,1.1982014059023913,0.7393035248572735,0.877994754620348,0.7302461085344946
2025-03-04,1.0738546054786027,0.6422355564315534,0.7789840518252661,0.6443090062013433
2025-03-05,1.083382220028596,0.6392269051623429,0.7622679285539636,0.6295119144775125
2025-03-06,0.9446662530608697,0.5401863535104228,0.6751317208594899,0.5542009340441727
2025-03-07,1.0662282286477753,0.6480687467424325,0.7872769755464049,0.6516122154685265
2025-03-10,0.8047915241641452,0.46100989207704224,0.6089769034820637,0.4971441751346495
2025-03-11,0.6689814843313648,0.35223712916853905,0.4909250900291917,0.3936339736552514
2025-03-12,0.7538259407307342,0.4202385675900006,0.5614952517697072,0.45519934471127577
2025-03-13,0.6565128541038379,0.3613825585776623,0.5094302012801503,0.4099078182854398
2025-03-14,0.7230313354997289,0.38272028597347235,0.5200199069542772,0.4193007179301928
2025-03-17,0.790174183429303,0.426274720064478,0.5680618912929082,0.4605936767831273
2025-03-18,0.7223487366828256,0.39419773250659257,0.5361941551774597,0.4341721598801579
2025-03-19,0.8511447863027376,0.49199205832095316,0.6424472878898256,0.5300330040794512
2025-03-20,0.786904841791642,0.43680654360844956,0.5785807895148362,0.4743858116527519
2025-03-21,0.7492249943835299,0.3973734655534097,0.5341770514598356,0.4344440921350361
2025-03-24,0.8070535825314741,0.40303122906789113,0.5469221203210924,0.44422240845520583
2025-03-25,0.800595473045917,0.38833776779261414,0.5315985060279638,0.4313858698873071
2025-03-26,0.723961427471274,0.35723753745201786,0.48474611724678557,0.39419034116883683
2025-03-27,0.7247552869325956,0.37180475434742993,0.494433963578837,0.40665032321952166
2025-03-28,0.5838719174806664,0.30506275390588133,0.3984772444314902,0.32538119471809246
2025-03-31,0.5721721675013103,0.25762958037028755,0.35925896203222907,0.2839559664860631
2025-04-01,0.5937299757711528,0.2709456933576665,0.3748803115198338,0.29771412337796976
2025-04-02,0.6510658755459522,0.3125542855014205,0.42361810438086134,0.341747526885045
2025-04-03,0.3139204514554531,0.15257471491030525,0.19608044126542362,0.148717637786031
2025-04-04,-0.09334647768204422,-0.04895654811698019,-0.14888493800372707,-0.15694173627503247
2025-04-07,-0.027804117088681666,0.06105442883509374,-0.04664828520392172,-0.04977567416061692
2025-04-08,-0.19140144685195687,-0.06614526304867165,-0.17278044896989825,-0.16136920766847004
2025-04-09,0.36414965713811814,0.18028338829086546,0.02852916370219628,0.018130667816116632
2025-04-10,0.11717646067712491,0.09780724951168608,-0.07504929418580172,-0.07721684707260623
2025-04-11,0.259554625141316,0.20886300683087397,0.021202946095742338,0.02543632755500315
2025-04-14,0.2704105098809659,0.1621051163468806,-0.025147619586587445,-0.02518339671184581
2025-04-15,0.3282647286938477,0.2703857222843038,0.06976710131802803,0.08204110280381863
2025-04-16,0.2761092853812673,0.326803888544569,0.1266957761678741,0.1420080060411864
2025-04-17,0.29279506835340735,0.341542111179589,0.14024402347312137,0.15652037854944179
2025-04-21,0.19823653621700615,0.3452679954498678,0.13219209998254688,0.16010649847014002
2025-04-22,0.3367082358731079,0.39942207238704314,0.19291806984200607,0.21805278856413338
2025-04-23,0.4577868078152799,0.49003012066483553,0.2776986697864592,0.31114655180132483
2025-04-24,0.5143477299346577,0.4538634654372054,0.259140887845696,0.281005062713506
2025-04-25,0.4917935630963235,0.3833689034576057,0.19907449219750906,0.21359569374433401
2025-04-28,0.4960991912161684,0.3870213306003009,0.2029884610036435,0.21713150048444396
2025-04-29,0.5466575782098868,0.4213645932166189,0.2416804000427369,0.25208322426630075
2025-04-30,0.5018025241186307,0.35908503066471964,0.18103003063879552,0.19728913987013366
2025-05-01,0.5193088889690914,0.34730006891156384,0.17693276325052953,0.19358896693949326
2025-05-02,0.6742005671153491,0.47374256129184256,0.3324040139781283,0.33384689991696037
2025-05-05,0.6614215459980729,0.483766968195543,0.3364264017931028,0.3374733899401341
2025-05-06,0.5723854869302629,0.41324742126853686,0.25308013276449437,0.2622636028027688
2025-05-07,0.5323987415682763,0.34810838436890496,0.19286401780843437,0.2079337769783432
2025-05-08,0.5159832832041021,0.30094391916391644,0.15633615645161394,0.17500416710585392
2025-05-09,0.5039835767232231,0.2906996158121744,0.14433506439940622,0.16418801470805772
2025-05-12,0.6587981862158659,0.4189506704158147,0.2875978608808863,0.29352655577977343
2025-05-13,0.6628847306279374,0.40971710301471825,0.2830997037222536,0.2894614542405269
2025-05-14,0.662833826803996,0.4068570694741652,0.2789201827555069,0.28568671611850693
2025-05-15,0.6862472145474839,0.42405143430285774,0.2963669790318742,0.30144522034946764
2025-05-16,0.6947374137318602,0.41879710995829583,0.2882523138760113,0.29411225881585423
2025-05-19,0.6400738620924618,0.3391717415275541,0.19691883802790702,0.21161148644067923
2025-05-20,0.6334910990344217,0.3361347232050688,0.1979203552113935,0.21251499128295495
2025-05-21,0.5396518632262248,0.23206563262846425,0.1006639711924055,0.1104572994470318
2025-05-22,0.5358985414820794,0.22558484269235374,0.09407053969135602,0.10451615795392546
2025-05-23,0.4894637821984179,0.17089141787977802,0.04148249360685648,0.05079817858773143
2025-05-27,0.6028807747143365,0.29871904773239577,0.1716130877061064,0.17765477875821467
2025-05-28,0.6105859837180146,0.327597988496784,0.20548273113738863,0.20859407426827814
2025-05-29,0.5976650863888598,0.2973798175680824,0.16440625551125881,0.1785639704622258
2025-05-30,0.5886716775966401,0.2867713309598654,0.15307325438365266,0.16806489423885418
2025-06-02,0.651350139181195,0.3672230620783155,0.2416745264471581,0.24755252098713645
2025-06-03,0.7125388425409332,0.45553637191261653,0.33282374226789974,0.3347654290568288
2025-06-04,0.6669977690276675,0.3768228666294996,0.25602589231709527,0.2565053892181302
2025-06-05,0.6387817855772442,0.3446961716979532,0.21910967603982417,0.22475143298665323
2025-06-06,0.6829859085280406,0.38532997959620424,0.2778458445383666,0.2651138403417854
2025-06-09,0.6300713908692558,0.2707198928456668,0.1881526856106932,0.15081491287319276
2025-06-10,0.6579170735783625,0.29940744263275987,0.22593462261233224,0.17924990191458315
2025-06-11,0.6497428241652999,0.29121174052961646,0.2148040285773919,0.17115578822899444
2025-06-12,0.6540575818325141,0.2893757912326613,0.2191537658663049,0.16933288710028785
2025-06-13,0.5856236187532516,0.18955975862312094,0.11217875940628803,0.07087930233689173
2025-06-16,0.591831896264471,0.17403908015946404,0.11606204282720814,0.055390942725803444
2025-06-17,0.5390429708444301,0.10138461929859734,0.03744021203340148,-0.016364499279009986
2025-06-18,0.5353008816900844,0.09431537181639252,0.031151124672750097,-0.023363795280093837
2025-06-20,0.48492333248340524,-0.001165218241137153,-0.056363888463636845,-0.11824374778083814
2025-06-23,0.5203508703082401,0.04270223109686922,-0.010549820085725133,-0.07458317454681569
2025-06-24,0.5871632566924339,0.1434563608843559,0.09532629934194832,0.025424580025535576
2025-06-25,0.5965466341417685,0.16017705850108377,0.1117710147541568,0.041964878535074315
2025-06-26,0.650615202898043,0.25481918700783396,0.19491004586501015,0.13580884241463254
2025-06-27,0.6560184964545218,0.256114226425818,0.19309119808515587,0.13709673733652708
2025-06-30,0.6732010725027389,0.28199184749164846,0.21510504494012084,0.16278727538416982
2025-07-01,0.6638658851837542,0.2628253040950379,0.19708095552287955,0.14380371142105322
2025-07-02,0.7055343889890741,0.34577856785043404,0.2727213481560229,0.22585134135845097
2025-07-03,0.7335786124513332,0.3851756939550576,0.3145784494265428,0.26505424478702655
2025-07-07,0.6636380100658287,0.2422836557276494,0.18257147068890922,0.12346846929847544
2025-07-08,0.6391802702314643,0.18354758572373822,0.13103810163374727,0.06516152979759197
2025-07-09,0.6402852495337171,0.1623662058020912,0.12001619991835351,0.044046188448509604
2025-07-10,0.6484193533577622,0.1711720640041386,0.13153137087580627,0.05278087886289412
2025-07-11,0.6262177857968104,0.13013743002517134,0.09267260383595556,0.012208336044349588
2025-07-14,0.587820968003392,0.02482523196419265,0.008579276741459394,-0.09287465506074281
2025-07-15,0.6097985561345494,0.09715836797782304,0.06281942546040238,-0.021891824860501403
2025-07-16,0.5954660016285583,0.055894599681798184,0.03607453251608539,-0.06297653994408917
2025-07-17,0.6117832432606805,0.08229791357399617,0.06962615092745102,-0.03670625559747824
2025-07-18,0.5792780102855815,0.004882057630569216,0.013638521638130697,-0.11359798516759773
2025-07-21,0.659818385395583,0.1914356336193645,0.15523575806399964,0.06937428661950629
2025-07-22,0.6991827118037617,0.26702431906474905,0.22493232998579704,0.14380100514515437
2025-07-23,0.7738522656537886,0.425694595084852,0.3562187330172506,0.3010975682565663
2025-07-24,0.7256539758856081,0.3416272966660881,0.29071148362996224,0.21746825037953915
2025-07-25,0.7541823216772146,0.40637966219126154,0.341510374863326,0.2816539890142128
2025-07-28,0.8722386261338282,0.6049065523451798,0.4975612747853228,0.4754682191407896
2025-07-29,0.8853605594806024,0.604890285060496,0.5081856212114071,0.47630770429943264
2025-07-30,0.8247081008182058,0.5174661525433538,0.44003598662471705,0.40923410450414266
2025-07-31,0.8028446019733285,0.4644709951025192,0.3967475363707701,0.3577933932463924
2025-08-01,0.7433593864454189,0.27859954427122463,0.24087926825683587,0.17031191010591468
2025-08-04,0.7384842952037867,0.32549918277817924,0.3053710658614894,0.22999631273615614
2025-08-05,0.785955748004315,0.3631558578106283,0.3550774618531961,0.264472672604203
2025-08-06,0.9214234251870984,0.5297506900818617,0.5028755611945465,0.4205318773587158
2025-08-07,1.0776106610810077,0.680066109476721,0.6528850482155162,0.5549747133580835
2025-08-08,1.0707692349285154,0.7038480466630752,0.6619063290253889,0.5805837143681352
2025-08-11,1.0953955573102003,0.7167307647742696,0.6719558552307648,0.5862857589848732
2025-08-12,1.0384870095271437,0.7028644014218923,0.6611700479521652,0.5928636163380704
2025-08-13,1.0335641017487398,0.7122193174997378,0.6688253588099883,0.6033058394213181
2025-08-14,1.0313574538692394,0.710840371879042,0.6675447860072545,0.602258402004242
2025-08-15,0.9391927190584425,0.6272316129001836,0.5862504046673779,0.5251066037727683
2025-08-18,0.9220520303710745,0.6132620875121225,0.5709620045746987,0.5109710497212837
2025-08-19,0.8098809418175571,0.5029678164961088,0.4547553709558405,0.40284884932390164
2025-08-20,0.784690139241244,0.47346917129350624,0.4212463127584952,0.37296894082656284
2025-08-21,0.7158976768629739,0.40446547433198177,0.34494317003315955,0.3029485477240544
2025-08-22,0.8001670136531874,0.5284533382217917,0.48342981590246575,0.4262869078161467
2025-08-25,0.7599019576283849,0.4836799859497152,0.42726477340525115,0.3799367026201886
2025-08-26,0.8221814996528661,0.5459967832969188,0.498192701977204,0.4469283355136481
2025-08-27,0.7807410604313693,0.518704783351898,0.45588460840430733,0.40860187641518947
2025-08-28,0.8110803815697427,0.5533918498345549,0.496341112970457,0.4455448362636492
2025-08-29,0.7729743922043364,0.504743625635995,0.43990834227726955,0.3962327619650086
2025-09-02,0.7644680609899841,0.46728009413944277,0.41259728329840023,0.36851104867987067
2025-09-03,0.7914353123520145,0.5140369225383781,0.4560142803536303,0.41440189514108566
2025-09-04,0.7856096513638364,0.5450953568973217,0.45796816027607845,0.4287994322959886
2025-09-05,0.8823841911706142,0.6218096164151551,0.5890816950103858,0.5441901312253277
2025-09-08,0.9056153301641825,0.654421828669292,0.6229950232447966,0.5786874554155511
2025-09-09,0.9301306393466781,0.6885773230200236,0.6546843725490635,0.610965863413976
2025-09-10,1.0366689550675274,0.8120964780146901,0.7778109992077826,0.7262624722831449
2025-09-11,1.0225921484241047,0.829706165656311,0.7862179814405759,0.7452184687034473
2025-09-12,0.9985286505473698,0.802712456018776,0.7606652688289056,0.721627564021649
2025-09-15,0.9740888901593691,0.7970191848278715,0.7548490499666118,0.7224092320432719
2025-09-16,0.9241836400566993,0.736503957713766,0.6956176146441101,0.6671983834337628
2025-09-17,0.8909404383453403,0.6954594306954816,0.6545976708265988,0.6288814888659531
2025-09-18,0.9072709120863964,0.7311007103588015,0.6908103954309055,0.6651291624974717
2025-09-19,0.9305375970140501,0.7761854030495706,0.7371805806364525,0.7098383169368107
2025-09-22,0.970357129884422,0.8415778035917784,0.8038364482901403,0.773877840584262
2025-09-23,0.8570006396739822,0.6720006176023489,0.63295246092654,0.6023639906672786
2025-09-24,0.8493265718666797,0.6436792411979422,0.6130400645310066,0.5763331448081546
2025-09-25,0.8120581108784665,0.5743426074349018,0.552180282198286,0.5086006010900285
2025-09-26,0.8266593759324432,0.6197893446055468,0.5888635361755206,0.5536889426463772
2025-09-29,0.8527432703653629,0.6637413839665262,0.6310993850894876,0.597836320769274
2025-09-30,0.8517335415752576,0.6832071695971795,0.6378411762011087,0.6142063803041664
2025-10-01,0.8769044016262028,0.7349397041247689,0.6824661961202141,0.6667843001875955
2025-10-02,0.8622391315018266,0.7253715638627267,0.6620599370274837,0.6520945930664437
2025-10-03,0.9100572954878212,0.7825713627990741,0.7404968459738349,0.7231457492318599
2025-10-06,0.9263777973814716,0.8244834391154947,0.7746957953604496,0.764286368647511
2025-10-07,0.9164146911966253,0.789600449906048,0.7477185007737038,0.7299378289231835
2025-10-08,0.9008070249335997,0.7983669994928212,0.7378126770263941,0.735022569809
2025-10-09,0.9340112188401627,0.8453654192844042,0.788717983493775,0.7728486160324484
2025-10-10,0.735202394371526,0.3914705685014065,0.40542476946946787,0.3365089500049536
2025-10-13,0.776343212970682,0.4392482940482161,0.503726807175268,0.3919738226800906
2025-10-14,0.7790885177853701,0.44583395296228784,0.5104237602216907,0.39563361217636206
2025-10-15,0.7713047489708514,0.42453025295277846,0.4879871739297575,0.3745403877055003
2025-10-16,0.694218285272516,0.3155730506241525,0.3927683771218805,0.26681751845084034
2025-10-17,0.7639623118631087,0.41340713749944175,0.48394720453078116,0.3634056892164161
2025-10-20,0.7940641359577484,0.44324463163937583,0.5070409915688799,0.392963024295586
2025-10-21,0.7935441124520654,0.44249872381001343,0.5063259221111184,0.39222608444914714
2025-10-22,0.746736840171104,0.3765756876302665,0.4469600842291182,0.3270894784498052
2025-10-23,0.7853627173887687,0.4265032813939225,0.49645633641446557,0.37644485216965273
2025-10-24,0.829344221425654,0.4793246855988071,0.5521486073572294,0.4286949621079124
2025-10-27,0.9364792928885664,0.6316932865195184,0.7101523061555866,0.5791649578852165
2025-10-28,0.9389865885841505,0.6287506034089627,0.708240304953307,0.5762551379389005
2025-10-29,0.9432416553009171,0.6344088736288737,0.71406068194081,0.581844613403889
2025-10-30,0.8690488026798171,0.5441847044621883,0.6119746115980489,0.49280791483925546
2025-10-31,0.8774829012212901,0.5482797867479058,0.621002593337502,0.496857313257364
2025-11-03,0.9027801402190889,0.5863893679309767,0.6611721178477323,0.5344878546536831
2025-11-04,0.9464271904497451,0.7101584701862477,0.7792232694733242,0.6558988394211112
2025-11-05,0.9426139155435357,0.6989498807857871,0.764233585690732,0.644813687216617
2025-11-06,0.896717120827775,0.6560670338395955,0.7042143519847285,0.6025587043171894
2025-11-07,0.8414523858679791,0.5720310394983321,0.6368505176153284,0.5193221106299429
2025-11-10,0.7984783889081956,0.5011509245269274,0.5769643018426538,0.4486918746287226
2025-11-11,0.7709645259908036,0.47134939085573385,0.5442898795326954,0.4202481189874661
2025-11-12,0.7516180812129037,0.44977866833738267,0.5274630269623686,0.40581798077115755
2025-11-13,0.6574546733986182,0.3260907693589629,0.41204545770906176,0.285347184839155
2025-11-14,0.6727633218971649,0.34376694838584937,0.42733524180339383,0.2991041848898859
2025-11-17,0.6211954452972903,0.2819189224483556,0.3715848344495795,0.23858359044276703
2025-11-18,0.6107348010509694,0.26847564376062627,0.35938305386741987,0.22103484301857373
2025-11-19,0.6984947776073357,0.3705406143411096,0.4664409520938677,0.3195917747404992
2025-11-20,0.5962722256894947,0.25188552943970033,0.34709949671316076,0.20162226233360162
2025-11-21,0.627819260546613,0.28814377679941205,0.3872614136473983,0.23846263132057433
2025-11-24,0.6992946340107234,0.36827286343995136,0.4636052001427063,0.31771954525707785
2025-11-25,0.7193120305017212,0.3887668504774118,0.47957412833174345,0.3367520386205668
2025-11-26,0.7383649773409352,0.40774635955042454,0.49344552934110353,0.353485888944751
2025-11-28,0.748737002425327,0.4169760977006904,0.4977480522949169,0.35960070411575046
2025-12-01,0.6986363719668147,0.3622821426801943,0.4321836091928981,0.29914589407665415
2025-12-02,0.7237362368718222,0.3896886085682322,0.467752560123495,0.33110594785972347
2025-12-03,0.7099534329064022,0.373112604770465,0.43845204174314556,0.3038498392442453
2025-12-04,0.7045428532940532,0.36493288610257946,0.42810229393380334,0.2942625781815897
2025-12-05,0.7118651486870619,0.37245472630330867,0.4374197459004892,0.3013061449778454
2025-12-08,0.6649524829733738,0.31187357375866814,0.36017966553464836,0.23431525340669468
2025-12-09,0.6689878954453783,0.31869793583441725,0.3688029017966749,0.24315261309810393
2025-12-10,0.6928150226081468,0.3410428100540246,0.4048125791676888,0.2690776386895822
2025-12-11,0.7314135373798771,0.41264983934349825,0.47422603336676145,0.3279049402143458
2025-12-12,0.6909629497891817,0.37700852763527987,0.41146217188308554,0.2928583964860845
2025-12-15,0.6442718797496375,0.2870089487581275,0.32598875283925804,0.20369067604170105
2025-12-16,0.6568875447672933,0.321121082955965,0.35507661970898036,0.23727995539817073
2025-12-17,0.6002460354435664,0.2440135818014075,0.2675449828421401,0.16137933768547424
2025-12-18,0.6166209222385661,0.251831542782395,0.29138550169531796,0.16913345105783512
2025-12-19,0.6833010276345207,0.36298447224469865,0.39369256513740225,0.27897310018979077
