Date,price,log_ret,vol_rolling,vol_ewma,vol_garch
2005-01-04,46245.92731877537,-0.01229440045350143,,0.10225768218825411,0.10867546395405234
2005-01-05,45926.80134400352,-0.006924548172936622,,0.11006660739793116,0.1287975420653912
2005-01-06,46160.32544947784,0.00507181870453845,,0.11005804384652042,0.1292805604878219
2005-01-07,46094.13139776304,-0.0014350323081724619,,0.10851241224106783,0.124083743656879
2005-01-10,46312.09073117511,0.004717425571521851,,0.10535456268127387,0.11757070418597367
2005-01-11,45992.94287117819,-0.006915097027901993,,0.10377904845353988,0.11346357872427552
2005-01-12,46144.7344151455,0.0032948883836088918,,0.1041484621857422,0.11660462465764816
2005-01-13,45775.03606230628,-0.008043978882441967,,0.10178524029424667,0.11119859184219294
2005-01-14,46016.290029271615,0.00525658649371409,,0.10352279772456409,0.11755202809467967
2005-01-18,46494.98555699692,0.01034900442388482,,0.10242920871252555,0.11414076104600686
2005-01-19,46008.52077437551,-0.010517855733585242,,0.107152316098241,0.12187517021647692
2005-01-20,45728.3242379394,-0.00610872126083879,,0.11164844865782908,0.13278947962319493
2005-01-21,45448.118947413255,-0.006146459828697766,,0.11082273517257359,0.13105127395951147
2005-01-24,45358.586491695045,-0.001971935537089083,,0.11007268469452619,0.12964719384506077
2005-01-25,45487.026500523934,0.0028276565081881604,,0.10699453598626875,0.12287368850658471
2005-01-26,45623.24014129394,0.002990085470643788,,0.10431613002765114,0.11639810233384748
2005-01-27,45701.06837865036,0.0017044368024099232,,0.10180435022664801,0.1107912247285381
2005-01-28,45701.06837865036,0.0,,0.09892524130041107,0.10520138546457089
2005-01-31,45985.17361628208,0.006197356130151273,,0.09591157992841054,0.10023523004677251
2005-02-01,46277.07437107999,0.006327652644947559,0.10225768218825408,0.09606147253879348,0.10095905246644554
2005-02-02,46417.157319640486,0.003022476213412221,0.09302441954638603,0.09633032045222407,0.10180574707595659
2005-02-03,46296.52158206779,-0.0026023302511937146,0.08985447737205825,0.09413227650772825,0.09804340033288415
2005-02-04,46790.78188185538,0.010619384733524966,0.09565016691028891,0.09182389039606352,0.09594030899934793
2005-02-07,46728.5009083812,-0.0013319388434874476,0.09562065205966516,0.09813680134513134,0.1087804153007104
2005-02-08,46782.9863646892,0.0011653212682782956,0.09445733909001613,0.0952880143309238,0.1040302415826031
2005-02-09,46432.722091702766,-0.0075151694343636825,0.09510441690027924,0.09249621557845511,0.09912649516466909
2005-02-10,46600.06965364235,0.0035976076670439874,0.09522941739394163,0.09431946145710893,0.10666292572019516
2005-02-11,47000.89755060614,0.008564662505285587,0.09372358169488489,0.0925099238383982,0.10277147666831557
2005-02-14,46965.88994460105,-0.0007451059796317048,0.0927980150783158,0.09567499630923572,0.10821718685813712
2005-02-15,47141.028646661776,0.0037221260005810947,0.08674746191215699,0.09280558705923733,0.1031785799408291
2005-02-16,47172.18883010142,0.000660780862048596,0.07600138079066017,0.09113495600560649,0.09987225133641948
2005-02-17,46790.781881855386,-0.008118284045754539,0.07886254014632059,0.08839596857182835,0.09545214854474167
2005-02-18,46853.02346192448,0.0013293263554643288,0.07400588057671782,0.09133193990155669,0.10553900449867558
2005-02-22,46156.42550237225,-0.014979359464047793,0.09388460026723205,0.08870034122159716,0.10048025360027724
2005-02-23,46487.19879392075,0.007140797860577342,0.09629375569477357,0.10386688305398335,0.1335810646591864
2005-02-24,46794.65118964589,0.006591925634014295,0.0980700309280482,0.10446058329438683,0.13080630887862468
2005-02-25,47257.78632235391,0.009848524682101786,0.10270255735222705,0.10447157185552758,0.12752804001296747
2005-02-28,46946.429602478165,-0.006610274297487054,0.1067335427171374,0.10828661761836492,0.13129839870906215
2005-03-01,47179.958084997525,0.004962029615987473,0.1060766144599202,0.1080884426911002,0.1307419884838732
2005-03-02,47156.57153349902,-0.0004958111576114694,0.10452617735615173,0.10655705248355109,0.1252306985474822
2005-03-03,47176.03187562186,0.00041258995714368244,0.1042471481743313,0.1033288828834803,0.11810414841543787
2005-03-04,47763.72020118823,0.012380395338003473,0.11108295723595456,0.10019391418853181,0.11155375006113383
2005-03-07,47787.067359281646,0.0004886858424537059,0.10582078666975596,0.10841585191990905,0.12593583236628464
2005-03-08,47608.059349430405,-0.0037529845839368997,0.10688819318280629,0.10513024301370183,0.11850521954991901
2005-03-09,47078.77393545768,-0.01117982106861239,0.11519148977528597,0.10296693402668788,0.11503315815493778
2005-03-10,47183.84490096809,0.0022293250563867753,0.11154144873471457,0.10888472219495673,0.12965478927753116
2005-03-11,46853.02346192447,-0.007036023414972828,0.11435807456688622,0.10592296494979209,0.12210692084114151
2005-03-14,47144.92421672239,0.006210809923512773,0.11238199358171581,0.10627802731999593,0.12396532803947767
2005-03-15,46755.73925949022,-0.008289338356761248,0.11630379688731583,0.1058326945860626,0.1210554481480798
2005-03-16,46358.78067031693,-0.008526296313441501,0.1188893652331951,0.1075521651120341,0.12605045714648225
2005-03-17,46452.17805678065,0.0020126377158862304,0.11921159937678588,0.1094194214337524,0.13066741147762778
2005-03-18,46314.27049959103,-0.00297322277457496,0.11636979564067407,0.10637433874569303,0.12292547312716283
2005-03-21,46142.34892561402,-0.0037189716257451585,0.11668973146541821,0.1037797261434876,0.11790710280951872
2005-03-22,45673.49737212046,-0.010212956644601194,0.11002479243085607,0.10165204672904073,0.11447054881518158
2005-03-23,45712.588761121646,0.0008555217328926183,0.10641890064546163,0.10625551316204442,0.126217563755366
2005-03-24,45767.2755615002,0.0011956031482537259,0.10309236233122625,0.1030722398335927,0.11874472032554062
2005-03-28,45833.6884654656,0.0014500483986767353,0.09526503184481298,0.10004032669980203,0.11212841665737387
2005-03-29,45528.96734582786,-0.006670608398206355,0.09530793773907166,0.09715644533664007,0.10631500310721093
2005-03-30,46173.62291222398,0.014059934060027125,0.1081387062118813,0.09770264718126129,0.11023564065203736
2005-03-31,46087.65774819047,-0.0018635160556131406,0.10815001971163121,0.10937095970288366,0.13064449153281066
2005-04-01,45880.59287981301,-0.0045029717722589865,0.10861674241937952,0.10628637504940922,0.123673254419838
2005-04-04,45958.73188736524,0.001701646361300326,0.09660805416364442,0.1045254535612034,0.12056878075330955
2005-04-05,46177.509728194505,0.0047490161997167475,0.09917011252693882,0.10155696772141899,0.11385103039810145
2005-04-06,46337.69206744964,0.0034628362952561225,0.10050033812780507,0.1001798000235805,0.11027965275453513
2005-04-07,46587.77015715892,0.005382350271841442,0.09611980558422695,0.09805682163490606,0.10579900319604985
2005-04-08,46103.288175927904,-0.010453789222405559,0.1016832423811084,0.09734605093714446,0.10425413796345206
2005-04-11,46138.43584737339,0.0007620775417779968,0.09944782589776929,0.1027619475134824,0.1193528321588047
2005-04-12,46376.765948270775,0.005152247922297623,0.09852924901074187,0.09967546292601148,0.11264099958283376
2005-04-13,45829.78851835999,-0.011864315919748462,0.10284570911626825,0.09869375053048926,0.10976808720512395
2005-04-14,45231.99797290617,-0.013129527894161774,0.1084584055079776,0.10622782278137477,0.12807917380301267
2005-04-15,44599.064133051885,-0.014091880893751314,0.11681499925094638,0.11495104607648993,0.14567165334833054
2005-04-18,44735.80301922332,0.003061268177052315,0.1181290564809942,0.12419124266285642,0.1619169816543846
2005-04-19,45091.359139629145,0.007916491376889111,0.12266864710172005,0.12099484234964537,0.15132026231885654
2005-04-20,44462.33400097048,-0.01404823098978399,0.12710135566313482,0.12128045926197033,0.14733596758867132
2005-04-21,45325.77616228589,0.019233477062893318,0.1465692952378342,0.12965487671227321,0.16303539259175492
2005-04-22,45153.88522762399,-0.003799553155146152,0.14690890935368828,0.14627048447203012,0.18671560050037683
2005-04-25,45450.81083009554,0.006554332796556847,0.1489905504715593,0.1425820213252871,0.17517662888726113
2005-04-26,45009.293922701225,-0.009761660449278203,0.15109974243150753,0.14056812983895609,0.16619513587401366
2005-04-27,45185.11106673881,0.0038986313341710954,0.14208325957205362,0.14147303701238836,0.1665944212679896
2005-04-28,44618.59013084993,-0.012617040136924633,0.14787700374054516,0.13799839420358617,0.15602023377224306
2005-04-29,45224.198078694986,0.013481708051344401,0.15674042709675048,0.14250576018558614,0.1654787316455577
2005-05-02,45478.15423028482,0.0055997845424203396,0.15814386458111823,0.14777542332495802,0.17118497145572759
2005-05-03,45556.28886079205,0.001716595324599529,0.15716571653794909,0.14491876313573698,0.16158890224400985
2005-05-04,45907.92314886725,0.007689040615376818,0.1593431236686155,0.14066241548769132,0.15052656430740874
2005-05-05,45892.30585226481,-0.00034024526786113223,0.15784516597175124,0.13961617015312336,0.1462740626019475
2005-05-06,45747.73205552211,-0.0031552565884343476,0.1539739879178174,0.13536936457259427,0.13682666559819398
2005-05-09,46032.95343963186,0.006215301198609146,0.15572063698554903,0.13181768588577256,0.13028964595605988
2005-05-10,45556.28886079206,-0.010408839957690144,0.15851182731537952,0.13006703388892824,0.12650324387609868
2005-05-11,45806.336311186285,0.005473749780037919,0.15449130128591004,0.13244073323289807,0.13605420715820024
2005-05-12,45302.33708624725,-0.01106380649074461,0.15232624859038196,0.13015813240949303,0.13049107427631415
2005-05-13,45212.47635215317,-0.0019855482258158814,0.14317687443297256,0.1333247059439656,0.14104450911454855
2005-05-16,45634.44975356939,0.009289834102886745,0.14622370797845952,0.1294934658456119,0.1329844825879781
2005-05-17,45939.18838138717,0.0066556218350255275,0.14549875469279894,0.1306419366892293,0.13449335236300658
2005-05-18,46411.939881986335,0.010238220994423118,0.13766423626022278,0.12927896925255158,0.13080011597591762
2005-05-19,46607.29177791197,0.004200253638769614,0.12241252102012778,0.13151108263107494,0.1349013885130974
2005-05-20,46540.86574281153,-0.001426244987096723,0.12136239799620836,0.12854650512026816,0.1280890567954326
2005-05-23,46798.74372673202,0.005525599293131175,0.12084944384707265,0.12475379137459865,0.12110981044486921
2005-05-24,46689.335109614825,-0.002340590766809393,0.11440813397752166,0.12284683771886942,0.11758262632756919
2005-05-25,46654.17868407933,-0.0007532698474487896,0.11448542023446569,0.11945165417923807,0.11258164885524295
2005-05-26,46904.21738038352,0.005345095728941239,0.10197202375173062,0.11584970930817483,0.10702296111355333
2005-05-27,46982.37827316083,0.0016650068157229977,0.0933528691870182,0.11422725142914307,0.10523898475363262
2005-05-31,46681.51770722359,-0.006424281149782005,0.0967399542847306,0.11093651092441521,0.10030009400006808
2005-06-01,47080.05203260114,0.008501067688865284,0.10006254283513674,0.1104197368212973,0.10481136257718948
2005-06-02,47181.63011619207,0.0021552367960111893,0.0975251451413418,0.11204312401430802,0.10968760730198387
2005-06-03,46943.30876938472,-0.005063947109295613,0.10003195869716967,0.10895262746135727,0.10440129263834588
2005-06-06,46900.3043021429,-0.0009165135238206542,0.0990703424385776,0.10745308353423155,0.10522276899555144
2005-06-07,46935.48698994846,0.0007498778231580316,0.09731696948348768,0.1042405679502399,0.10064597390712542
2005-06-08,46849.53495705,-0.0018329591480340983,0.08836598952301822,0.10110703474757923,0.09612817334486314
2005-06-09,47072.24338429997,0.004742432449382756,0.0879559675641124,0.0982856743590099,0.09344952844699071
2005-06-10,46962.83476718277,-0.002326975606058348,0.07627607347052383,0.09705940562393645,0.09282838295581254
2005-06-13,47111.29975694108,0.0031563428941691605,0.07506566512121243,0.09453659892756837,0.09115187559681018
2005-06-14,47220.68648883319,0.0023191874840065565,0.07006920783532064,0.09247470698317381,0.08894946567950013
2005-06-15,47310.55597701731,0.0019013717140421073,0.06760613859148747,0.09010994418035298,0.0864039110153147
2005-06-16,47431.68194363133,0.0025569594990852455,0.059393521886274676,0.08767711194734312,0.08398217861666674
2005-06-17,47607.43780903875,0.0036986046634629537,0.059070544911193464,0.08558559805882267,0.08230150475103086
2005-06-20,47623.12076131635,0.00032936806535262286,0.058414945859388605,0.08421542392819031,0.08201223172032138
2005-06-21,47650.59109581097,0.0005766613837205422,0.05609284879529722,0.0816599267547818,0.07997815852476525
2005-06-22,47689.80504207249,0.000822609304373029,0.054775973835963644,0.07920398348072427,0.07819794392708056
2005-06-23,47019.00100877535,-0.014165847481784323,0.07689136756010213,0.076857701192559,0.07666624787451298
2005-06-24,46673.78784573262,-0.007369077800898815,0.07923217832613677,0.09266514409415924,0.11593931132747913
2005-06-27,46740.4896346688,0.001428085771712963,0.07916080983511238,0.09430103501894133,0.11967605939328785
2005-06-28,47132.75165454433,0.008357318818586234,0.08125089180140113,0.0915967262480056,0.11299302730383591
2005-06-29,47007.27052814349,-0.002665841749442276,0.0761396264010512,0.09456540426955118,0.11596382725470716
2005-06-30,46752.23762348071,-0.005440163641494911,0.07793792337569254,0.0922686958428905,0.11149944645230583
2005-07-01,46889.54552550369,0.0029326225070200563,0.07682988743995524,0.09192488047825881,0.11186270455655208
2005-07-05,47266.13334719163,0.007999301461415356,0.0818609784475394,0.08985103664615166,0.10676505536471505
2005-07-06,46869.93636385043,-0.00841758794389189,0.08759151433420624,0.0925004177078585,0.11007686526355313
2005-07-07,47054.30187679623,0.003925839659481192,0.0884353393163257,0.09546877571160685,0.11766293643866778
2005-07-08,47591.73734858109,0.011356867178731779,0.09573870421926788,0.09381078098621647,0.11268135701627131
2005-07-11,47834.956608756765,0.005097520971428537,0.09640584186845065,0.10110681858842861,0.12362169961628186
2005-07-12,47960.481505607735,0.0026206878148671993,0.09625967807272237,0.1000106114689227,0.11918750812198678
2005-07-13,48027.16578636387,0.0013894348567851183,0.09613349657557965,0.09749789378188743,0.11301802112500783
2005-07-14,48215.45750868534,0.003912860146807609,0.09668972230535314,0.09468198633433524,0.10708851101123187
2005-07-15,48188.00030532575,-0.0005696311050377245,0.09663630413290297,0.09304994464755406,0.10345748056325749
2005-07-18,47995.79550476366,-0.003996620320157007,0.09742269579621951,0.09024245563185324,0.09891593355467057
2005-07-19,48258.61517250256,0.0054609512237360144,0.09905815463516023,0.08886276001334517,0.098710319198955
2005-07-20,48423.36714675009,0.00340812485978983,0.0995342395611393,0.08873388965198437,0.0983867167984787
2005-07-21,48140.92956326789,-0.0058497477538126605,0.10229757324226253,0.08704541657152465,0.09541765286018163
2005-07-22,48462.6204864167,0.006660047421975207,0.08856567253313273,0.08740531935154847,0.09954274662395808
2005-07-25,48325.32571552877,-0.002837023996532549,0.08387489905148864,0.0886113688114191,0.10128500314312645
2005-07-26,48384.157577533566,0.0012166721868189935,0.08388863761684846,0.0866172767041754,0.09900938602740425
2005-07-27,48560.683802863074,0.0036417908970963887,0.08054972184492289,0.08411172016625704,0.09472908015051094
2005-07-28,48866.6567573742,0.006281069742516854,0.08068460526656215,0.08276971494545768,0.09250668461405855
2005-07-29,48541.06151007477,-0.006685229173270013,0.08229988481635987,0.08388258428620231,0.09474559251634795
2005-08-01,48505.75188796386,-0.0007276822892511608,0.08270203913525499,0.08538066573246504,0.10104922256122216
2005-08-02,48796.04189019739,0.005966814222520919,0.08094289350329961,0.0828279720949199,0.09688901066530459
2005-08-03,48925.49737346904,0.002649478507516452,0.07180722306602422,0.08358923380317898,0.09775049637550046
2005-08-04,48533.20909132346,-0.008050392110013236,0.07998814491109582,0.08169497427091008,0.09424034095065392
2005-08-05,48203.68763464836,-0.006812762086717334,0.07635351894852113,0.08516768134865846,0.10442267808540084
2005-08-08,48113.48111399832,-0.0018731145899858507,0.07495100498684425,0.08671849552172507,0.10905121564173519
2005-08-09,48403.76673918682,0.006015225401199555,0.0772831256490923,0.08439159329351886,0.10469601137523234
2005-08-10,48380.231368157896,-0.0004863484037254853,0.07727075512871447,0.0850982406357816,0.10435995332873883
2005-08-11,48572.42303758496,0.003964655168069789,0.07730249823882865,0.08252747622135634,0.09966898275829553
2005-08-12,48274.28499364512,-0.006156925554031903,0.08067284865177977,0.08148497315135035,0.09710728817260336
2005-08-15,48572.42303758496,0.00615692555403191,0.08189366794224612,0.08255045554416658,0.10161726982697049
2005-08-16,47940.86358986441,-0.013087699831554295,0.09299730567192208,0.08353961910350186,0.10203544512501775
2005-08-17,47936.95051162379,-8.162635494908104e-05,0.09195585235427974,0.095655677991426,0.1271208131949162
2005-08-18,47933.0155481581,-8.208959760031635e-05,0.08976234796951693,0.0927421638228814,0.11965546510192263
2005-08-19,48042.83998455143,0.002288585680610508,0.08660643965716693,0.08991743047202759,0.11302326076435419
2005-08-22,48042.83998455143,0.0,0.08614709301058507,0.08763120748753227,0.10740256369489214
2005-08-23,47952.63346390139,-0.0018793916829863131,0.08612841775547286,0.08496160788367624,0.10217196186522129
2005-08-24,47525.039936689886,-0.008956992157758968,0.08972909316526181,0.08269686738548035,0.09871798929944858
2005-08-25,47697.64870673375,0.0036253746151791405,0.0873027352705507,0.08741560796324335,0.11051186523863867
2005-08-26,47372.07096761436,-0.006849268369329179,0.08744099973844202,0.0859169745864359,0.10614915730704974
2005-08-29,47736.87578413029,0.007671341509316166,0.09297424480911701,0.08745364249675885,0.11052606063541645
2005-08-30,47485.8434986084,-0.005272541447339879,0.0906573609719709,0.0898835655542687,0.11243015837073754
2005-08-31,48086.01077950368,0.01255966361361007,0.10252058713202664,0.08952454075978289,0.11232256363262903
2005-09-01,48050.70553443777,-0.0007344799782378288,0.09894695270048945,0.09959353123406703,0.12708168028641598
2005-09-02,47964.412092028375,-0.0017974974728375032,0.09626806971878123,0.09660173820241495,0.1198453507173567
2005-09-06,48525.36542666212,0.011627338540632913,0.10479672670558586,0.09391929914259839,0.11409278668027194
2005-09-07,48607.745790830886,0.0016962369039430559,0.10284490479497199,0.10166480752754417,0.12550672378866073
2005-09-08,48446.91127186901,-0.003314311153229273,0.1035861861196739,0.09878812006059452,0.11823518725882998
2005-09-09,48878.41787732114,0.008867361388267556,0.10742257022094748,0.09664178775517764,0.11422603848550535
2005-09-12,48780.36331496478,-0.002008106062958696,0.10509207645115733,0.09984059351634829,0.1181530451234278
2005-09-13,48509.6737202945,-0.005564604586588757,0.1049917936989653,0.09711347339618466,0.11277867524737416
2005-09-14,48333.14311791999,-0.0036457179512972442,0.09425926983477038,0.09660928140788576,0.11317211260223096
2005-09-15,48309.59899280104,-0.00048724042945239357,0.09429817217789062,0.09473286600082884,0.1102916915206161
2005-09-16,48653.14450169423,0.007086163903141287,0.09721291546609276,0.09186646005815646,0.10488347832879037
2005-09-19,48491.614032575446,-0.0033255652785577545,0.09806987380810507,0.09323256471746363,0.1065542153069055
2005-09-20,48081.90948832754,-0.008484872194736984,0.10309920541811884,0.09131259687922665,0.10416955085597895
2005-09-21,47632.8027848826,-0.00938434622413487,0.10826528243372344,0.09447881210648817,0.11325889608209058
2005-09-22,47802.190049797726,0.0035497973595517815,0.10407547783032924,0.09860136107647277,0.1228430800829034
2005-09-23,47841.6097171748,0.0008243016213317397,0.10335760265961039,0.09658893698829311,0.11689008159435521
2005-09-26,47896.7517302346,0.0011519315418330282,0.10001874747988554,0.09370128610558263,0.11045680198569914
2005-09-27,47884.920577567456,-0.0002470441879381014,0.09642681100741023,0.09095712497918529,0.10478717625959812
2005-09-28,47932.19266369587,0.0009867149690629187,0.09429021029662735,0.08819143640723849,0.09994857224494025
2005-09-29,48322.21363652531,0.008104005257893026,0.0878158561438721,0.08559080918803072,0.09552454059627077
2005-09-30,48471.92608411197,0.003093422130827076,0.0882994532062086,0.0887651053447239,0.10131714465201015
2005-10-03,48298.58634755112,-0.003582494658668517,0.08912190175366798,0.08689750577374611,0.09767611287430437
2005-10-04,47754.90920957931,-0.011320419749660103,0.08781456053366002,0.08539414529676316,0.0969951327649681
2005-10-05,47128.554068377896,-0.01320281149290085,0.09757928173676851,0.09376719696104417,0.11715051594127983
2005-10-06,46959.15367232773,-0.003600907773450622,0.09765347217196059,0.10440489054584345,0.1380083958668323
2005-10-07,47120.65350213143,0.0034332550903432096,0.09168026201970322,0.10218812228436719,0.1318188516027692
2005-10-10,46722.766979415625,-0.008479846640994755,0.0946750585235118,0.09997044899587502,0.12472375785146236
2005-10-11,46655.78505959868,-0.0014346320400705538,0.09383351292221805,0.10238013065922051,0.1294809182715192
2005-10-12,46289.4220150585,-0.007883460664458088,0.09603026971119734,0.09941785152183649,0.12234858807394311
2005-10-13,46261.82474625854,-0.0005963673226154586,0.0960058329963968,0.10114626441006848,0.12610406913746575
2005-10-14,46750.35549412557,0.010504758388448188,0.10101165240556437,0.09809235589022759,0.11891895157453733
2005-10-17,46923.6777225064,0.0037005436879150016,0.10284615288236326,0.10350495105501194,0.12605903273807534
2005-10-18,46415.502796626,-0.010888888120642372,0.1052921045105453,0.10137816350649306,0.1198484561504541
2005-10-19,47187.61791376834,0.01649801041547128,0.11956174892688422,0.10702161710369897,0.1323587864627519
2005-10-20,46356.38642669543,-0.017772456337117326,0.13322963356535542,0.12199113194243495,0.15499017546317154
2005-10-21,46537.60922132269,0.0039017166451964604,0.134395347955397,0.13698442387575485,0.1812184408842745
2005-10-24,47258.56543636608,0.015373130438189877,0.14685421478628435,0.13367507673580256,0.16912624432926765
2005-10-25,47163.98624774916,-0.0020033184564726392,0.14691932671973496,0.14272435545723686,0.17922541334396588
2005-10-26,47026.118083964655,-0.002927446852785571,0.146959606641707,0.13859548336433586,0.16712687886661895
2005-10-27,46525.79995388062,-0.010696154832320238,0.1467420283597703,0.13485459983998183,0.1569383752974664
2005-10-28,47195.50534887977,0.014291665952294138,0.15682742319613135,0.13720226733716787,0.16113114138504023
2005-10-31,47325.52109391294,0.0027510456017142823,0.1572341111011506,0.14416407449144394,0.16986201569632223
2005-11-01,47467.34172934318,0.002992224035040436,0.1529448363230693,0.14018100984193657,0.15830343922285037
2005-11-02,47963.73365005156,0.010403244344980746,0.14944954704900257,0.13640765399267749,0.14804640993168203
2005-11-03,48168.574979563,0.004261660672764969,0.1489291503964694,0.1383004876216553,0.1494532029087564
2005-11-04,48105.5542854818,-0.0013091928966522384,0.14896751229576838,0.13510739827764437,0.1410237328897886
2005-11-07,48152.83512570023,0.000982373470199158,0.14467691589229698,0.131090365756326,0.13253654255732794
2005-11-08,48152.83512570023,0.0,0.14437929750130735,0.12715421591878165,0.1243832238849868
2005-11-09,48215.85581978141,0.0013079082520808,0.14000976903508658,0.12328058625900891,0.11720086979232928
2005-11-10,48590.106299433006,0.0077320102186305495,0.14104803368496283,0.11963311166345403,0.11077614856254918
2005-11-11,48755.571732017466,0.0033995467551593407,0.13788942820237116,0.11982191089304685,0.11276572771606347
2005-11-14,48728.00510253259,-0.0005655646030810144,0.13806401697993675,0.11692131333739868,0.107917751381259
2005-11-15,48550.71289432599,-0.00364503990500718,0.1314077553521219,0.11338074896203472,0.10282860387000678
2005-11-16,48649.18765300348,0.0020262323688527463,0.12015325496518156,0.11083668922169199,0.10145215376114035
2005-11-17,49102.24682809415,0.009269683287208957,0.09903614515546155,0.10774860702241439,0.0971148613220612
2005-11-18,49295.28764425352,0.003923697170994985,0.0990391914430306,0.11050969750850502,0.10565434642598553
2005-11-21,49543.47485051769,0.005022072750232608,0.0879092193806795,0.10822397187822981,0.1022264117738231
2005-11-22,49756.20361514055,0.004284587691397533,0.08659265677726115,0.1067287551232017,0.10067542984691744
2005-11-23,50043.78860355672,0.005763242622223504,0.08460701179720792,0.10480998921009776,0.09835235841817803
2005-11-25,50083.16450048368,0.000786519468257846,0.06793005927628602,0.10405881071120063,0.09860260245784724
2005-11-28,49728.63260861064,-0.007104037662162674,0.06604574855795096,0.10093510463701821,0.09433746590154116
2005-11-29,49673.46871032581,-0.0011099142415694476,0.06734868054328738,0.10168425628343211,0.10183176768644751
2005-11-30,49405.58917855315,-0.005407402739053154,0.07278434344528403,0.09868096660891217,0.09780362609427312
2005-12-01,49909.86415732794,0.010155102665073351,0.07240877750036877,0.09795798102695744,0.100488387645224
2005-12-02,49972.89360549914,0.00126206880845386,0.0719412465052016,0.10285566036613819,0.11077592515512512
2005-12-05,49866.50077239514,-0.0021312804237202474,0.07247554220351675,0.09984294196623747,0.10508463959369761
2005-12-06,49961.04932169697,0.0018942381633890205,0.07241175514463875,0.09715542549576114,0.10148719237025097
2005-12-07,49669.53812390513,-0.005851858091918288,0.07720786148018008,0.09448321941460079,0.09708963477736209
2005-12-08,49638.01902277451,-0.0006347775153189735,0.07759582854175194,0.09438870155895428,0.10089275590862062
2005-12-09,49768.02601371765,0.0026156772461582317,0.07415410758127823,0.09154652289177787,0.09670362173816426
2005-12-12,49815.315608026096,0.0009497491667384485,0.07369777280310828,0.08933849912717416,0.09330787603958943
2005-12-13,50154.094514901335,0.006777677358084234,0.0760999388499134,0.08669558221577212,0.08971860165502504
2005-12-14,50351.06591748138,0.003919632661920282,0.07410387151513789,0.08808928778226414,0.09354012211941964
2005-12-15,50205.310318585456,-0.002898984757219234,0.07596156298641911,0.08675503265031816,0.09180413654657892
2005-12-16,50043.72732492655,-0.0032236346080832803,0.07201761314806743,0.08486412511539758,0.09102249753705022
2005-12-19,49786.3089307323,-0.005157144570452403,0.07422367588065491,0.08322817351962374,0.090840736745739
2005-12-20,49833.80862320135,0.0009536165432239775,0.0723132686010503,0.08314713930130432,0.09429845425597397
2005-12-21,49913.02438382653,0.0015883366898170157,0.07095958452221364,0.08069937955997626,0.09058225228742844
2005-12-22,50174.42588898158,0.005223474047885172,0.07041780989729768,0.07848433862178693,0.08747232600295855
2005-12-23,50202.15009208689,0.0005524038559662177,0.07039377541020812,0.0787575285482904,0.08861104166659298
2005-12-27,49691.257021254125,-0.01022885373773849,0.07534589122642664,0.07638846295846248,0.08564122864125083
2005-12-28,49802.13632549531,0.0022288786504217157,0.07564714994143783,0.08406594258344029,0.10540628352054668
2005-12-29,49580.368962922905,-0.004462912864150453,0.07479982932133782,0.08196445808321387,0.10067512862039757
2005-12-30,49311.04938334134,-0.005446786989635704,0.0673228900973077,0.08134024849350648,0.10099596138507956
2006-01-03,50178.36960653728,0.017435868149388932,0.09289147299829288,0.0816568079817261,0.10318195517976052
2006-01-04,50415.99500318776,0.004724436394849625,0.09378772621609067,0.1042323742605746,0.13899985943174695
2006-01-05,50447.68480907386,0.0006283690420139068,0.09365426524695811,0.10271322942056335,0.1322174279454907
2006-01-06,50867.49157320919,0.008287192141027702,0.09441116280324563,0.09961414128844348,0.12409563396751046
2006-01-09,50998.1857602192,0.002566011676225014,0.09427346149246507,0.10181357044186443,0.12496320006116936
2006-01-10,51049.67731773906,0.001009164921964027,0.09416017380223991,0.09921491474219897,0.1180990680098924
2006-01-11,51212.052556545146,0.003175682153391354,0.09439057603712508,0.09627243513135163,0.11153687633895305
2006-01-12,51010.0781915165,-0.003951681037811534,0.09393930554196415,0.09415287256425232,0.10665964762267491
2006-01-13,50962.55223677742,-0.0009321316510248354,0.09341111960250209,0.09256882977928509,0.10517780330206322
2006-01-17,50823.93122125088,-0.0027237624587897915,0.09332601064043448,0.08982196979278675,0.1006157792435891
2006-01-18,50621.95247917722,-0.003982005017717797,0.09377717206585708,0.08772730804498355,0.09829373653360596
2006-01-19,50816.00439273434,0.003826026396032876,0.0918976096918337,0.0864526689310547,0.09816363549323656
2006-01-20,49889.27453759201,-0.01840531154025292,0.11490504505270076,0.08512904272038703,0.09565725671393499
2006-01-23,50067.49467934113,0.003565948199386794,0.11546796835097305,0.10924339674403152,0.14564637127482963
2006-01-24,50118.994990951,0.0010280890430543724,0.11397592316414731,0.10681918491095771,0.13709468409298792
2006-01-25,50162.54658881931,0.0008685865797497735,0.11400380410815902,0.10364216956140619,0.12845782125270985
2006-01-26,50439.7536035123,0.005510961791998557,0.10892265630977231,0.10054155621198113,0.12074064751889775
2006-01-27,50907.081945341735,0.009222422221732014,0.11293899150058256,0.09980627854034588,0.11724359556941413
2006-01-30,50867.49157320918,-0.0007780012779378865,0.11127811978574387,0.10319698680215172,0.12144680911373107
2006-01-31,50495.228271993,-0.007345204932939659,0.11299137670697854,0.1000989156988555,0.11486716250726406
2006-02-01,50847.689821575404,0.0069558480717042,0.09815123104759926,0.10116501433551732,0.11875003157386696
2006-02-02,50257.58974420746,-0.011673115005523056,0.10608843215805387,0.1017441001366279,0.11787637961335233
2006-02-03,50008.08942443973,-0.004976794388966188,0.10739551660859231,0.10858648995390636,0.13335534874001012
2006-02-06,50138.761726224686,0.0026096152687994276,0.10308228202376889,0.10704234538824672,0.12962708344553858
2006-02-07,49695.21386994484,-0.008885768037516822,0.10620597071867177,0.1042763082997912,0.12225997439328207
2006-02-08,50146.69293178622,0.009043940638022432,0.11217856270035169,0.10684083251902073,0.12854018271294426
2006-02-09,50063.54220769536,-0.0016595259567727082,0.11116134077889946,0.10939275003942805,0.13027439654121337
2006-02-10,50154.60225212271,0.001817237187487752,0.11110808563055788,0.10625633258636229,0.1231997359622897
2006-02-13,50063.54220769538,-0.0018172371874875344,0.11116163102959076,0.10326139292530735,0.116220391586324
2006-02-14,50594.21952198189,0.010544288328545726,0.11802370684389091,0.10036469448862739,0.11092294633337597
2006-02-15,50772.43090964098,0.003516177569447122,0.11786023559177128,0.10559242242274315,0.11990913185937808
2006-02-16,51152.63854755376,0.007460566933485428,0.12005016588917886,0.1032846081649104,0.11428144223579946
2006-02-17,51014.0131549822,-0.0027137128472740635,0.09857000003956055,0.10425558861933426,0.11510099972332433
2006-02-21,50887.30207893301,-0.002486938290558164,0.09891463417789109,0.10162884119487946,0.11080010347072565
2006-02-22,51196.20327655708,0.0060519501043445785,0.10065240165692296,0.0990062179624097,0.10681550090374126
2006-02-23,51120.966249847705,-0.0014706630493816607,0.1010541161479935,0.09883260573564255,0.10620707237727962
2006-02-24,51251.656059812696,0.002553219366915085,0.09981997858100625,0.09599225598013611,0.10188169757655083
2006-02-27,51271.45343440148,0.00038620316790091236,0.09472749287206378,0.09359598615430441,0.09777459688749099
2006-02-28,50784.32334093825,-0.009546422718373651,0.10102452157731358,0.090757100539819,0.09364117493447427
2006-03-01,51235.80677982464,0.008850927473661284,0.1019342699370232,0.09550177550006847,0.10865475410332273
2006-03-02,51231.84993113388,-7.723117361588911e-05,0.09925706348316546,0.09878177060299646,0.11362550510464511
2006-03-03,50994.22891152844,-0.004648939884296832,0.09071117185408982,0.09577295075764558,0.10768309813389595
2006-03-06,50760.555986523694,-0.004592871696518941,0.09040066701563933,0.09459859279492294,0.10720212141323558
2006-03-07,50681.34897998853,-0.0015616233283068585,0.09047313597881856,0.0934393307232753,0.10669898669050921
2006-03-08,50788.28456667401,0.0021077365224784,0.08342663591383027,0.0907960718634668,0.1023822017905371
2006-03-09,50447.68480907381,-0.006728854276288698,0.0822548778841739,0.08841075992772769,0.09796634486821024
2006-03-10,50926.88807402051,0.009454182062436763,0.08800397637925791,0.08962181775882432,0.10369939910736996
2006-03-13,51021.95749167876,0.0018650421137783345,0.08801107306829026,0.09434826532244268,0.11126804986497163
2006-03-14,51556.600408746046,0.010424162112119446,0.09362484712929475,0.09176106252837114,0.10567532754602482
2006-03-15,51786.303353925,0.0044454590513704215,0.08812571097005079,0.09776437978804177,0.115520637145839
2006-03-16,51893.25207174552,0.0020630635483461393,0.08776158611266148,0.0963493879763774,0.11136323967773872
2006-03-17,51936.57606327321,0.0008345192286300523,0.08447415146925488,0.09375802101916085,0.10583650147828233
2006-03-20,51853.10143785146,-0.001608534594767413,0.08396083739213277,0.09095967469669787,0.1006900180125269
2006-03-21,51527.03346969074,-0.006308156779170103,0.08699523291537845,0.0884102025494621,0.09719018155159008
2006-03-22,51841.14335087896,0.00607751549237801,0.08701643139817489,0.08915744416614697,0.1020454336353246
2006-03-23,51733.79632196237,-0.0020728386169821754,0.08723484579550368,0.08961351528075366,0.10224868739339864
2006-03-24,51773.5617758954,0.000768359981747769,0.08693321732333067,0.0872565911085694,0.09897178875524634
2006-03-27,51697.992093765126,-0.0014606854297708357,0.08721387780241391,0.0846511454827721,0.09466075199076507
2006-03-28,51379.89910161607,-0.006171915203288443,0.08281382204125783,0.08226863014998402,0.09184523703887781
2006-03-29,51701.98395881597,0.0062491273111674244,0.07982981923840889,0.08329465180893371,0.09747017759387192
2006-03-30,51610.53435738256,-0.0017703493595644167,0.08020428968781075,0.08433373673743524,0.09876442671877832
2006-03-31,51622.47055912998,0.000231247783792925,0.0779956679143295,0.08205386372511252,0.09566591085674958
2006-04-03,51582.70510519697,-0.0007706097227178526,0.07576053277140855,0.07955925407652659,0.09182609790264806
2006-04-04,51912.72992204844,0.006377594052817195,0.07769037010067126,0.07719373851260924,0.08889267967776175
2006-04-05,52091.65039099945,0.003440636729283654,0.07804013782361484,0.07884368904906816,0.09200453713835208
2006-04-06,52035.97437844822,-0.0010693803489766824,0.07275621513999884,0.07760372374422482,0.08995920976656975
2006-04-07,51507.14855420174,-0.010214689443310204,0.07774297167344296,0.07535441928986727,0.08748079347263499
2006-04-10,51586.69259320281,0.0015431388315824267,0.0776800293643909,0.08315774280319435,0.10661342231375383
2006-04-11,51149.29886220969,-0.00851495892618771,0.07478800284659003,0.08084740250578479,0.1014741976844931
2006-04-12,51244.72719755892,0.0018639439555255275,0.07311389386276336,0.0850904975199825,0.1112775061640314
2006-04-13,51177.14562257532,-0.0013196709439248153,0.07250884735124788,0.08281606379558669,0.10568327526945774
2006-04-17,51157.24757595128,-0.0003888828819495641,0.07229634843893097,0.08045695962445153,0.10131190356832388
2006-04-18,51968.39280346464,0.015731528125196067,0.092860878938635,0.07802057169052014,0.09695640028414387
2006-04-19,52067.786741594624,0.0019107577537966743,0.08985978400541399,0.09728252363639958,0.12807881208570057
2006-04-20,52139.35580458403,0.0013735924907541728,0.08752356307188859,0.09461109389543755,0.12058700081085026
2006-04-21,52147.30451832562,0.00015243970287990031,0.08708318986687619,0.09188422769183698,0.11379102543955409
2006-04-24,52051.8761829764,-0.001831652828491296,0.08742493780481721,0.08908703596541191,0.1077746134313222
2006-04-25,51837.16461696317,-0.0041334845344203315,0.08863238445612658,0.08666623825913027,0.1035461659079425
2006-04-26,51849.12270393566,0.00023065898749952742,0.08544684620413191,0.08554946137773733,0.10283516809269817
2006-04-27,52099.61661292109,0.004819575408236734,0.08430408297432672,0.0829481293306585,0.09810268123718476
2006-04-28,52274.55834795629,0.003352206595612647,0.08452926940263654,0.0825759083115493,0.0968772899293834
2006-05-01,51849.12270393567,-0.008171782003849173,0.09014337398371444,0.08111449689205344,0.09406125234086173
2006-05-02,52238.78038202909,0.007487123609819006,0.09363889192437154,0.08482023101241001,0.10464639411320853
2006-05-03,52043.91433809977,-0.0037372695683222275,0.09228074400600299,0.08723752309232059,0.10720847425236461
2006-05-04,52230.81853715249,0.0035848454186291193,0.09235083419534267,0.08581926432112981,0.10531756618522721
2006-05-05,52692.05403232536,0.008791952697037942,0.09715629248661435,0.08436443708717434,0.1015902884697018
2006-05-08,52628.42055194251,-0.0012083783020737445,0.08872078823168343,0.08865139054524286,0.10785924824534605
2006-05-09,52731.81073216835,0.0019626041467903413,0.08876251639214236,0.08607904969304211,0.10313842864836947
2006-05-10,52703.97710293773,-0.0005279731000012015,0.08152276783770218,0.08380492868353985,0.09856420344646168
2006-05-11,52067.78674159462,-0.012144458720101527,0.09477454038704716,0.08127782533963493,0.09461739440235895
2006-05-12,51387.856569447686,-0.013144569792477993,0.10680772082939471,0.09186803855422217,0.11857213525838543
2006-05-15,51491.25112671855,0.002010021167510699,0.10696999421131922,0.10269265605960069,0.1388183324266845
2006-05-16,51415.70770685833,-0.0014681890182445057,0.09022784582495806,0.0998705277380659,0.13019377906858337
2006-05-17,50437.56070396135,-0.01920757360781342,0.11131304244289479,0.0969962232585249,0.12300178247281318
2006-05-18,50183.08368401508,-0.005058158075995838,0.11138273860763005,0.12009165770940988,0.16526874190667656
2006-05-19,50536.96777322636,0.007027112086063852,0.1156637110079413,0.11808272743594408,0.15754038876233262
2006-05-22,50151.2844520037,-0.007660977304270611,0.11767313449617833,0.11770109977461025,0.1513380158830516
2006-05-23,49769.57986469687,-0.007640174985721976,0.11921996938487765,0.11793954986560962,0.14971976373682716
2006-05-24,50167.16437130685,0.007956765196636172,0.12421714859254623,0.11814288788241437,0.14830953852413747
2006-05-25,50787.46605925681,0.012288876529979034,0.13196390240002354,0.11864875194947593,0.1448180843720948
2006-05-26,51045.90430493882,0.005075719277507643,0.13290397564109976,0.12456421650184495,0.1514262435497782
2006-05-30,50139.33074207624,-0.017919567445435356,0.14375746918851384,0.12237158507863832,0.14354518590935705
2006-05-31,50699.9951917392,0.011120070903255072,0.14736215966284424,0.13759183592693025,0.1736909467330841
2006-06-01,51185.07245109184,0.00952212008616779,0.1521254770494175,0.1402330235199513,0.17246816596770778
2006-06-02,51292.43261114348,0.002095292996538668,0.15164299346913052,0.14091247243930408,0.16831623950303806
2006-06-05,50544.92086401297,-0.014680765891663814,0.15459342225917425,0.13686243464541062,0.15667499864244258
2006-06-06,50421.68078465822,-0.002441206073024934,0.15456315469631224,0.14445131619335502,0.17211838951502786
2006-06-07,50043.9286689971,-0.00752006378925806,0.15488822626821044,0.14037207425199855,0.16103127562634315
2006-06-08,50000.18010410326,-0.0008745855846778011,0.15483113190180461,0.13920171202275164,0.15770339100246994
2006-06-09,49841.15330473128,-0.0031855931491716763,0.15074370777828713,0.13500390705245702,0.14725230049327312
2006-06-12,49300.39127873737,-0.010908996649018224,0.14878418788800737,0.13147596525749083,0.13951568335259476
2006-06-13,48727.812512552046,-0.011682051811488446,0.15170945592534182,0.13434339409601262,0.1476755424198694
2006-06-14,49105.55149707812,0.007722127628658684,0.1561871947885259,0.13794451835082114,0.15626898993378321
2006-06-15,50147.29696399787,0.02099252040966219,0.16347953891948183,0.1370714897846034,0.15128711666129313
2006-06-16,49781.87498413527,-0.007313652291732474,0.16454489620389615,0.15596297227192635,0.18475466645529967
2006-06-19,49390.48837326211,-0.007893099036924287,0.16413384387489252,0.15386274138187847,0.17783217091128406
2006-06-20,49558.2430003878,0.003390741559219989,0.16300106873957043,0.15230006533814502,0.1727987087751773
2006-06-21,49925.6521586858,0.007386337821500035,0.16311375489813176,0.148247859640883,0.16126040698578112
2006-06-22,49705.994531809134,-0.004409401833053552,0.16116519334600996,0.1465731863929627,0.15510383583105916
2006-06-23,49698.01517875246,-0.0001605438874557365,0.15400108559765233,0.14313857809146385,0.1477920269223281
2006-06-26,49917.65092040406,0.004409669807110887,0.15366551667340414,0.13877940442940767,0.13813982704263636
2006-06-27,49486.34128197748,-0.008677968270518203,0.14342341703858658,0.13563978379445812,0.13114439957731946
2006-06-28,49821.81551986874,0.006756252956631391,0.1394529654119696,0.13576783767335035,0.13516781030521413
2006-06-29,50828.22510240752,0.019998861784070968,0.1540104287171434,0.1342278411746196,0.1315389721594257
2006-06-30,50832.234475638405,7.88777318064693e-05,0.15375194063091874,0.15160276439501227,0.16761083698909318
2006-07-03,51039.90337622752,0.004077055662730464,0.1448877808123035,0.14698465346399003,0.1559010619444928
2006-07-05,50748.37029321062,-0.005728240978522874,0.1462325164133096,0.14338601564236925,0.146606320050678
2006-07-06,50896.11744758693,0.0029071376464511515,0.14347324929878613,0.14079099833750566,0.14223566105347227
2006-07-07,50564.63507474651,-0.00653422222908416,0.14576083483762908,0.13696921118793773,0.13364064284453192
2006-07-10,50660.50986868694,0.001894288670333802,0.14514293587511415,0.13520538211898847,0.1325685352450695
2006-07-11,50884.1418524344,0.0044046110062208555,0.13877569050225402,0.13129326401514851,0.12458008462428437
2006-07-12,50340.99871395402,-0.010731491169423719,0.13760687457023033,0.12844058139358513,0.11922028850538241
2006-07-13,49522.28995266011,-0.016396958588693885,0.14955535605611248,0.13133338227928365,0.13140106901892132
2006-07-14,49330.57975818436,-0.0038787024672620363,0.12880219298034257,0.14240335971235626,0.15960209778483397
2006-07-17,49258.682416819065,-0.0014585230181194456,0.12654470366882886,0.13888651539407068,0.15115126543129853
2006-07-18,49510.31435750759,0.0050953739195398525,0.12490690454261832,0.13477485271537892,0.1416581351246684
2006-07-19,50197.225916448486,0.013778745815050895,0.13365014214606172,0.13216263972821307,0.13495548011283068
2006-07-20,49853.75919436551,-0.006865860859931933,0.13368410303456235,0.1388867723846253,0.1479465731286028
2006-07-21,49502.31749627087,-0.007074417097117091,0.1351574966482847,0.13727680392722771,0.14533150632730063
2006-07-24,50404.90794817263,0.018069063675072473,0.14992133574825048,0.13590784372845252,0.14349618136234468
2006-07-25,50584.62503931582,0.003559126882536157,0.14967285895512128,0.14932926815115996,0.16851868619628396
2006-07-26,50652.52613858526,0.0013414267126507758,0.14554746175009398,0.14544004728944904,0.15752080939102506
2006-07-27,50604.58874161504,-0.000946845080630954,0.14418444327992314,0.14110579800164125,0.14680331860789742
2006-07-28,51111.78320941276,0.009972803035022126,0.1301700656900591,0.13685667967575685,0.13751872260050352
2006-07-31,51059.87145557174,-0.0010161675168758974,0.1302503116764666,0.13823802858560877,0.13977237870213854
2006-08-01,50808.26577715328,-0.004939840796031198,0.1306439629325914,0.13408497399898114,0.13127099585077495
2006-08-02,51151.71936810122,0.0067370525703808,0.13117465588035104,0.1314116132112068,0.1277748425971738
2006-08-03,51287.50843550507,0.00265111617584669,0.13111278037699306,0.13007357943443765,0.12516460604252488
2006-08-04,51199.66114211645,-0.0017143085376416004,0.1288366286259052,0.12653164650623427,0.11832338939039654
2006-08-07,51079.83078082596,-0.0023431953731015993,0.12916014117582234,0.1228579569356777,0.11268927353092818
2006-08-08,50884.14185243438,-0.003838398281270704,0.12909492127238145,0.11946317534520401,0.10831118809256172
2006-08-09,50712.430376617966,-0.003380264423289468,0.12350610645758466,0.11678155147279998,0.10640942472613332
2006-08-10,50868.17439223103,0.0030664148535945878,0.10663745257786106,0.11398429222752356,0.10412095996866062
2006-08-11,50724.41910290554,-0.002830036724642253,0.10601986753186411,0.11115325272323172,0.10009396357953942
2006-08-14,50764.32899932395,0.0007864891275523647,0.10551726859688763,0.10832746912202482,0.09798056300180825
2006-08-15,51371.39450315796,0.011887567482109227,0.11118449011871592,0.10507189366064718,0.09379299570987039
2006-08-16,51798.72540766873,0.008284052566667784,0.10489527305976253,0.11186763735813321,0.11142549122925033
2006-08-17,51930.50072479668,0.0025407571796344022,0.10006452823813503,0.11314205300393995,0.11451858478121492
2006-08-18,52194.0995065477,0.005063152113702111,0.0945220947423188,0.11013928939212853,0.10885325497800885
2006-08-21,51970.4543916652,-0.004294079898860216,0.07802281780598884,0.10858375654190329,0.10639285492824263
2006-08-22,51966.43626434429,-7.731859780583574e-05,0.07783561514696224,0.10659177163831415,0.10550552955896507
2006-08-23,51822.66784388376,-0.0027703970209372658,0.079196444689567,0.10334499418935687,0.10052447557568671
2006-08-24,51778.74857423448,-0.0008478508074249044,0.07916258781801964,0.10077412396702351,0.09827361360425925
2006-08-25,51842.653431408056,0.0012334298521051528,0.07199309106026186,0.09775974449964323,0.09453638252184292
2006-08-28,52090.24098250559,0.0047643822647871524,0.07307092630921236,0.09490285762748327,0.09082362140657076
2006-08-29,52150.17148280838,0.0011498516839785386,0.06962248410372637,0.09385826143067906,0.09065233178235964
2006-08-30,52182.11515730515,0.0006123449705479725,0.06661202602420954,0.09110873661157286,0.08743001408451985
2006-08-31,52174.11829606842,-0.00015326082568815352,0.06643206705304446,0.08836528314415917,0.0846135300644777
2006-09-01,52485.62821251961,0.0059528299415221855,0.06805117448254464,0.08567539332337272,0.08235725293048506
2006-09-05,52585.47736333082,0.0019006020793436835,0.0667418986656884,0.08623022524994069,0.08583827216904333
2006-09-06,52122.193411092376,-0.008849150630972325,0.07398708220069569,0.08392931812190507,0.08349452316374514
2006-09-07,51882.56770487146,-0.004607983858769583,0.07511530793289935,0.08834869276539858,0.09907921376301877
2006-09-08,52030.35862969793,0.0028445166485260706,0.0750439485592634,0.08751121512710723,0.09993364905085793
2006-09-11,52082.28351467399,0.0009974752001646486,0.07358105654473013,0.08556319351270877,0.09627806175505528
2006-09-12,52593.46984752255,0.009767121424240433,0.07939195197832451,0.08304721684370163,0.09231343734615587
2006-09-13,52805.12623611749,0.004016309153518402,0.07050683450517535,0.08902486913780588,0.10345669311702597
2006-09-14,52809.13560934838,7.592484504938783e-05,0.06569697125023606,0.08771430021643442,0.10042831600186776
2006-09-15,52933.06288477,0.0023439522522828373,0.06563808856881305,0.08504268172625172,0.09602627326387281
2006-09-18,53005.27537337614,0.001363293043439927,0.06385732374114782,0.08295416341664257,0.09254643851057943
2006-09-19,52872.909155171605,-0.0025003505255403254,0.06226790014983648,0.0806015581825239,0.08911669688722942
2006-09-20,53153.69221563931,0.005296476794124447,0.06408920439784024,0.07874859371539504,0.08821246525168057
2006-09-21,52896.96101751193,-0.0048416806841239555,0.06614949434035326,0.07907854872122641,0.08935094726862873
2006-09-22,52736.53356373613,-0.0030374376565707566,0.06741657747910271,0.07894715294493515,0.09241548225695449
2006-09-25,53141.67285003666,0.007652968016144809,0.07154178716120546,0.07744799104360126,0.09173598758563065
2006-09-26,53582.9052495052,0.00826866540537955,0.0748385438035721,0.08077033353815698,0.09720182415260718
2006-09-27,53647.08586051454,0.0011970647019364053,0.07483653274278705,0.0846533099540435,0.10305710390162018
2006-09-28,53627.043371405096,-0.0003736686466001439,0.07505831008484279,0.08220631561615109,0.09827585573135202
2006-09-29,53582.9052495052,-0.0008233960553362333,0.07527555658943343,0.07971522318104607,0.0942959691756647
2006-10-02,53382.34904706042,-0.003749936159782654,0.07525531338669045,0.0773530663392381,0.09106458202676944
2006-10-03,53494.66839911053,0.0021018437094121292,0.07529605968102035,0.07640094777120628,0.09173058153019567
2006-10-04,54120.41513105528,0.011629480995029452,0.07537213066700371,0.07452298212925769,0.08868425728948826
2006-10-05,54224.71573664359,0.001925340566256185,0.07137367553289481,0.08523705870161946,0.10694716226111231
2006-10-06,54156.51262126833,-0.0012585781765260648,0.07236723097389498,0.08297881465972942,0.10189280390925465
2006-10-09,54188.61824643055,0.0005926547108268474,0.0724560130198575,0.080599658988567,0.0979604093779557
2006-10-10,54260.8263579917,0.0013316457727371354,0.06636646578018644,0.07817824166720316,0.09378167096256819
2006-10-11,54196.650124027365,-0.001183436007106157,0.06638111458646725,0.07597327966187518,0.09018495635174884
2006-10-12,54665.965644292206,0.008622214788057133,0.07105717539895905,0.07380243047125405,0.08776133528619634
2006-10-13,54806.34185486852,0.0025645990428623663,0.07108685944708437,0.07901930616735044,0.09667774084612082
2006-10-16,54890.6087254374,0.001536357878653086,0.0710773853088098,0.07725836191823597,0.0932508953840265
2006-10-17,54718.122512653885,-0.003147310496458763,0.0716251950779547,0.07514261372580165,0.08977480433872764
2006-10-18,54790.29560785496,0.0013181289053322024,0.07036800297452049,0.07387421587883325,0.08967747738800275
2006-10-19,54878.54121233965,0.0016093108322984939,0.06624219473085155,0.07180686762582758,0.08661462081341406
2006-10-20,54890.6087254374,0.00021987075882807004,0.06403424501175475,0.0699000119458218,0.08404573614266353
2006-10-23,55143.29991101881,0.004592977436355133,0.061315980400045135,0.06777596858962145,0.08175081071980708
2006-10-24,55307.78050847558,0.002978345135566353,0.05666885826193728,0.06809500776221694,0.0828238730091082
2006-10-25,55496.32609940774,0.0034032271669599463,0.0570090464043497,0.06702862700500484,0.08167008571904692
2006-10-26,55668.79480401122,0.0031029308758323128,0.056670949356780895,0.06632032712338282,0.08113148601587869
2006-10-27,55319.804251123234,-0.00628878472272717,0.06307296921249886,0.06542217303233423,0.08035656088690107
2006-10-30,55279.65361722918,-0.0007260548366456942,0.06053658559556234,0.06797966709055787,0.08888291916115416
2006-10-31,55271.67864121753,-0.00014427643453168604,0.060885617863525233,0.06596917175879077,0.08632302058663911
2006-11-01,54898.60996371914,-0.006772608263465148,0.05562966628211487,0.0639619453926673,0.08382669924899908
2006-11-02,54866.50433855693,-0.0005849877947444932,0.055618229477161336,0.06737351228775201,0.09286154126372519
2006-11-03,54770.2618728355,-0.0017556608748729994,0.055864599385430265,0.06536063780743727,0.08968453948315774
2006-11-06,55388.00298945351,0.01121563766232402,0.06746082458368392,0.06373615343073037,0.08784106225145538
2006-11-07,55600.56542636592,0.003830352978371153,0.06815675136586644,0.07563406775300194,0.10491285174300444
2006-11-08,55720.93416419288,0.0021625433573803175,0.06762490025705478,0.07482724185836444,0.10148563556768721
2006-11-09,55428.09234471741,-0.005269366835963803,0.06586686784237863,0.07303341190525957,0.09720838402598025
2006-11-10,55452.19673159789,0.0004347821864644216,0.06549671326389035,0.0737134441554149,0.09970949911721724
2006-11-13,55588.58107712335,0.0024564744015395123,0.0657547569132188,0.07148782942437984,0.09532843999539001
2006-11-14,56005.72659789147,0.007476142330312996,0.06841596997563419,0.0699651147338458,0.09200914867595518
2006-11-15,56166.18031393732,0.002860855804261539,0.06868102666565126,0.07380046022607606,0.09698862433080817
2006-11-16,56310.60091410461,0.0025680087562541284,0.06883352214859484,0.07241178793752702,0.09373381577752592
2006-11-17,56326.64278407319,0.0002848413109262104,0.06882053528988792,0.0709124136187061,0.09070058389061132
2006-11-20,56358.72652401034,0.0005694393336260769,0.06773371049150531,0.06876105682471341,0.08749256581280498
2006-11-21,56414.8927656029,0.0009960883864567076,0.06736525202960714,0.06670307930051766,0.08467095904635843
2006-11-22,56527.172724247874,0.001988275938591025,0.06687872237554998,0.06478691754539818,0.08223389135200829
2006-11-24,56298.56404032189,-0.004052426393757202,0.06858268613915779,0.06328725788811543,0.08044250830500795
2006-11-27,55524.36982679891,-0.013847008963555523,0.08244392870658579,0.06335032316137415,0.08358755352818392
2006-11-28,55765.04164677767,0.0043251589163644175,0.08364493402231116,0.08167968692026022,0.11850439795563425
2006-11-29,56346.68089613759,0.010376157901362995,0.09071267659586142,0.08095756181360417,0.11382667278448147
2006-11-30,56370.75026665797,0.00042707451079967003,0.08604961184234734,0.08825400136062317,0.1217032268206734
2006-12-01,56246.41592605022,-0.0022080895005409953,0.08671726041003493,0.08558154244622129,0.11474690906895375
2006-12-04,56675.628959916125,0.00760197180833755,0.08876443481510457,0.08341743433342333,0.109975649607771
2006-12-05,56920.28826790071,0.004307543655761411,0.08208847698145925,0.08610891171877094,0.1118293007168487
2006-12-06,56872.18016617503,-0.0008455411022172036,0.0819032767575516,0.08514934276800692,0.10800125732919025
2006-12-07,56623.48959973451,-0.004382386834112226,0.08407574631210198,0.08262079537560665,0.10304219157230324
2006-12-08,56727.75956600775,0.0018397679152416895,0.08099589725210432,0.08189632734114914,0.10283481917690046
2006-12-11,56892.22703232949,0.002895046657134437,0.08117479638385629,0.07972305366264928,0.09824927812054039
2006-12-12,56848.11079565466,-0.0007757360269819687,0.08136506062135922,0.07810982365107616,0.09485353665111596
2006-12-13,56908.27327934309,0.0010577426451602245,0.07782808274488628,0.07579033306084278,0.09151980812116323
2006-12-14,57409.68129363509,0.008772221852956149,0.0825879394018945,0.0735964717988324,0.08817194998358172
2006-12-15,57414.9425017394,9.163902191162355e-05,0.08246981004233447,0.0790883467413049,0.09741510121923429
2006-12-18,57257.61399583203,-0.002743962625888792,0.0834984599183094,0.07667982504046808,0.09338586326566202
2006-12-19,57366.51049868283,0.0019000631166066588,0.08357912615181796,0.07510560110427036,0.09215026994468568
2006-12-20,57334.26918512525,-0.0005621812597194967,0.08373483518964239,0.07319144119832413,0.08895153727367568
2006-12-21,57124.52994224553,-0.00366489041011677,0.08507200251394915,0.07099539761893318,0.08628840483433525
2006-12-22,56773.59598137227,-0.006162262434821029,0.08688813757538114,0.0702923096111151,0.08762660675069545
2006-12-26,57108.36989206165,0.005879330804526898,0.07061904639269553,0.07224062053421842,0.09413585643651917
2006-12-27,57483.49578071562,0.006547187733656362,0.07225854494774027,0.07367652790529543,0.09530643227791714
2006-12-28,57362.492371361936,-0.0021072299707836006,0.06520267405102737,0.07583314451274893,0.09757812904912692
2006-12-29,57124.52994224554,-0.004157026132578292,0.06762296570631644,0.07397813853236967,0.09497620317225691
2007-01-03,57023.66093994655,-0.0017673346861575515,0.06739237364872049,0.07352336893687425,0.09569738867554037
2007-01-04,57144.66434930022,0.002119737753106232,0.06256762607637648,0.07161404560600276,0.09301522903692035
2007-01-05,56688.86076698711,-0.008008291368274854,0.06747778735523045,0.0699199238635263,0.08980735786226256
2007-01-08,56951.07202546935,0.0046147813956044096,0.06954104817658571,0.07459996578525303,0.10096971914580517
2007-01-09,56902.67941581791,-0.0008500837601405092,0.0676465083898064,0.0745200929700777,0.09903132844055373
2007-01-10,57092.2317271028,0.0033256306634319188,0.06831316602669972,0.07232548619933095,0.09519774867441684
2007-01-11,57342.31419385711,0.004370758198286602,0.06924536154078632,0.07130457113461913,0.09258810881639401
2007-01-12,57777.94397571044,0.0075682919435619885,0.07357486863933009,0.07119077668136604,0.09157076342728478
2007-01-16,57664.99870622364,-0.001956729495972152,0.07421619949688435,0.07503398038705066,0.09686379135210285
2007-01-17,57689.19063400435,0.00041943735678346154,0.06774826238985153,0.07314494944700833,0.09420579781868867
2007-01-18,57495.57204790341,-0.003361881623110795,0.06894894123182153,0.07093541173910684,0.09052010110293417
2007-01-19,57608.55233375031,0.0019630977210765305,0.06842333204083327,0.07000580455050642,0.09063532768559109
2007-01-22,57431.058781473184,-0.003085783955604381,0.06916706961646765,0.06830104428758627,0.08766685681145206
2007-01-23,57600.48981683842,0.002945820689274772,0.06986840790097322,0.06729862018312703,0.08781841946829284
2007-01-24,58064.3384078834,0.008020607211061818,0.07344602714963383,0.06624626221896612,0.08590102357589584
2007-01-25,57382.670548866736,-0.011809327712991055,0.0827129057840158,0.07139975448011797,0.09359702709827032
2007-01-26,57330.22479553427,-0.000914382935399691,0.08037161877212781,0.08307037971171238,0.11662455317071586
2007-01-29,57297.95721970662,-0.0005629955236602668,0.07680042495890121,0.08061816470341998,0.11067154212653856
2007-01-30,57596.43229611239,0.005195654010667999,0.07869811908298409,0.07819286199141816,0.10525071093469343
2007-01-31,57983.67384535928,0.006700859017197819,0.08014322862037154,0.07845659904606378,0.10350569531324945
2007-02-01,58330.55903959653,0.005964639306100572,0.08161274802184275,0.08040536370638436,0.10463959328647464
2007-02-02,58411.22797916567,0.001382006468610925,0.08153642277938715,0.08133292213744085,0.10422462836428979
2007-02-05,58427.38802934957,0.0002766217341322177,0.07424414086762875,0.07903809139411747,0.09933503432538418
2007-02-06,58443.50430908334,0.0002757962998906411,0.07343090977378765,0.07663782143209932,0.0950248045069995
2007-02-07,58572.574612393946,0.002206027698829679,0.07304802157301463,0.0743108633716782,0.09125789202317575
2007-02-08,58495.95006241581,-0.0013090548656544863,0.07331853061853945,0.07255591299299176,0.08833127363902044
2007-02-09,58060.28964124741,-0.007475574901056006,0.07843472383898144,0.07052948946510357,0.08627012254369588
2007-02-12,57862.65292782556,-0.0034097979318109353,0.07515162204729035,0.0743028516215044,0.096734759681743
2007-02-13,58350.75472528142,0.008400143794875768,0.0802596219329849,0.07324926599776332,0.09593456749289747
2007-02-14,58733.95188493732,0.006545663203080936,0.08298552577549954,0.07816924841374785,0.10239545546362368
2007-02-15,58810.56768082544,0.0013036049153314353,0.08144775610588413,0.07994768664602313,0.1034160256716936
2007-02-16,58782.33574049876,-0.00048016402431962676,0.08157820482919852,0.07767772754766863,0.09860894692321676
2007-02-20,58907.352900128346,0.0021245226849808526,0.08019466910864398,0.07533449160115331,0.09463393467157008
2007-02-21,58883.17410348267,-0.0004105389049584813,0.08014885128993057,0.07350519756110882,0.09121539205682844
2007-02-22,58838.81275228718,-0.0007536630068883097,0.07604868787908557,0.07128381009975648,0.08817042020217612
2007-02-23,58608.90846303768,-0.003915011385860729,0.06290427487511807,0.069174323034407,0.08572575475464786
2007-02-26,58556.43207039014,-0.0008957665452520904,0.06289657017765168,0.06877303787969409,0.08761723446450313
2007-02-27,56269.37352713767,-0.039840539990752474,0.1583773068702,0.06676884863563286,0.08534212044775215
2007-02-28,56846.18927289453,0.010198786643897792,0.1618904233950755,0.1678990650235199,0.25340035194114807
2007-03-01,56676.771368664304,-0.002984735934413243,0.159688719709347,0.1675452202798486,0.24006031673551873
2007-03-02,55934.58648531326,-0.01318154125604879,0.1628224051415676,0.16285519812124527,0.22253325313567593
2007-03-05,55402.16710711201,-0.009564199054770978,0.16434914218930877,0.16600497713521542,0.22138492833077272
2007-03-06,56350.0512207968,0.016964439016292222,0.17836086677478474,0.16518861555645997,0.2133737178153411
2007-03-07,56293.56983196337,-0.0010028334146052894,0.17822023198256623,0.17320929512266742,0.21909322023801447
2007-03-08,56769.54721473629,0.008419725319969302,0.1814426526423291,0.16797790963612583,0.20266945357447344
2007-03-09,56785.6766256051,0.00028408047524013493,0.18156035234213852,0.16611883417623283,0.19285419815841137
2007-03-12,56870.40308590025,0.001490927299354895,0.18042176746606747,0.16106197333305788,0.17865838652847263
2007-03-13,55765.16858108305,-0.019625593636837062,0.1920587660313533,0.15626295596073686,0.1658622710816096
2007-03-14,56180.62456247657,0.007422483277436716,0.19139720140652294,0.16963697496801117,0.19563144436214605
2007-03-15,56257.2797517698,0.001363511738091477,0.18923787482159826,0.16698236775401665,0.18533548269252537
2007-03-16,56099.7542788369,-0.002804018057333168,0.1888036359862228,0.16198220592368562,0.17187323429886733
2007-03-19,56776.042749533946,0.011983021710511469,0.19551291174267982,0.15742560844668427,0.16107824042416952
2007-03-20,57087.85468209094,0.005476937274022518,0.19674918664716476,0.15958375901061117,0.16387441361542537
2007-03-21,58027.35237753295,0.01632310065039904,0.2067668395636353,0.1561810161996057,0.15497896114486392
2007-03-22,57982.82032158197,-0.0007677267795086725,0.20676686509280695,0.16418765693041615,0.17110326656896457
2007-03-23,58067.87506025301,0.0014658206677773847,0.20655055708932973,0.15921382880155419,0.15925475155272292
2007-03-26,57990.92660894401,-0.0013260254539500848,0.20656813976583277,0.15446872814207552,0.14838036840564528
2007-03-27,57853.23352695999,-0.0023772134333935446,0.14575528966079732,0.14985172287694593,0.13911076036407763
2007-03-28,57432.07425591598,-0.007306414888915085,0.14496326651496366,0.14558039638323975,0.13157371850234215
2007-03-29,57492.81450954596,0.0010570427335294134,0.14437870669618819,0.1439763668946852,0.1323953161316885
2007-03-30,57504.99144876905,0.0002117768972568718,0.13479017627838175,0.1396507670640226,0.12426223460911087
2007-04-02,57569.75420676497,0.0011255773708549928,0.1284663743771323,0.1353989463061784,0.11705108439371316
2007-04-03,58189.36432160304,0.010705265211415701,0.12041260163193167,0.13134709010241086,0.1106182346893957
2007-04-04,58254.144587779,0.001112647213499121,0.12003827468670424,0.1339765929808614,0.12013272086764636
2007-04-05,58412.11214225808,0.0027080263898634537,0.11749006525565531,0.1299671579059035,0.11335054409824868
2007-04-09,58493.06996679799,0.0013850170885664067,0.11741309260737953,0.12644704630336015,0.10792385935660175
2007-04-10,58561.907753699976,0.00117616176907833,0.1174180630886852,0.12271319597104481,0.10259123581132852
2007-04-11,58323.00863695105,-0.004087772088830142,0.09019991923488815,0.11906272761821321,0.09786366463095066
2007-04-12,58582.19535733009,0.004434142128706835,0.08853202296487023,0.1165248064441508,0.09798378352195983
2007-04-13,58849.4708568911,0.00455202535557653,0.08890626225801532,0.11428312354004723,0.09624197775430768
2007-04-16,59408.29257060406,0.009450979911238364,0.09029354314164711,0.11220648341897729,0.09491885634321318
2007-04-17,59566.2294857681,0.002654971925204807,0.08362510903662947,0.11482774520024076,0.10448820360017491
2007-04-18,59639.14230157617,0.0012233144162490989,0.08290844276217704,0.11180726902876374,0.1001168191212436
2007-04-19,59622.9209727621,-0.0002720283125873357,0.06419178077123243,0.10850548619956733,0.09570017454394875
2007-04-20,60185.83084651617,0.009396876394070035,0.06963986958229228,0.10520528966858703,0.09200783266886504
2007-04-23,59959.03425922511,-0.003775389925816479,0.0724656248895655,0.10834749300096214,0.10212465954862159
2007-04-24,59983.34874426616,0.0004054360896498075,0.07179511337339445,0.10606763148995224,0.1010562079705954
2007-04-25,60534.1035640222,0.009139898716245301,0.07472341993053236,0.10284846768254549,0.09651280576734414
2007-04-26,60602.94135092418,0.0011365275479534752,0.06586479012552213,0.10585948055957137,0.10482911456162025
2007-04-27,60554.34739720217,-0.000802163152210218,0.06679903884405988,0.1027296757187263,0.09982524691343204
2007-04-30,60052.19090821312,-0.008327233295750802,0.07694442868168846,0.09964894529600588,0.09586195945378903
2007-05-01,60206.06154856109,0.0025590048279111586,0.07685526386737312,0.10189495038440975,0.10646554236732282
2007-05-02,60558.38303270312,0.005834871098851406,0.07149683758486859,0.0992906816641675,0.10178693906813743
2007-05-03,60886.41629407417,0.005402191958110881,0.07241001838865091,0.09890344986403124,0.10160357731928978
2007-05-04,61117.24413982117,0.0037839540280680296,0.07260866329628848,0.09816433192328548,0.10072937372754637
2007-05-07,61129.40357086423,0.00019893275293632833,0.07292039547172309,0.09630448959678171,0.09782085376230577
2007-05-08,61048.41072996421,-0.0013258193106103603,0.07392219189323757,0.09337387105619283,0.09371532082957679
2007-05-09,61214.445178400216,0.0027160260451843036,0.07024787374740984,0.09067599956187165,0.09091759043620833
2007-05-10,60574.57809924712,-0.010507892247450044,0.08336251170387085,0.08854572751195308,0.08837524952575353
2007-05-11,61092.96467114023,0.008521413303005739,0.08631951143731482,0.09507582235869526,0.10828323074804354
2007-05-14,60959.29409352213,-0.0021903835687194484,0.08257006573474251,0.09795396003083577,0.11252575052782048
2007-05-15,60975.50229120116,0.00026585024546005385,0.0824811716124291,0.09535104627046487,0.10801907220559258
2007-05-16,61392.6215496992,0.006817476005610713,0.08488516301799547,0.09245204881362837,0.10265693556521364
2007-05-17,61271.1322883492,-0.0019808508589270754,0.08555869549699752,0.09347344806865684,0.10416991072303791
2007-05-18,61805.661402246165,0.008686161845618398,0.084706571672477,0.09095260176876731,0.10054688628373473
2007-05-21,61773.28002324821,-0.0005240598335854162,0.08287498007328806,0.09442895882850048,0.10676321082820842
2007-05-22,61724.69482361624,-0.0007868177951700841,0.08318947132006335,0.09157494803051394,0.10179530922152215
2007-05-23,61732.80548802329,0.00013139200774753892,0.07810791202784266,0.08883790499496783,0.09757336614999758
2007-05-24,61173.94438090522,-0.009094129644498251,0.08589109167813921,0.08613305980644073,0.0935143255268894
2007-05-25,61429.03418715313,0.004161239430230538,0.08671987406137655,0.0906876069000927,0.10709071233107471
2007-05-29,61651.81702416828,0.0036201095153884392,0.08032768929350999,0.08940136540409696,0.10373108676148882
2007-05-30,62153.93849679722,0.008111484375706645,0.08381112692348458,0.08781342952333288,0.10024820045199034
2007-05-31,62089.15823062126,-0.0010427987349416726,0.08274212232758407,0.0907929772806447,0.10508860728820181
2007-06-01,62396.94765881233,0.004944970415497331,0.08245308516000799,0.08812039928190733,0.10060519210032622
2007-06-04,62405.0364379943,0.00012962581086887844,0.08196797550627867,0.08757292845090875,0.09918438057997206
2007-06-05,62158.013525703296,-0.003966236154139842,0.08384840664978233,0.08490660038374316,0.09492381316065979
2007-06-06,61489.80945714322,-0.010808286912656822,0.09331059395097044,0.08375223043814961,0.09531770144610881
2007-06-07,60380.19790731412,-0.018210259229067736,0.11365219379195148,0.09143234774890126,0.11415934494824287
2007-06-08,61165.84247058822,0.012927702170632186,0.11718048912290192,0.11345606420449254,0.15558238009976896
2007-06-11,61271.13228834922,0.0017199027323700408,0.11342112161086325,0.1209416351125018,0.16175310196375425
2007-06-12,60602.94135092417,-0.010965377831471211,0.11990955488973692,0.11744782801927699,0.1506749369993644
2007-06-13,61510.07517554827,0.014857556346099185,0.1314436526654499,0.12159101189718406,0.156737357054689
2007-06-14,61902.875571960256,0.00636564834462376,0.1311622175666532,0.13128216204063017,0.16800610968432295
2007-06-15,62255.096384067,0.0056737678851827645,0.13211949331429554,0.12966722973068945,0.15964007909885505
2007-06-18,62181.89030624314,-0.001176596898018232,0.12890740722664235,0.12763821005222248,0.1514485188526565
2007-06-19,62336.452519702994,0.0024825626383090894,0.1290930818184708,0.12383438026231972,0.14177908273166145
2007-06-20,61470.14777094981,-0.013994712489179528,0.1389162482439002,0.1204493372489983,0.13302102648515918
2007-06-21,61811.79364230784,0.005542527024530753,0.14041073495992404,0.1288364939574191,0.15219621105570627
2007-06-22,61230.15876999292,-0.00945432339654256,0.14072779034381208,0.12675721709113297,0.14473470304233632
2007-06-25,60937.343212787535,-0.004793682659950503,0.14084444145191916,0.1282764129940101,0.14812939352434654
2007-06-26,60311.0187109012,-0.010331357272562892,0.1442262936567179,0.12575768871783233,0.14217821558063182
2007-06-27,61169.177778887264,0.014128613025790769,0.15075671270843005,0.12837429288967248,0.14825170637069499
2007-06-28,61161.04085221015,-0.00013303216131167782,0.1507717494891467,0.13604918686137044,0.15925766917339687
2007-06-29,61181.37222629036,0.0003323683709643463,0.14934194363044562,0.1319055948697687,0.14842456656638048
2007-07-02,61734.49502739783,0.009000083506045933,0.15348097194399846,0.12789374921288776,0.13862130081718357
2007-07-03,61958.18828977545,0.003616923818678464,0.15359621067796353,0.12884155055561924,0.13857251426634232
2007-07-05,61893.13226976373,-0.0010505503809098192,0.14844384468602653,0.12570576106846768,0.13084642362784119
2007-07-06,62218.46927140746,0.005242664549891799,0.13203692864326017,0.1219446978926485,0.12334100724213576
2007-07-09,62267.33022487519,0.0007850044932767606,0.12494212346412761,0.11997441402654092,0.11912986563639778
2007-07-10,61380.6678397717,-0.014341964240507895,0.13604616638320421,0.11635955417762073,0.11244308374028693
2007-07-11,61815.83365485376,0.007064610109567606,0.13159581643401447,0.1258460774289092,0.13890063189882396
2007-07-12,62791.91906955015,0.015666848302743657,0.13275314030703117,0.1250664658408141,0.1352440827598173
2007-07-13,62979.0246126734,0.0029753403397788634,0.1314857015114705,0.1356994092752194,0.1542214106316198
2007-07-16,62970.93583349143,-0.00012844433081892807,0.1302768353755503,0.13207316899001148,0.1443832197830712
2007-07-17,62938.37937269299,-0.0005171414278712128,0.13018045742459983,0.12805066223173392,0.1350787499720936
2007-07-18,62824.46239921354,-0.0018116162616920615,0.1302512215049575,0.12416600739809407,0.1268774017802411
2007-07-19,63068.50454385145,0.003876983063418967,0.11903977808657616,0.12058933902383119,0.1203038435801506
2007-07-20,62429.99434865203,-0.010175670790184757,0.12452975517196493,0.11788362926998674,0.11494739350174575
2007-07-23,62621.14428136626,0.0030571505975071026,0.11906785589877521,0.12094770150957301,0.12646765251922285
2007-07-24,61535.230053231535,-0.017493131955583614,0.13491640126684684,0.11786415823918871,0.11972348707876958
2007-07-25,61661.293326618965,0.00204654017708365,0.12876498941245304,0.13298612090625223,0.1560996517457417
2007-07-26,60201.19427450781,-0.02396420680473283,0.14732972462871827,0.12918017399013143,0.14568047780816132
2007-07-27,59017.68507374299,-0.01985504456181762,0.16204710840059935,0.15610710558019789,0.1995345995987903
2007-07-30,59940.913292875804,0.015522152554001368,0.17326011626069857,0.16990559543903225,0.22114563119716232
2007-07-31,59265.77598501688,-0.011327292632679266,0.17268535627425188,0.17543889946313815,0.2219903648767485
2007-08-01,59554.50775922618,0.004859984060256701,0.17328084135137944,0.17570455111051755,0.21709217356930238
2007-08-02,60030.39760109887,0.007959070630381137,0.1768354582884987,0.1713968784239921,0.20202236935024362
2007-08-03,58484.884892625705,-0.02608271766645654,0.19495875182182817,0.16903277857742935,0.19166633506418093
2007-08-06,59465.06284440821,0.01662061806020109,0.20687693391966372,0.19272782573337804,0.23792708704251866
2007-08-07,60099.53740410668,0.010613183399632527,0.2065793410181556,0.1977174688466121,0.23853947983024712
2007-08-08,60937.343212787455,0.013844031427907499,0.21145741097042203,0.19608614771427071,0.2275577356723933
2007-08-09,59131.56703086232,-0.030081264902720922,0.22628299037323496,0.19758706345125945,0.22375720662997778
2007-08-10,58854.99468769605,-0.0046882093301129765,0.2252302450967661,0.2244549668790764,0.27531766855091705
2007-08-13,59066.47599449052,0.003586819809852115,0.2263264185760772,0.21837938855335495,0.25551627445351577
2007-08-14,58163.57914943793,-0.01540415037328563,0.23012268703059588,0.2121855482416933,0.23604991140556397
2007-08-15,57362.37419114657,-0.013870784546309495,0.2326078270695268,0.2142641751258454,0.2377655385599308
2007-08-16,57793.50437072766,0.007487801740001108,0.2346862161556321,0.21462445419019963,0.23573276833963674
2007-08-17,58854.994687696046,0.018200313369741858,0.24668003966644825,0.21011323766175655,0.22106487636782077
2007-08-20,58826.52638693871,-0.0004838193975178064,0.24585549951590507,0.2156553721854068,0.22857120492435717
2007-08-21,58944.487750009146,0.0020032331959195177,0.24042427507922765,0.20909410438165657,0.21112601353023694
2007-08-22,59644.005198584266,0.011797528486915116,0.24512753402667495,0.20287385124673912,0.19530939975332787
2007-08-23,59591.15675711071,-0.0008864573850106344,0.23053427980766333,0.20197217265233483,0.19217338365830344
2007-08-24,60327.30131834534,0.012277572946727077,0.22285878496660044,0.1958496219337309,0.17828915644479998
2007-08-27,59766.04159056075,-0.009347126169770495,0.21895893738887928,0.19579280008345235,0.17882943714266428
2007-08-28,58452.33280887225,-0.0222260349723129,0.22950425568751123,0.19327634903750582,0.17637291516816261
2007-08-29,59599.267421517725,0.019431684101976848,0.23977753568280646,0.20635801735323905,0.21262390123750552
2007-08-30,59440.678326646936,-0.002664470110398891,0.2380818987336036,0.2138639275184857,0.2252170527443687
2007-08-31,60026.30506401271,0.009804071578581486,0.22034210719974442,0.20760745571069605,0.20893958049999695
2007-09-04,60632.32445408887,0.01004527381889068,0.2154607086486627,0.20486126036364194,0.20039170054880082
2007-09-05,60107.683084873766,-0.008690485976380884,0.21489913175923198,0.20242472584269947,0.19333735047853415
2007-09-06,60245.92767452929,0.002297307901000497,0.20886194916608844,0.1991460634753002,0.18757130383787476
2007-09-07,59408.12624289352,-0.01400395717467498,0.18518822258890266,0.19328580649017357,0.17408957516844553
2007-09-10,59294.21802350411,-0.0019192250171257569,0.1844716657999741,0.19514874931026693,0.1836798063821876
2007-09-11,59985.65106994228,0.011593587356781825,0.18846858677136052,0.18935085338301252,0.17108325584393633
2007-09-12,60140.20015226708,0.0025731208732204165,0.17854558848076332,0.18903655547377204,0.17129058953699136
2007-09-13,60563.210913351126,0.007009122429051653,0.169598637813302,0.18355064403758328,0.15951460070131418
2007-09-14,60559.092113994935,-6.801058524866766e-05,0.16889767217232254,0.18003388815737853,0.15303499631622705
2007-09-17,60233.76386644123,-0.0053865608446849135,0.16003490815001867,0.1745495309893671,0.14282177085433828
2007-09-18,62007.00109574797,0.029014242909666116,0.18785723702285453,0.17052329404812105,0.13843031214793017
2007-09-19,62373.04023895726,0.00588583499421438,0.18818993006885984,0.20015472943088766,0.2110120131596949
2007-09-20,61933.77750974408,-0.007067425030150001,0.18817686725876642,0.1954021589974251,0.19738397859060558
2007-09-21,62100.92810465812,0.002695224619128372,0.1879068694152843,0.19143224593662994,0.18849549420266618
2007-09-24,61986.49463986728,-0.0018444012245556174,0.18437807644966678,0.18589610469771786,0.17505962306337722
2007-09-25,61863.911117264295,-0.0019795423661814826,0.180519639898963,0.18037559561465116,0.16329500875203704
2007-09-26,62190.84136329235,0.005270753378761199,0.15698496434321518,0.17504994491284454,0.15282709894498045
2007-09-27,62558.613816326346,0.005896194383768809,0.14521987618469068,0.17095022825310272,0.1449891540283823
2007-09-28,62350.18768695019,-0.0033372559869176634,0.14555174334241014,0.16732062079598492,0.13883633209273843
2007-10-01,63053.07108313947,0.011210087581189852,0.14658362688792256,0.16274155698860843,0.1322511453117931
2007-10-02,62967.24598454633,-0.001362083731563954,0.1443295199089186,0.16369421611685142,0.13852888392426277
2007-10-03,62840.530531452125,-0.00201443025945671,0.13971040589256045,0.15879578181026002,0.13034371998877278
2007-10-04,62938.615733123566,0.0015596420307650795,0.13972974744355562,0.1541573552966366,0.12352255666268515
2007-10-05,63686.468889765005,0.011812222742818897,0.12974901261034738,0.14958408982068874,0.11643701971457025
2007-10-08,63347.27854065864,-0.005340173962234755,0.1321815004419173,0.152126751284774,0.12784868623756804
2007-10-09,63943.87415282421,0.009373785498831817,0.13056047211888047,0.14894690165703178,0.1254922005233064
2007-10-10,63837.66515561071,-0.001662353141879972,0.13168880864875165,0.14893834530991923,0.12851534845337323
2007-10-11,63531.16695569817,-0.004812775408942809,0.13356797134640844,0.14454568738332635,0.12164427922221935
2007-10-12,63882.6042767478,0.005516487093726152,0.13367466392677893,0.14138624417022155,0.11931876852964306
2007-10-15,63343.17724948253,-0.00847988911115603,0.1365674622797219,0.13874722368948197,0.11602567166193006
2007-10-16,62840.53053145216,-0.007966945741927847,0.0994440783719399,0.13850271249701157,0.12252028946960815
2007-10-17,63032.59964361889,0.003051791291248202,0.09796958282358438,0.13781045432275799,0.12644354830889842
2007-10-18,62803.78086153234,-0.0036367707552665673,0.09515942855094854,0.13413812695984906,0.11969861434611427
2007-10-19,61161.05398334512,-0.026504662337393632,0.13509667825242638,0.13081832262002668,0.11590778008042728
2007-10-22,61516.57508739084,0.0057960379903197,0.13699410715606355,0.16342699917851228,0.19464023887085638
2007-10-23,62015.12051424506,0.008071582457082664,0.14004986476672418,0.16004319151219304,0.1826628021787747
2007-10-24,61900.70018058927,-0.00184674346718671,0.1388531135080061,0.1583100390501804,0.17479774593068842
2007-10-25,62047.77764707877,0.002373204384543706,0.13734522353369988,0.1536551676094932,0.1630611564352696
2007-10-26,62775.16811828963,0.011654887658264664,0.14328850874149252,0.1492597509001128,0.15204107318925023
2007-10-29,62983.59424766579,0.0033147005630552407,0.1379869115734764,0.15164303910202623,0.15566813511371042
2007-10-30,62546.353713248085,-0.006966342451179144,0.14010859364099237,0.1475872680678528,0.14586954511321415
2007-10-31,63196.06476663293,0.010334091602544003,0.1449197587593148,0.1456325996899474,0.14374909211517958
2007-11-01,61716.78550327968,-0.023686088654799677,0.16785934782104744,0.1468027240876744,0.14573869484595608
2007-11-02,61786.29297806848,0.0011255991831487177,0.16121220889753332,0.16953100909133162,0.19837469275553002
2007-11-05,61316.34278627693,-0.007635132616942763,0.1621376928578004,0.16442467546129674,0.18364023851214573
2007-11-06,62141.7746887091,0.013372052304435843,0.16630404002610258,0.16215662073348575,0.17738327423578898
2007-11-07,60441.84858630649,-0.027736740664199205,0.19074745398964174,0.1655920216232345,0.1806290830935229
2007-11-08,60135.363517528975,-0.005083642646592807,0.19078904180629813,0.1934106913326406,0.23738440515135237
2007-11-09,59309.927238051794,-0.013821380726026792,0.19202500255142504,0.1885576472581916,0.22170483574066002
2007-11-12,58721.472929608346,-0.009971231099701725,0.19258811474843043,0.1905495455376359,0.22212214596917165
2007-11-13,60511.30353655516,0.030024714957454544,0.2259761748183997,0.1887694211066393,0.21471064385925412
2007-11-14,60343.77213872509,-0.002772436394639858,0.22523186217068994,0.21708590771714933,0.2628880316132563
2007-11-15,59473.36609879576,-0.014529162761242716,0.22944564310642632,0.21074850479061122,0.24307286346442705
2007-11-16,59575.52195232823,0.0017162004665220933,0.21184501839758854,0.21199485013036268,0.2416469263979495
2007-11-19,58745.99751280995,-0.014021760948896973,0.21468482632287114,0.20564493938531908,0.22293463422289836
2007-11-20,59105.61553098679,0.006102914081010028,0.21353353309622716,0.20670072690810068,0.2236092268394381
2007-11-21,57896.02351899613,-0.02067723355087921,0.22312935873709033,0.20180394432595578,0.20886692187124792
2007-11-23,58897.19815570064,0.017144816221266374,0.2340433738825082,0.2115321904510631,0.23087005563700108
2007-11-26,57597.72790143582,-0.02231039924515584,0.23762130259654252,0.21565147752081287,0.2339162799523939
2007-11-27,58259.72969721405,0.011427991157650067,0.2427610152408002,0.22636533603537057,0.25518781804265844
2007-11-28,60123.09466036063,0.03148292635737887,0.2728200492956845,0.22392285734873002,0.24340952325239676
2007-11-29,60143.55296874621,0.00034021582851474693,0.2691206111064277,0.24923787837973493,0.2883792254697904
2007-11-30,60748.35991735408,0.010005830499284182,0.26033105128754397,0.241648709721042,0.2653755728932056
2007-12-03,60347.86467581118,-0.00661452003295446,0.26102422815096327,0.23749571918718343,0.2504152370422638
2007-12-04,59808.44640263593,-0.008978669404270178,0.26150817438122387,0.23169266710090444,0.234910426270977
2007-12-05,60809.62979343051,0.016601266017148994,0.26414011037670587,0.22733130891632788,0.22425203259521914
2007-12-06,61680.04458744987,0.014212290947291628,0.24956767031822974,0.2296646583986772,0.22712437589210088
2007-12-07,61667.73195983141,-0.00019964085294441156,0.24858520987398378,0.2294235840395919,0.2241461976830511
2007-12-10,62145.875979885226,0.007723648554812006,0.24295118907223,0.2224357720524877,0.20706040436438067
2007-12-11,60441.848586306485,-0.027802737425028725,0.26239796378910585,0.21774065330545103,0.19582327496002555
2007-12-12,61038.457329607074,0.009822391135707174,0.24223721146633054,0.2371792039063437,0.2475352203929972
2007-12-13,60911.78564696299,-0.002077432977728879,0.2421277450263808,0.23310406328111305,0.2343634399918712
2007-12-14,60139.46918575011,-0.012760329361070287,0.24075209261571223,0.22614709342165515,0.21690633468570322
2007-12-17,59281.31887185407,-0.014372122295967654,0.24643077637147193,0.22480188298360024,0.2157252068930903
2007-12-18,59612.319769743175,0.005568031340248979,0.24167290173489964,0.22500419737121027,0.21844169134151156
2007-12-19,59612.319769743175,0.0,0.24084350460708515,0.2192214415982922,0.20377388821810055
2007-12-20,59988.26854285937,0.006286758562789013,0.22819229919817816,0.21254307334996222,0.18857181676715834
2007-12-21,60853.00630949831,0.014312204644667178,0.2258715482389881,0.2075130775293302,0.17775637111381556
2007-12-24,61304.918698795846,0.007398856043998736,0.20801363061138325,0.20874660580720727,0.18328086605371857
2007-12-26,61436.36136050289,0.002141784929897327,0.2056925681870354,0.20442199475534972,0.17440832650885277
2007-12-27,60664.03614519999,-0.01265082721297449,0.18193954946798843,0.19836937750767425,0.1621738324007471
2007-12-28,60512.03888011712,-0.002508702229684168,0.18224269401151638,0.19851761127392198,0.17045495376495917
2007-12-31,60064.26279835579,-0.00742729929483214,0.18043248832847456,0.1927170114451066,0.15959008172466538
2008-01-02,59538.41774176241,-0.008793255175684524,0.18156333904441221,0.1890649282799863,0.15630123592395723
2008-01-03,59509.67806421434,-0.00048282465858535284,0.17889495580813827,0.18646692170019347,0.15621751902556105
2008-01-04,58051.30794488287,-0.024811716625522385,0.1873518763270253,0.18079613625342636,0.1457835827095092
2008-01-07,58002.02679509401,-0.000849284561472041,0.1770692407131385,0.2000854869637587,0.20327849160264888
2008-01-08,57065.37855595472,-0.016280351927590083,0.1827172544715942,0.1940181841632899,0.18831195983743707
2008-01-09,57665.1431487089,0.010455283342844202,0.18525734426107457,0.19847424594948884,0.20143348974606198
2008-01-10,58043.08347730552,0.0065326672733629606,0.16510593574661803,0.1966756632823846,0.1949359924875825
2008-01-11,57574.757169213386,-0.008101325312470365,0.16023447865712412,0.19236864284618613,0.1836793932460787
2008-01-14,58038.96467794932,0.008030361723812517,0.1648895892198219,0.18914994295359916,0.17820525733120088
2008-01-15,56761.3621405639,-0.022258739526806133,0.17587433141661776,0.18602708918474145,0.1708389718048696
2008-01-16,56272.48560614094,-0.008650144934707903,0.17205117360220534,0.20005234238565311,0.20892999312226837
2008-01-17,54814.12424089952,-0.026257802950753233,0.18832039670262737,0.1968528318925236,0.2010240171041243
2008-01-18,54251.32379327074,-0.010320508524429992,0.1888332420702076,0.21645044486340204,0.24498057344904423
2008-01-22,53700.831596215416,-0.010198906484172383,0.18512886601323267,0.21365912657140948,0.23518045668577753
2008-01-23,54990.75989235431,0.023736681803411163,0.20088262788700076,0.21091220104709985,0.2264393909182182
2008-01-24,55455.00241745037,0.008406755488347031,0.2017420547668737,0.22435236060850924,0.24906193052906622
2008-01-25,54653.91563937434,-0.01455106320000368,0.2025885019156312,0.21996028436999174,0.23396728277385975
2008-01-28,55557.69664751933,0.01640119854897658,0.21548784729441028,0.22063767745946647,0.23404697230866095
2008-01-29,55832.93399195697,0.00494185018988587,0.21796222995167122,0.22322050814638544,0.23479145896668688
2008-01-30,55422.1395635011,-0.007384765156450579,0.21795347333297263,0.21727174325527868,0.21802785520901816
2008-01-31,56432.70296175615,0.018069685177229365,0.23064274333092685,0.21260092969967295,0.20710068174643645
2008-02-01,57340.61152334735,0.015960295053797993,0.23991785860098935,0.21777072909224188,0.21697643648285259
2008-02-04,56617.57621192334,-0.012689654480082664,0.22810248095242888,0.22006857571596508,0.21955748641270448
2008-02-05,55101.70047522569,-0.027138893481066927,0.24588500157897,0.2189956633786417,0.2178079426710896
2008-02-06,54658.03881577554,-0.0080842771425216,0.24150350109308114,0.23710278357562134,0.25997530605662866
2008-02-07,55019.51707808245,0.006591678091641029,0.23920624445098895,0.23201905503371045,0.24515435794083035
2008-02-08,54666.23264403782,-0.006441778564880547,0.23724285330504366,0.22640635749063398,0.22863662339283003
2008-02-11,54945.59316487665,0.00509728076592716,0.23810090957482938,0.2209336453258307,0.21530388654692167
2008-02-12,55455.00241745039,0.009228444197548601,0.2388296726685335,0.215118169942447,0.20058572618382783
2008-02-13,56021.912910345294,0.0101709915172364,0.23043843386075982,0.21162929819264195,0.19220129941622094
2008-02-14,55528.92195361116,-0.008838914867215542,0.2305262505812102,0.2089590681860163,0.18646016749155203
2008-02-15,55516.60932599272,-0.0002217581838191981,0.20978136638451428,0.20548802898687304,0.18191632514696213
2008-02-19,55672.70350520673,0.0028077209541837005,0.20582529871540964,0.1992299018849324,0.16885297262169083
2008-02-20,55837.03528313312,0.002947399907430231,0.2013308607634937,0.19346885027507196,0.15742164211034987
2008-02-21,55372.8365284872,-0.008348205838446698,0.18698375939556935,0.18792481001271025,0.1472334775112554
2008-02-22,55713.81708900342,0.0061390206709055805,0.18585705092447175,0.18506901788499636,0.14767897785363418
2008-02-25,56416.28466591658,0.012529673229322202,0.18210774088699763,0.18101200244460283,0.1415041687647814
2008-02-26,56839.41360721595,0.007472134584929423,0.1750969709578746,0.1821349887339512,0.1494317221450837
2008-02-27,56781.8904816697,-0.0010125412821495579,0.17465751385036626,0.17896076871233443,0.14497726019108712
2008-02-28,56227.31887866329,-0.009814705507453447,0.1763801702546802,0.17355356798500485,0.13591582585942358
2008-02-29,54974.33721946975,-0.02253625950159845,0.18220552906726198,0.1725400723860416,0.14188015171525625
2008-03-03,54842.90331185273,-0.0023936855404095773,0.170398218440794,0.1888466648584805,0.19108393778284874
2008-03-04,54633.36541304355,-0.0038280105291221347,0.16602876079141712,0.1833300645915242,0.17801856671869484
2008-03-05,54978.469149961,0.006296854323870535,0.13843239969024732,0.17836726503779743,0.16744785136652937
2008-03-06,53840.5118566349,-0.02091544630064902,0.15476262732769752,0.1746582435025781,0.15906451724383752
2008-03-07,53285.93587658347,-0.010353763165092345,0.15578149587077558,0.18785501062949092,0.19572708380931536
2008-03-10,52583.44203740024,-0.013271149098289622,0.16041361703125454,0.18652883139631146,0.19275093947508634
2008-03-11,54473.1699426534,0.035307005798852764,0.20705742843486186,0.1880649101485744,0.19682028799236392
2008-03-12,53963.76944416968,-0.009395400655436158,0.20608421877200622,0.22824255922080103,0.2732301387526763
2008-03-13,54082.89510121327,0.0022050788113498363,0.2020718999784223,0.2242848234228988,0.2586280813588773
2008-03-14,53244.85293210185,-0.01561682261239574,0.20660206110685525,0.21762118502099495,0.23844542033721555
2008-03-17,52706.69087084501,-0.010158732381219454,0.20840694152973327,0.21955633629019217,0.2402611810524348
2008-03-18,54896.28575281773,0.04070328246666575,0.2587681544022627,0.21650188764071174,0.23079783472950366
2008-03-19,53536.52170351414,-0.025081621784000644,0.27229824458318813,0.26288942966334145,0.31747960757944876
2008-03-20,54528.15000504775,0.01835301250875656,0.2805470607197372,0.27290292760409635,0.3292915344978782
2008-03-24,55618.073606413374,0.019791131122030643,0.28906153539707435,0.2740444551739181,0.3198819381616668
2008-03-25,55671.74055530415,0.0009644539970701723,0.2852570878059519,0.2766164805967774,0.3147013529453954
2008-03-26,54990.54979419379,-0.012311318749377078,0.286414425935572,0.26821584757569966,0.28933738159659494
2008-03-27,54817.16191013781,-0.0031580300776109633,0.28645200018825984,0.26441458584174066,0.27719475111569813
2008-03-28,54292.84006520857,-0.009610959058221461,0.28637692379694446,0.2566533905904043,0.25623664047999345
2008-03-31,54482.742540094405,0.0034916414745176996,0.2760374109820454,0.2516254112799858,0.24393791632855855
2008-04-01,56398.33878136784,0.03455570295483332,0.3024780471520731,0.2443373961057407,0.22551541232905398
2008-04-02,56435.49551647378,0.0006586098341915239,0.3018685095389239,0.2723480457813753,0.28813571977734215
2008-04-03,56575.88485818513,0.002484518169100425,0.301388516050755,0.2640636459534199,0.26514231241989145
2008-04-04,56513.94529422188,-0.0010954047781886829,0.2898887466358212,0.2562014163993108,0.24442737741557258
2008-04-07,56542.84254539037,0.0005111988824374056,0.2860777988608811,0.24843300602562615,0.22566180352803528
2008-04-08,56485.03053487333,-0.0010229691842030281,0.2800985488669911,0.24087293786834968,0.2083611020760278
2008-04-09,56076.302071663085,-0.007262356444571079,0.2558523953847279,0.23356885158488427,0.19296281223492226
2008-04-10,56154.747472366165,0.0013979271119110893,0.25263235850940285,0.22820736241474815,0.18491232926111612
2008-04-11,55064.85451031564,-0.019599563960876906,0.2639871863266799,0.22132200918990616,0.1714952315756861
2008-04-14,54879.08834296602,-0.003379292015731985,0.2573220591869937,0.22771180603448704,0.19956599671069622
2008-04-15,55007.04687684361,0.002328930605449225,0.2536014655097811,0.22116548370551797,0.18632578440065115
2008-04-16,56497.41319521198,0.026733550890048603,0.2290871251223199,0.21461903584803643,0.1729753184758281
2008-04-17,56579.99052640628,0.0014605454875326518,0.20660654028998515,0.23260192130007332,0.22190176878149823
2008-04-18,57170.3488494299,0.010379988787591048,0.2004753244102476,0.22558742971390977,0.20498401463144963
2008-04-21,57199.2461005984,0.0005053310155737579,0.18963758255392316,0.22240818093487003,0.1978846011840405
2008-04-22,56947.40843879432,-0.004412535285183549,0.19075916380473124,0.21564168438549666,0.18319229957243968
2008-04-23,56856.59350888763,-0.0015959886757809134,0.18443005046080205,0.20977523531794526,0.17263621447578198
2008-04-24,57104.2992402005,0.004347212722503135,0.18374786974620994,0.203479295632057,0.1609854024524485
2008-04-25,57632.74863857594,0.00921155188905484,0.1800226823501836,0.19800337369271748,0.1513523616605563
2008-04-28,57645.096282554485,0.00021422406073277894,0.18027605562178972,0.19528437848361518,0.14972364864882384
2008-04-29,57418.06771187781,-0.003946160654829001,0.13699132440193892,0.18933706202749814,0.1398014608007874
2008-04-30,57079.52954247821,-0.0059134717941651095,0.13911227273126187,0.18420929155324348,0.13380105144981186
2008-05-01,58260.241811480446,0.020474351578425486,0.15602848724933602,0.18007168804845483,0.13156053964109413
2008-05-02,58421.25578928781,0.0027598905280053257,0.15578874327256403,0.1918816146572784,0.16953311700182064
2008-05-05,58140.538384495296,-0.004816637381095822,0.15744871472553004,0.1863454044946132,0.15801167665292243
2008-05-06,58644.20495401343,0.0086256077274341,0.15920016086240538,0.18163677249962137,0.15085686966866513
2008-05-07,57599.715079871225,-0.017971141794929254,0.1714217632830855,0.17926892329594699,0.14818928027062842
2008-05-08,57451.09689353753,-0.002583524035135123,0.1719856403463495,0.1873293638002282,0.17711742920717943
2008-05-09,57343.75424166594,-0.0018701654664151626,0.15422507690206191,0.18190017319250956,0.1656081279994
2008-05-12,57987.79264471537,0.011168585093268697,0.15609456801666285,0.17650862616982285,0.15483171058485087
2008-05-13,57996.038997517775,0.00014219831677462854,0.15636649194226143,0.17655595508381697,0.15681309153177378
2008-05-14,58115.75117859295,0.0020620166704992085,0.1278894648171115,0.1711782424576442,0.1461774103683291
2008-05-15,58842.38004397173,0.012425612598272228,0.13373383993846577,0.16615703466963389,0.13679109640028186
2008-05-16,58896.04261581749,0.0009115558769910477,0.12999863823164734,0.16818482627288875,0.14541831332167068
2008-05-19,59057.03033135481,0.0027296926053352417,0.1300156525230209,0.16309975893600345,0.1359030656934173
2008-05-20,58578.14659069399,-0.008141890863551167,0.13294331381674915,0.15848691414588204,0.12790321412460276
2008-05-21,57587.31928839755,-0.017059309733732306,0.14805560972771792,0.15688634895071293,0.1312424371132615
2008-05-22,57595.587526425006,0.000143567101583127,0.14740951939546215,0.1659420080406464,0.162000339248766
2008-05-23,56823.56870427294,-0.013494777684361296,0.151444945754273,0.1608877144989002,0.1508412099553915
2008-05-27,57244.67982782184,0.007383527705405332,0.15413756772368065,0.1645759816325089,0.16400057692682615
2008-05-28,57508.89139587451,0.004604859476057378,0.15447867061597342,0.1621247288506543,0.15748807041893234
2008-05-29,57797.877038694496,0.005012476748848532,0.15372385852730808,0.158202331121299,0.14846144470607667
2008-05-30,57942.37642567204,0.002496961216682827,0.13504699880187565,0.15461625967544768,0.14086052598741894
2008-06-02,57343.75424166596,-0.010385075128073127,0.1391298904792953,0.15022012813956168,0.13220753948888342
2008-06-03,57009.343625712594,-0.005848753999331493,0.13955979500928056,0.15113838175611144,0.14045808596108972
2008-06-04,56980.43762045408,-0.0005071683717979919,0.1349082910539745,0.14828845408337266,0.13714072147446843
2008-06-05,58119.88748612924,0.019799893524253816,0.14004320489714037,0.14378451530085393,0.12871351137131218
2008-06-06,56266.23956290907,-0.03241320005282749,0.1822735750792823,0.15925177762740625,0.1649633158036273
2008-06-09,56402.46195776909,0.002418106526453483,0.18265035474480784,0.19931073198984675,0.24869252586812263
2008-06-10,56121.73579888654,-0.004989624399026327,0.17750802311690472,0.19346754784575307,0.2294704695242527
2008-06-11,55296.0587819337,-0.014821548663410993,0.18337065519134044,0.1885745035314409,0.21452307877323273
2008-06-12,55506.603401095614,0.003800357652366043,0.18403225268620702,0.19169835353362683,0.21854963230353266
2008-06-13,56208.42755239204,0.01256470823083073,0.18418044082629142,0.1864449975814206,0.20268977051367357
2008-06-16,56241.46111109677,0.000587524986419686,0.18410931841161077,0.18725131753017782,0.199998587600199
2008-06-17,55968.98568206162,-0.004856516881750251,0.1833249250298098,0.18156126174985235,0.18510179026722573
2008-06-18,55424.03044694633,-0.009784447924523324,0.1840645869382673,0.17704021830136252,0.17481251900764722
2008-06-19,55494.198855531926,0.001265227878002285,0.17653235793412164,0.1758128667952963,0.17387341938861478
2008-06-20,54593.45113958018,-0.016364557105055123,0.1836406721619834,0.1705278815996753,0.16151734776438917
2008-06-23,54539.51719094368,-0.0009884080649955496,0.17918076351363815,0.17715555222707247,0.18117313760486303
2008-06-24,54431.6230314006,-0.0019802343002063676,0.1756901779692086,0.1718016757642103,0.16840125090707836
2008-06-25,54688.8750978844,0.004715017755291595,0.1757498491950552,0.1667457865292828,0.15740082957156484
2008-06-26,53203.51174196463,-0.02753590409241368,0.19426314726340652,0.1627023249352499,0.1484840945439395
2008-06-27,52913.0729202007,-0.005473970876891619,0.1927047306396308,0.19065177964413807,0.21700846314009778
2008-06-30,53099.78890631788,0.0035225193616457125,0.19343175751597172,0.1860652468809357,0.20386698414159563
2008-07-01,53265.753322033706,0.0031206450308034336,0.19481443889865815,0.18091619785958263,0.18929364942060745
2008-07-02,52352.95560116423,-0.017285203674097263,0.20053393653053161,0.17582398983433048,0.17595873171292964
2008-07-03,52406.89830389075,0.0010298354853162674,0.1807928485491327,0.18323961978769487,0.19502028503464297
2008-07-07,51871.664485746864,-0.010265552269455268,0.15120639509095785,0.17770252797464672,0.1805999794689531
2008-07-08,52792.75232986886,0.017601237396905386,0.1684623133123375,0.1768526685697072,0.17976744196922936
2008-07-09,51776.2186422176,-0.01944297053467964,0.17792360844182134,0.18461983694309414,0.1940758535703245
2008-07-10,51987.84876854245,0.004079069470675632,0.17534898022558956,0.1943070126935536,0.21568572171427855
2008-07-11,51382.08324707698,-0.01172047701139502,0.17592031248581155,0.18905417489203405,0.20025658174097377
2008-07-14,50917.38113225468,-0.009085195392633227,0.16559247585892933,0.18887567406059963,0.19944437207068091
2008-07-15,50199.58952075491,-0.014197491555661213,0.1673502692323065,0.1864982454598666,0.19353957828715215
2008-07-16,51431.8590029522,0.024250955622266538,0.19829031982650977,0.18905665705048572,0.19982013352173528
2008-07-17,51946.332496604686,0.009953312851058521,0.20326837663992245,0.20613122080686122,0.23099196416599707
2008-07-18,52269.95807364877,0.006210672353146192,0.2054683095390535,0.20356470750824757,0.21994973715371657
2008-07-21,52299.01289843769,0.0005557064445892256,0.1995567264077392,0.19883533437154643,0.20568423067450547
2008-07-22,52892.33448093436,0.011280925464016368,0.20517471849321617,0.19279011900227838,0.19025049926924323
2008-07-23,53178.63699516207,0.00539833293744305,0.20662813010348194,0.1919950741274558,0.18684267792622827
2008-07-24,52074.96071836908,-0.020972522640634997,0.21680189556030363,0.1873259432038912,0.17533020640689853
2008-07-25,52062.53428758032,-0.00023865430692445274,0.19551564729203638,0.19908799725443638,0.2072473673927119
2008-07-28,51299.09009660655,-0.014772563400652026,0.20099414368463028,0.19302520556811778,0.19175536011757577
2008-07-29,52394.45436492196,0.021127737884652366,0.2160376910689792,0.19576215942429392,0.19990621254482668
2008-07-30,53327.98614801274,0.01766050881879295,0.22538299461960853,0.20681571279167416,0.2205171386941893
2008-07-31,52622.647229571776,-0.013314679038175509,0.22174185153883647,0.2119485916885629,0.22671214643431797
2008-08-01,52344.669854956686,-0.0052964681229812575,0.22258486011980078,0.21191356029600947,0.2251970345418778
2008-08-04,51859.21179268801,-0.009317533411082489,0.22203307307830958,0.2064874585603356,0.21099500263172022
2008-08-05,53257.43693651109,0.026604874375052247,0.2335096136049464,0.20344903714347606,0.20393622873301484
2008-08-06,53493.9374325935,0.004430872846505305,0.22162537299728435,0.2227335818871443,0.24245384097937508
2008-08-07,52697.33712565465,-0.015003403118203694,0.2290572785934949,0.21663443636479143,0.2246340602214383
2008-08-08,53676.4952259494,0.01841027505858575,0.2323723825886577,0.2179866833260017,0.22733633139429776
2008-08-11,54232.48936858469,0.0103049632967205,0.23008215886547675,0.22314087134440885,0.2342141972680325
2008-08-12,53668.20072565186,-0.010459502843188374,0.2267010949433754,0.2200226457819932,0.22329844441596775
2008-08-13,53344.59703383285,-0.0060479622061574536,0.21483603954871128,0.21716241138226738,0.2165935080446912
2008-08-14,53747.05319154106,0.007516142509752246,0.21378476321750506,0.21185608130673936,0.2041371401086353
2008-08-15,54008.43718851607,0.004851437429753879,0.21345891718056487,0.20747092397885467,0.19297961116899084
2008-08-18,53269.90276070494,-0.013768783068403158,0.22036463587835495,0.20203317620945266,0.18035495601240847
2008-08-19,52689.02074013207,-0.010964396782105153,0.22063934142199637,0.20306353775642813,0.18803913910517825
2008-08-20,52933.82449060204,0.004635440150902528,0.22039943445334997,0.20144083115330405,0.18752884309423437
2008-08-21,53025.11214137001,0.0017230764342429262,0.20634641129204662,0.19613411739400674,0.17530254739197446
2008-08-22,53792.679508744994,0.014371773973045671,0.211720619565592,0.190277081254238,0.1628762676949162
2008-08-25,52701.47781023591,-0.020493892204768504,0.21846763736811192,0.19275904555956522,0.1714708216065689
2008-08-26,52854.9895328929,0.0029086200921186476,0.20579476871312202,0.20316761771002442,0.20276701582676526
2008-08-27,53369.49366586048,0.009687185871984848,0.1987707627415318,0.1973027427683498,0.18802484210952053
2008-08-28,54016.73606585862,0.012054622634095048,0.19655240359194548,0.1949655213258712,0.1820146607776159
2008-08-29,53435.85842233075,-0.010811899049299321,0.199955762637815,0.19475114328161264,0.1814602699286201
2008-09-02,53103.933967944125,-0.0062310151140360665,0.198128791312321,0.1934420130582686,0.18167859864191818
2008-09-03,53058.298896650165,-0.0008597233285964698,0.17389842869644634,0.18910755134913462,0.1735274715547099
2008-09-04,51460.90507365107,-0.0305688935952816,0.20344008810957903,0.18337704757291698,0.1614685199685166
2008-09-05,51622.71129660559,0.003139322455691473,0.1981087489269487,0.2138656278770335,0.2382319441959423
2008-09-08,52689.02074013207,0.020445381679900808,0.2008699366693574,0.20770943455624089,0.2202053831111317
2008-09-09,51124.82242650315,-0.030136957703984366,0.22114648965421024,0.21650631115015956,0.23414100498657833
2008-09-10,51332.28560597669,0.004049762227343638,0.22060884335628067,0.24040593886780975,0.2826698981342542
2008-09-11,52074.96071836905,0.014364329554698891,0.22770205738507834,0.23361355096975933,0.2608807940657662
2008-09-12,52315.606276077735,0.004610492900144099,0.226456305545499,0.23328211087407663,0.25334444795154415
2008-09-15,49826.1531714755,-0.048754715452825954,0.28048565530374864,0.2268847970396896,0.23458517502901954
2008-09-16,50660.14219690589,0.016599441190733782,0.2871361239732112,0.2903940173571649,0.36351742596159786
2008-09-17,48382.292956358455,-0.04600555268204296,0.3252313868835041,0.28885143394006924,0.34662818854787686
2008-09-18,49817.88493344803,0.029240155992040183,0.3452703177879042,0.3323111287707549,0.4212944666068682
2008-09-19,51796.33554109221,0.03894534954632128,0.3759857540523666,0.3416610079740956,0.4214203819965378
2008-09-22,50623.70329718193,-0.02289949309727884,0.37881470816967755,0.36422715756394924,0.4473981566516769
2008-09-23,49471.91891866326,-0.02301469718609882,0.38045765373050705,0.36418465803005123,0.43349171920913765
2008-09-24,49630.50363648903,0.003200423341799439,0.3805208114151012,0.36425450263339637,0.4217152960027394
2008-09-25,50406.685028447406,0.015518168363273412,0.3836791153978739,0.3533770392881091,0.3872112141354703
2008-09-26,50431.74798818548,0.0004970914264411928,0.3798967191513351,0.34788491322340154,0.36592655582622974
2008-09-29,46479.797210805584,-0.08160314756158835,0.4704468836558242,0.3372924757948602,0.33604014610665106
2008-09-30,48403.61791965636,0.040556811735374045,0.4998240580149932,0.4556593416101192,0.5755686882263501
2008-10-01,48432.821563975696,0.000603154047389739,0.4999975060578607,0.46908220679346657,0.5772930772517696
2008-10-02,46675.95010596841,-0.036948670383167855,0.5048878758375858,0.45479812038295037,0.529076423665187
2008-10-03,46045.81319787675,-0.013592205044173094,0.5048564422140398,0.4637593542356452,0.5335863988173976
2008-10-06,43700.53557892112,-0.05227648211809099,0.5206225492348526,0.4527270310646329,0.49641547860892293
2008-10-07,41743.35741003474,-0.0458200231497701,0.531783422519209,0.48371939922517554,0.5522968528145078
2008-10-08,40691.754837748216,-0.02551484660066306,0.5316779217176482,0.5016865999005896,0.5759811716335242
2008-10-09,37849.88395401369,-0.07239757415195973,0.5636837983393279,0.4964184824239551,0.5501687525109277
2008-10-10,36931.79438572483,-0.024555097414221735,0.5590603394567368,0.5575800671706932,0.6636671093068347
2008-10-13,42294.208524781054,0.13557734585045647,0.7664305631724042,0.5489612426211178,0.6261124647401701
2008-10-14,41668.24731763071,-0.014910778833045393,0.7610533894440484,0.7491334565809162,0.9802262880927034
2008-10-15,37566.11137180286,-0.10363703285408092,0.822463902349677,0.7286223502356404,0.9023158820360375
2008-10-16,39131.0143896787,0.040813008782429626,0.8312608136115079,0.8132868450544108,1.030425143422684
2008-10-17,38897.32395649391,-0.0059899041002660705,0.8097061647703238,0.8043225548799865,0.972567520115585
2008-10-20,41234.24579652182,0.05834366438044678,0.8487046548230309,0.7801674023518543,0.8914492283331029
2008-10-21,40003.175624657786,-0.030310278167207653,0.8505522088038888,0.789689642031455,0.8841018776603214
2008-10-22,37824.82974836564,-0.055993082949439,0.8636455094032227,0.7746509451888461,0.8301207967835278
2008-10-23,38263.01134746089,0.011517909746242578,0.8619729183514356,0.7819741995631171,0.8306814042024585
2008-10-24,36322.531605294855,-0.05204541428299497,0.8705634362980177,0.7594738198243997,0.7633997410283592
2008-10-27,35033.04320217966,-0.036146546486737915,0.8398246341029603,0.7636415247056828,0.7654604301600817
2008-10-28,39126.85181987239,0.11051727099342239,0.9319199517857215,0.753601258386721,0.7341416361364822
2008-10-29,38843.06610652652,-0.007279396311635284,0.931078495510082,0.8476536209582132,0.9332153987967499
2008-10-30,40186.81892517662,0.03400947213674975,0.9389184193765685,0.8223179825161085,0.8558764278949992
2008-10-31,40407.9910096274,0.005488508251088732,0.9397147256037311,0.8081602023954837,0.807933509278932
2008-11-03,40524.8362262198,0.0028874636353538726,0.9243734939134982,0.7838309822026859,0.7404839316586395
2008-11-04,41901.95963604056,0.03341756887985367,0.9193461093401867,0.7600352691345379,0.6783908389474506
2008-11-05,40140.91247709194,-0.04293651971717631,0.9278472007144241,0.7482509007181228,0.6506128064173582
2008-11-06,37916.66015271507,-0.05700547810743045,0.913566750572988,0.7444199366274092,0.6494362288148947
2008-11-07,39168.57818997073,0.03248425120909271,0.9155937196712454,0.7550137101294362,0.6856591976348676
2008-11-10,38655.282121426426,-0.013191417383793775,0.7705531955096077,0.7428310616639808,0.6553732588551964
2008-11-11,37461.79325803449,-0.03136186404461074,0.7756971829378932,0.7220257550880576,0.6060748119902899
2008-11-12,35813.424368826934,-0.0449987616592939,0.7015012396057105,0.7105726178773728,0.5868225003949842
2008-11-13,38046.00183281642,0.06047319663183999,0.7207666391560463,0.7107988136242422,0.6017152436675124
2008-11-14,36147.27253449629,-0.05119450492290801,0.7421244798793026,0.7281585059635401,0.6541617021650784
2008-11-17,35667.35799973517,-0.013365568420645808,0.7053981941228373,0.733505001014494,0.6731391551261823
2008-11-18,36339.22784349272,0.018661885850965537,0.7055852369262808,0.7130559755172701,0.6223082485613491
2008-11-19,34010.64865125746,-0.06622414342118645,0.7162834697358357,0.6951314094747635,0.5798917535970632
2008-11-20,31485.92312942692,-0.07713311003714157,0.7566388596328639,0.7214749128630471,0.6621976674678737
2008-11-21,33184.37635618301,0.05253861230946461,0.7700479371444938,0.7610855266374495,0.7609852282085057
2008-11-24,35483.73658444139,0.06699529365020938,0.8003003583360557,0.7656578423621452,0.7609117889186399
2008-11-25,35746.65692421558,0.007382285029684058,0.6884047011745993,0.7867160609585497,0.7988662910282442
2008-11-26,37127.92539566259,0.03791264039670247,0.7045023059934611,0.7632894881338874,0.7327055268124996
2008-11-28,37595.3150161222,0.012510049442708691,0.6938761952600945,0.7545774982451554,0.7059759032267907
2008-12-01,34265.20008096892,-0.09274917775396758,0.7616262205809983,0.7332054753087804,0.6504101922841982
2008-12-02,35583.883374313424,0.03776255690376234,0.7782661061628787,0.7971218800715791,0.8119169189241954
2008-12-03,36439.37025631973,0.02375696943541435,0.7724276596034226,0.7866640808061822,0.7749223364714013
2008-12-04,35596.43236236251,-0.023404372286912705,0.7634290731604741,0.7682731185273478,0.7225879077862856
2008-12-05,36693.93700568872,0.030366118912346522,0.748875534285129,0.7504073366924495,0.6770935215328235
2008-12-08,37975.071818398734,0.03431840247398179,0.7500114394519677,0.7370662592416379,0.64437767349323
2008-12-09,37349.09748011338,-0.016621192247631904,0.7508160600961735,0.7269651242233086,0.6226410851359395
2008-12-10,37603.679549139895,0.006793158522812831,0.7430112622312793,0.7077758871892919,0.5796770947976423
2008-12-11,36698.11927219758,-0.024376398199065136,0.7298664098654557,0.6867223942601992,0.5324372183246312
2008-12-12,37136.27679754527,0.01186879536372181,0.6971917566763649,0.6725152971225583,0.510117474927326
2008-12-15,36618.813782149664,-0.014032157023139643,0.6739464374442277,0.6536590427120298,0.4722376946763277
2008-12-16,38342.305894896286,0.04599173303033724,0.6903132641167714,0.6360904692766368,0.44179840697879136
2008-12-17,37970.8961174574,-0.009733904493476334,0.6894627404664503,0.642119024283007,0.485104064605231
2008-12-18,37261.490924200414,-0.018859596194061932,0.646267774366627,0.6237070098879086,0.44913262482111765
2008-12-19,37101.18602768496,-0.0043114409379954866,0.5715466672029799,0.6091368941261031,0.42794203284052
2008-12-22,36625.79735746613,-0.012896099551055524,0.5510572143389992,0.5908180336665786,0.3937771247289957
2008-12-23,36247.18296393769,-0.01039117101121612,0.5017195783455873,0.5750100780436813,0.37032880161676895
2008-12-24,36457.51310789401,0.00578589120319246,0.5014848994554852,0.558955273843673,0.3463693144293113
2008-12-26,36667.86732559792,0.005753263687228789,0.48271741164525206,0.5423940481862478,0.31956726040058053
2008-12-29,36562.70225361975,-0.002872165132063834,0.4802483925859059,0.5263461769105786,0.2952302875841647
2008-12-30,37429.32871518132,0.023425930649749453,0.3451997206143528,0.5104337469050928,0.2724515628244881
2008-12-31,37963.59520637757,0.01417309229681648,0.3245120748224811,0.5031972969821259,0.28419661816631026
2009-01-02,39107.91672315096,0.02969724058788077,0.33013049653212534,0.4909707953360896,0.2732211728305649
2009-01-05,39061.61634101519,-0.0011846146634200074,0.3151657182803131,0.48982027843936443,0.30391191365066167
2009-01-06,39322.47509258878,0.006655935147998915,0.3003922565956884,0.47492071857956614,0.2797458889534757
2009-01-07,38144.52473898904,-0.030414012580702084,0.3000740649629182,0.4611795158797736,0.2598275272768149
2009-01-08,38300.16808256683,0.0040720566177067504,0.29358826308204033,0.4625057156331302,0.3018757928766129
2009-01-09,37479.81355234845,-0.02165180198838039,0.3036640954322489,0.4486953969538733,0.2783308812390071
2009-01-12,36579.54074578048,-0.02431339467348701,0.30359754526012916,0.44309837473908664,0.28833406270637396
2009-01-13,36646.83343579327,0.001837936391302763,0.30039662232481384,0.4398795901859189,0.3037791644180021
2009-01-14,35494.138631912145,-0.03195945059601039,0.3172460891198346,0.42653896204719977,0.2794556546007399
2009-01-15,35506.75546415892,0.0003553992534940301,0.2632920572423913,0.43181364382047344,0.3216059741401584
2009-01-16,35784.411125965635,0.007789382022203644,0.26542946085087976,0.41866114149347566,0.2956371609372103
2009-01-20,33895.47984290463,-0.054230687636169325,0.31800914798943636,0.40703552711503554,0.27509544316719153
2009-01-21,35359.50072734643,0.042285450439325,0.35917968438193176,0.4474423688408838,0.4115115542897877
2009-01-22,34812.606461290874,-0.01558754215116215,0.3603475896980165,0.4639265566110836,0.45000373113262726
2009-01-23,34964.04565313474,0.004340690618836412,0.35988375367952186,0.4538589071114805,0.4239046879081573
2009-01-26,35203.850818201136,0.006835208429158474,0.3601963309938934,0.44035612636557525,0.3895133769260773
2009-01-27,35561.4510186275,0.010106739746659111,0.3617273079947501,0.4277675939911716,0.35933526615579375
2009-01-28,36764.63065967576,0.033274045009763484,0.38213100487779855,0.41659387653691377,0.334576872078291
2009-01-29,35569.85056800532,-0.03303787473789996,0.38925644711437307,0.4241199370557862,0.3622669918711628
2009-01-30,34846.25280629728,-0.020552776950092236,0.38898881264684154,0.43079990180562133,0.3878665775632989
2009-02-02,34741.083357274096,-0.003022662883639327,0.3678424118987463,0.4252530795587915,0.37761200213676777
2009-02-03,35229.093236784705,0.013949308589772239,0.37429258064797405,0.41246565252916834,0.3474195746974427
2009-02-04,35056.607024001176,-0.004908155098669544,0.37169113139384874,0.4035620618721985,0.3284709771370386
2009-02-05,35578.2676255632,0.014770892954605578,0.3664796518523761,0.3917331210289135,0.3037387505168916
2009-02-06,36592.1663321173,0.028099191361684282,0.3826175303008682,0.38411771440273046,0.2912788180742672
2009-02-09,36642.62928405939,0.0013781143103932755,0.37582619394247907,0.3881131915836267,0.3126925797342904
2009-02-10,34964.04565313475,-0.04689203073173498,0.4019380815780154,0.3763278549377247,0.28752695562925207
2009-02-11,35170.1869650147,0.005878496072881449,0.40273935127403165,0.4078873580237988,0.3860114531960949
2009-02-12,35195.442514733295,0.0007178376997356465,0.38695366135584014,0.3961215325788403,0.35563428264233393
2009-02-13,34816.82374415983,-0.01081588932366211,0.3886837469785258,0.3840642181427679,0.3266488521632877
2009-02-17,33327.55168704444,-0.04371627799741702,0.41535287982671193,0.37473162954507555,0.30790589808743835
2009-02-18,33247.62027955982,-0.0024012388862144547,0.3697242605216095,0.40111643510988515,0.38599752815732535
2009-02-19,32890.02226765596,-0.010813856766045179,0.3336207157277119,0.3890088841928416,0.3548427407376217
2009-02-20,32570.292260672453,-0.009768744678139658,0.3314848043645008,0.379494878060599,0.3330152532880498
2009-02-23,31404.958739319507,-0.03643479047655254,0.35005110590283117,0.36988952096441685,0.3122787275159666
2009-02-24,32595.539056301048,0.03720963816533438,0.37946380476976393,0.38559158560195705,0.36136252397390795
2009-02-25,32338.915095776465,-0.007904133481360752,0.37604865138548826,0.4008672137758631,0.39532673541210084
2009-02-26,31813.041588390515,-0.01639498820893793,0.3498563756123032,0.3898685401851458,0.36645345025143194
2009-02-27,31102.05847040673,-0.022602312801445947,0.3415090137084924,0.3833299100783861,0.3514189590920382
2009-03-02,29701.141443901342,-0.04608852822913125,0.3663610161937489,0.3819025826934853,0.3510064098281443
2009-03-03,29478.18352508571,-0.007535029297211225,0.3658997327497782,0.4113584720349246,0.4246383440493231
2009-03-04,30176.538868210188,0.023414315573694503,0.3749345133801389,0.3999016231045356,0.39268671390022886
2009-03-05,28943.897337186896,-0.04170538210085035,0.39353808843719007,0.3982653260071305,0.3843693375986972
2009-03-06,28994.37560878651,0.001742484951829894,0.38548060798563283,0.4188044386295378,0.4327289196501161
2009-03-09,28653.61390052089,-0.011822291812148765,0.3578896745741108,0.4061024950728834,0.3970436255901767
2009-03-10,30361.630970627968,0.057900097279631996,0.43444008710286114,0.3964055411564942,0.37192269349475887
2009-03-11,30559.363979040078,0.006491479757874094,0.41419404805884114,0.44541859121803645,0.4796494902134299
2009-03-12,31762.552374178365,0.0386168456986015,0.4427336498838735,0.43258641272852943,0.44114181176130346
2009-03-13,32010.76584271261,0.007784281227585305,0.44467061878810726,0.4454784024809132,0.46211093592095814
2009-03-16,31914.004697157277,-0.0030273466338032037,0.4441187496242811,0.43296667720494303,0.42584276968906143
2009-03-17,32890.02226765599,0.030124405065031102,0.43455745971206705,0.41994179019196326,0.3913592293250551
2009-03-18,33626.23248456581,0.022137153831380412,0.4419209816584401,0.4236639411162422,0.39874109115258644
2009-03-19,33209.76102872952,-0.012462651466021905,0.4425224617640739,0.4196799697720889,0.3870401428377513
2009-03-20,32502.585939906083,-0.021524186048228897,0.44806733982661884,0.4097704281075784,0.36377392932921115
2009-03-23,34837.20545425773,0.06936628437293864,0.48973909057426324,0.40600744965107005,0.35901959438082814
2009-03-24,34150.81914071826,-0.01989936564486633,0.4821059775934087,0.4771835591325125,0.5217990801212672
2009-03-25,34510.947084639,0.010490008227114683,0.48134760155360834,0.4690726911965556,0.4936518712341967
2009-03-26,35214.30320168956,0.020175760519723505,0.47905051224943374,0.4566084177614151,0.45625282095325326
2009-03-27,34578.74970039567,-0.018213018152094255,0.4759298071764855,0.4495959734985317,0.4338324098401554
2009-03-30,33383.897387482524,-0.03516565329388477,0.46165298763702883,0.4416150621974749,0.413460602745502
2009-03-31,33693.20127324771,0.009222404790901634,0.4590363523186362,0.4494665434984841,0.4345872812417457
2009-04-01,34345.704881350146,0.019180896634044722,0.4572321407144792,0.4372470250132415,0.40179690099290033
2009-04-02,35349.90843320292,0.028818831041958377,0.42615054283612974,0.4304377004639874,0.3843990527282079
2009-04-03,35701.57336059317,0.00989895749182459,0.4250371992417615,0.4321082682430075,0.3897009510000494
2009-04-06,35421.93052035106,-0.007863624990192207,0.42251633214441126,0.420709045861196,0.3617471866173368
2009-04-07,34595.717315384274,-0.023601237158913133,0.39995150877094565,0.40903704545532993,0.3361079011209415
2009-04-08,34968.57151767708,0.010719804056386164,0.4002279849780167,0.40705619319752007,0.34065546744328007
2009-04-09,36358.31613678963,0.03897325592048159,0.40060631838110755,0.39685080627890873,0.3184327480584119
2009-04-13,36366.79228445516,0.00023310099875851524,0.4012456334446738,0.41353006978267287,0.36934120027102113
2009-04-14,35739.70836525927,-0.017393708565907388,0.408880553718955,0.40093330250686077,0.33916610605464104
2009-04-15,36121.0409037401,0.010613196266184169,0.3991473514307836,0.39455935380164453,0.3295355316074332
2009-04-16,36650.66991574626,0.014556160837007323,0.39564283871854417,0.3847591122624588,0.3083560476010704
2009-04-17,36896.4191079388,0.006682796288633661,0.3906859778501994,0.37730737216988697,0.29496346825974185
2009-04-20,35349.90843320294,-0.04281870114426272,0.41650993922134744,0.3667348600468732,0.27358230475152023
2009-04-21,36040.54923449396,0.019348870156931385,0.34429597504015647,0.39261485017066133,0.35989809214811685
2009-04-22,35820.20003450542,-0.006132691151676242,0.3362154108883684,0.3880183532237461,0.34820296470488493
2009-04-23,36171.89560121075,0.009770471644018931,0.33599501887522354,0.3769527949116161,0.3224561986620854
2009-04-24,36718.46596593543,0.014997335655601143,0.3328392230888923,0.3674386917736269,0.3011070438980425
2009-04-27,36371.02926402667,-0.009507229946080756,0.3271818583790839,0.3609865818008878,0.28936496165816294
2009-04-28,36256.61549593839,-0.0031506973168185194,0.2965681273098028,0.3519364876155018,0.27307835551112725
2009-04-29,37027.77860579064,0.021046542994622153,0.3021792723880596,0.3414349549580286,0.2525030451351524
2009-04-30,37040.476413370125,0.00034286774274876674,0.29758501204841814,0.3409995134544472,0.26162103930033465
2009-05-01,37239.64509254613,0.0053626502608225815,0.2826798676094609,0.33061398271538583,0.24103160073905683
2009-05-04,38506.52386965243,0.033453756010208335,0.30241834584983157,0.32121969189691746,0.22394493592403025
2009-05-05,38375.16874884562,-0.0034170748365676584,0.30055351282908904,0.3375096596505212,0.28263954415164655
2009-05-06,39040.3964267976,0.017186312606526716,0.28535382087070166,0.327497406570799,0.261311647727859
2009-05-07,38498.041156419386,-0.013989554922961202,0.2933506272826565,0.32447690621679576,0.2594506300622332
2009-05-08,39396.29395671436,0.02306438892214011,0.2735427552475984,0.3192604681599543,0.2544075788101068
2009-05-11,38659.04200309173,-0.01889105644883324,0.2852211658618841,0.32226532268857083,0.26877421218532244
2009-05-12,38544.66106284102,-0.0029630968307619568,0.27594730888808955,0.32096658200357864,0.2733430572173169
2009-05-13,37574.357724605325,-0.025495754252453054,0.2933057659363069,0.3114018732969391,0.25264388488688855
2009-05-14,37896.38130317507,0.008533785067150594,0.2906457884003128,0.31777565259626583,0.2796780637114492
2009-05-15,37587.06866331986,-0.0081955546889749,0.29203811397147816,0.30987675748932386,0.26147406806318474
2009-05-18,38654.831285790286,0.02801169543389476,0.2575010341620918,0.30212208682264563,0.24662584998783885
2009-05-19,38608.21575641367,-0.0012066708942342968,0.2520260199414841,0.31251411944303414,0.2783718047341855
2009-05-20,38349.76000255161,-0.006716827541654762,0.2523286717429734,0.3030300082606378,0.2565217738894873
2009-05-21,37798.91326485032,-0.014467917106457298,0.25881252040796016,0.29495712438944,0.24047649668970492
2009-05-22,37718.41065299165,-0.0021320311201796804,0.25468817036760977,0.29145265613893456,0.23932514582128148
2009-05-26,38684.47701165583,0.025290087274400172,0.26477759585805954,0.2826954200928599,0.22142280665293743
2009-05-27,37993.82745627477,-0.01801469758820689,0.27449769142686137,0.291191134559267,0.25042663525627906
2009-05-28,38523.467410893456,0.013843887566721108,0.2691256132296933,0.29088077229782633,0.2560567112507082
2009-05-29,39205.63425304146,0.017552868675185018,0.2746145552068005,0.2871109942203198,0.24821814807780126
2009-06-01,40154.74393932959,0.023920121400409652,0.2845942997655992,0.286609978868185,0.2492970490164028
2009-06-02,40188.63977590166,0.0008437742354302284,0.26213418172494135,0.2930320920474487,0.2672728406645949
2009-06-03,39680.18471914053,-0.01273242542277723,0.26679642524620567,0.284124098433278,0.24615800608987265
2009-06-04,40053.03892143333,0.009352611197750247,0.2621635114198732,0.279882272979101,0.24053606930768762
2009-06-05,40061.499749441326,0.0002112182927047861,0.2559659175637805,0.2737820449333034,0.22754544170089577
2009-06-08,39896.29256251255,-0.004132365770683921,0.24420262835731268,0.2654428115268472,0.21009075091929905
2009-06-09,40099.67633603502,0.00508486151349326,0.2333716882718849,0.25785749726615476,0.1963829731789108
2009-06-10,39997.962564048736,-0.0025397459414986537,0.23326119250110525,0.25078277355063194,0.18359179331550982
2009-06-11,40175.92446014213,0.004439405272120338,0.20973067172826718,0.24334339567369964,0.1713830025187151
2009-06-12,40286.08592900137,0.0027382248382275816,0.20883684313106485,0.2365608537158646,0.16070325710977096
2009-06-15,39362.40249718732,-0.02319503765242437,0.22566572368796586,0.22960126988789506,0.15007380355233205
2009-06-16,38828.55182526719,-0.01365526158222547,0.21069001594200634,0.24018419243187183,0.19899713016321252
2009-06-17,38790.4146320786,-0.0009826772501149484,0.21067133913446914,0.23884410813321716,0.2028996168114706
2009-06-18,39074.27913223468,0.007291257282574652,0.2104080230808303,0.2315994779954665,0.18801114712370337
2009-06-19,39218.305798350906,0.0036791946187916015,0.20249927150581598,0.22632683247606317,0.1784385858784561
2009-06-22,38042.2769675114,-0.0304455293689077,0.2325776831381811,0.21989787735478122,0.166491978993281
2009-06-23,38072.09777517739,0.0007835789045792253,0.21330068706810792,0.24386257889752538,0.24055386593065625
2009-06-24,38400.20106926864,0.008581023778344493,0.20558041829790535,0.2364531741410171,0.22187316648747335
2009-06-25,39235.3500116272,0.021515430683751037,0.213807859196415,0.231665368495678,0.21002057588878512
2009-06-26,39133.080354924416,-0.002609972262532878,0.20478718838487656,0.23968305821675068,0.22946605505254367
2009-06-29,39499.52218627479,0.009320421103845568,0.1879466287197049,0.23260285263762231,0.21274663486683318
2009-06-30,39179.94537586672,-0.008123556952590445,0.18958047994511829,0.228410420088689,0.20299306703152611
2009-07-01,39341.86977903655,0.004124322199598205,0.18546181891477959,0.22369363542470996,0.1950040287757063
2009-07-02,38268.10185080982,-0.027672641204743068,0.20509253529624555,0.2174711559859741,0.1816542249052456
2009-07-06,38263.84736305827,-0.00011118200436908752,0.20504379476147175,0.2367162870230301,0.23777198680028397
2009-07-07,37522.43283962932,-0.019566554144368267,0.21400113640214533,0.2295053624959456,0.21940947836154043
2009-07-08,37496.86651971487,-0.0006815931666266317,0.21205776592175682,0.2351617344525449,0.2355189778008772
2009-07-09,37569.29786057162,0.0019298005681615633,0.21287772530861052,0.2280131644372025,0.21747148918906672
2009-07-10,37479.80042121351,-0.0023850381638668336,0.21102867703868555,0.2211942852254276,0.20104189207965342
2009-07-13,38391.67458558549,0.024038496005354397,0.23186064293928227,0.21465625036764302,0.18697482459451528
2009-07-14,38608.981739290764,0.0056443085291729865,0.2198567057801673,0.22814414027188598,0.22102075867092597
2009-07-15,39738.14992623298,0.028826744642261204,0.23828005687459686,0.22228013875246308,0.20615240955055952
2009-07-16,39674.23193792436,-0.001609774209289001,0.23836515317114848,0.24291642250707926,0.2524019583285048
2009-07-17,40108.85062237996,0.010895116351281209,0.2399394329986686,0.23559937729980004,0.23306275595968304
2009-07-20,40534.9559542874,0.010567688095782828,0.2420792195539578,0.23231754221510392,0.22319173469882614
2009-07-21,40722.43354623666,0.0046144215501660035,0.2103332687046613,0.2289578467639046,0.21404523211911738
2009-07-22,40713.91143959851,-0.0002092949203636635,0.21052677057891198,0.22270685283364425,0.19911060606991002
2009-07-23,41613.00025549077,0.021842786129480693,0.21994587147362743,0.2159238386170028,0.18438654010039884
2009-07-24,41783.44676529874,0.004087626109383993,0.21003320814923737,0.22591941108124527,0.21133253508337888
2009-07-27,41906.99761484936,0.002952569799860983,0.20893655781436804,0.21961293412664898,0.19633528322212165
2009-07-28,41710.98040808192,-0.004688407217182832,0.20960954670534995,0.21323194303886425,0.18223531458570444
2009-07-29,41608.715128424126,-0.002454769676067703,0.20666380176173427,0.20753829770233195,0.17208288629919904
2009-07-30,42043.36445219479,0.010391928987388707,0.20830414081755663,0.2014421203029011,0.16100893468581487
2009-07-31,42103.00169048178,0.0014174646156712794,0.17360046046942124,0.19944180616398907,0.16026378555490176
2009-08-03,42797.55119296844,0.016361848625340732,0.17725999252073732,0.19344454294954808,0.1492801625863062
2009-08-04,42908.32982517434,0.002585089671361684,0.15105192736216919,0.1980487826081571,0.16693061461252168
2009-08-05,42784.80086084878,-0.002883056060646888,0.1526734470227147,0.19227834856474732,0.15559935879281686
2009-08-06,42563.21295712188,-0.005192584846500904,0.15757537697214807,0.18675755179478457,0.14663556442666673
2009-08-07,43121.391245218096,0.013028855982187868,0.1558749270504603,0.18219044919135297,0.14144202586906893
2009-08-10,43031.91569108504,-0.002077124825144561,0.14523978729366951,0.18376178776777177,0.15077025708012068
2009-08-11,42495.01859583664,-0.012555206203527715,0.15905134935312407,0.17834664395997005,0.1417044093753295
2009-08-12,42950.95348950013,0.010671988621136084,0.13370526759114965,0.17967328102311525,0.15412817899161307
2009-08-13,43279.02614427629,0.007609284825342193,0.13267884098231358,0.17907421845892585,0.15510659066690896
2009-08-14,42946.66398538848,-0.007709159635408253,0.13687186719030503,0.17612208138912827,0.15010183533165805
2009-08-17,41889.957778618096,-0.024912846314472156,0.16693317221686657,0.1733679531257309,0.14876900283787967
2009-08-18,42222.30680637088,0.007902551643317764,0.16811303497660782,0.19400331698827095,0.2055213846481725
2009-08-19,42593.020633652886,0.00874172627115633,0.16968329130105253,0.19058672214540825,0.19468533777296765
2009-08-20,43031.915691085065,0.010251660792456246,0.15640634447836774,0.1878811793262554,0.18630604233507594
2009-08-21,43875.57798599175,0.019415789414556153,0.16853403735020608,0.18646832737292748,0.18152451682136445
2009-08-24,43871.327875285206,-9.687203595731975e-05,0.16875918145739535,0.1959184544925478,0.20108267272708685
2009-08-25,43956.5489416667,0.0019406388089029572,0.1667518363045572,0.1899503625979083,0.18615104729609266
2009-08-26,43960.79905237325,9.668423369998928e-05,0.1659656896104226,0.1843182436718892,0.17271159413454565
2009-08-27,44058.80546723447,0.0022269233291560206,0.16349112854762485,0.17870356289853073,0.16049419546395682
2009-08-28,44050.28336059632,-0.00019344443979853423,0.16371169266608032,0.17347578650717269,0.14968392537917147
2009-08-31,43658.27958637648,-0.008938839521024344,0.15938408999644776,0.1681926972130024,0.1398435787420013
2009-09-01,42695.28591331065,-0.022304431560762877,0.1793304709390398,0.16673208303747347,0.14289467619070073
2009-09-02,42533.38777241088,-0.003799151825996553,0.17953830920047645,0.18344924582013203,0.19073845935628375
2009-09-03,42887.03112414651,0.00828011327483777,0.18102667385848947,0.178473089259874,0.1787698716266974
2009-09-04,43487.84183065852,0.013911925449756066,0.18187028575239958,0.17600601224199314,0.17170586665334853
2009-09-08,43862.79701455703,0.00858511149618932,0.18385339004134071,0.17901334981159597,0.17734030644533186
2009-09-09,44199.41803824144,0.00764511006318866,0.1780549650673156,0.17674116451432859,0.17093508864025095
2009-09-10,44651.09406710834,0.010167187763678346,0.17773634111802428,0.17391642309732433,0.16392250661690083
2009-09-11,44642.558829335154,-0.00019117232910331047,0.17658995928855845,0.1731908978548251,0.1622622045693397
2009-09-14,44859.87473713046,0.004856098905740781,0.17345569496611662,0.16791645083877038,0.1511385007800959
2009-09-15,45047.36983725977,0.004170862377634991,0.1408674580401304,0.16389244536242897,0.14306758517149526
2009-09-16,45729.11648308665,0.015020618032895108,0.14590450059330212,0.15972513438347297,0.13528226899895213
2009-09-17,45660.94838407148,-0.0014918057396392792,0.14600542515264683,0.16550755332573863,0.15211312214979975
2009-09-18,45690.051356355536,0.000637168139404351,0.1440648642553834,0.160570341342964,0.14253625294663178
2009-09-21,45574.45359759153,-0.0025332481810221735,0.13139770480502022,0.15569843581235115,0.1333211284358617
2009-09-22,45839.91262347261,0.005807834874022244,0.1318786375442919,0.15127628041536928,0.12659180912253307
2009-09-23,45458.86896996257,-0.008347227845329711,0.13709448259895513,0.14839627400207991,0.12271545078341842
2009-09-24,44957.96431584691,-0.011080011551703642,0.14435504933975535,0.14749125813244082,0.12753155182028453
2009-09-25,44718.19416714063,-0.005347479734305506,0.146079278546677,0.1493475235498315,0.13880650484303267
2009-09-28,45518.80822435539,0.017745160958697576,0.15795020036884813,0.1462831718975652,0.13490373010853673
2009-09-29,45381.80233843823,-0.003014412968472081,0.15403915413310382,0.15772123619802483,0.1612729674337561
2009-09-30,45206.27407937143,-0.0038753108727309655,0.12711166894026307,0.15336498861342468,0.1517958404110452
2009-10-01,44084.56437712947,-0.025126177211604504,0.16016916601749148,0.14945448547293574,0.14425454715662248
2009-10-02,43879.06211382126,-0.00467244576829821,0.15980770008055836,0.17476291176072728,0.20374882759757135
2009-10-05,44534.09565394057,0.014817828974418879,0.1607969927363942,0.17041023108740486,0.19121272021577607
2009-10-06,45172.0237021534,0.01422286030461977,0.16541547698089015,0.17497753297808177,0.19553916100272928
2009-10-07,45296.19609209569,0.0027451069160182983,0.16389705893722178,0.1784341052701816,0.1976579706296969
2009-10-08,45642.95872907263,0.00762629294961173,0.16229887024922673,0.17332727592995642,0.18334764956109897
2009-10-09,45921.260005018594,0.006078840332662995,0.16316177431395962,0.17064345375671214,0.17477208422009094
2009-10-12,46101.05588297198,0.003907663157704139,0.1629308165814113,0.16712497055868988,0.16528492322040514
2009-10-13,46006.88375954118,-0.002044821686594028,0.16300477061774962,0.16274455532294174,0.1548555203094884
2009-10-14,46798.914431487625,0.01706897450653268,0.16547601836090534,0.1579869110447552,0.14532596988449578
2009-10-15,46970.157563487766,0.003652447842928702,0.16539166724075116,0.16693556411151608,0.1663539064180142
2009-10-16,46619.10979944419,-0.007501915984830723,0.1683944368006692,0.1624719670744016,0.1556403385204092
2009-10-19,47004.42982593087,0.008231310279918837,0.16972320660658138,0.16020064382139357,0.1530682220473314
2009-10-20,46756.08942309128,-0.005297346592573929,0.1705990557592666,0.15858385502338201,0.1493763279702949
2009-10-21,46336.53215052161,-0.009013820992254937,0.17109859863870358,0.1551264141568768,0.14397676146495478
2009-10-22,46807.48030857588,0.010112344505199107,0.16783148920567165,0.15443068515192337,0.1464663257098361
2009-10-23,46272.34716246727,-0.011498496649738133,0.1727586274556983,0.1548033272825472,0.14749473950299308
2009-10-26,45771.3943608565,-0.010885210438211739,0.1673150940546964,0.15660562939616074,0.15561957122012476
2009-10-27,45561.63323275172,-0.004593332826879839,0.16782012151029282,0.1576240444858271,0.16053043229012237
2009-10-28,44701.07554409914,-0.01906842317045002,0.1808689284348055,0.15386237837014674,0.1527899067947395
2009-10-29,45660.10799142921,0.021227443500652844,0.17199614231207433,0.1665860666251242,0.18439830476622637
2009-10-30,44337.15926772062,-0.029401871117978033,0.20372754987342054,0.18138081603224318,0.20922946194405515
2009-11-02,44662.557547994526,0.007312376754861969,0.19841363737393794,0.20975187050573005,0.2628478747977127
2009-11-03,44803.822298708255,0.0031579430922294197,0.19177674153607682,0.20534014624360647,0.2451801626205769
2009-11-04,44919.42005747227,0.002576764273998291,0.19174094494573962,0.19946299631996955,0.22651062820346574
2009-11-05,45745.71423777177,0.01822789024751356,0.20110414872257032,0.1936459402219291,0.20939424868256573
2009-11-06,45865.58399246737,0.002616922266570782,0.2001149215398942,0.2006801824188051,0.21924881299362106
2009-11-09,46910.24894841007,0.022521147526043034,0.21533868161991943,0.19483256787509426,0.2028287459745183
2009-11-10,46918.79294027328,0.00018211828054174047,0.2150838155134673,0.20820912869797215,0.22727261730454748
2009-11-11,47158.54995784455,0.00509703036360229,0.20726313118298392,0.20186748198471288,0.20984603145622768
2009-11-12,46679.04467679206,-0.010219986062745979,0.21018946893119445,0.19671874544641907,0.19568045770313675
2009-11-13,46931.64394442819,0.005396817061153484,0.20932153144684712,0.19482203269155107,0.1924440796317245
2009-11-16,47612.37073876729,0.014400458036118663,0.21351201222869462,0.19004911614828435,0.18033257874962325
2009-11-17,47668.024866093474,0.001168217938271443,0.21235670066830398,0.192579929415211,0.1856015947679161
2009-11-18,47638.046484807055,-0.0006290970102993585,0.2091926484974882,0.18676841870616465,0.17209434112451635
2009-11-19,47017.25894486076,-0.013116991972664603,0.21256267702521758,0.181095222548063,0.1601023688993974
2009-11-20,46850.30531697225,-0.003557220329544767,0.20858620962973182,0.18283662019825803,0.17011312257098607
2009-11-23,47445.40397974375,0.012622134517684227,0.20807757093932844,0.17780551625149704,0.1601538704265213
2009-11-24,47518.18548420145,0.0015328299850281702,0.20671442524078104,0.17923952104155305,0.1646761563710297
2009-11-25,47685.14786617998,0.0035074938507755195,0.19098296654485086,0.1738813475148775,0.15326828285535093
2009-11-27,46910.24894841007,-0.016383804657920935,0.19064054340557246,0.16913501598145259,0.14384778153567687
2009-11-30,47068.64545330033,0.0033708984530266047,0.15212678783418293,0.1759229994225468,0.16830600480920635
2009-12-01,47650.89311191692,0.012294295375543182,0.15500516780111265,0.1710665821332466,0.15721839710449959
2009-12-02,47629.4937388538,-0.00044918737486757864,0.15555781484273304,0.17260745185812815,0.16146696471744762
2009-12-03,47257.02471652204,-0.007850871578468732,0.16031655462800848,0.16735824820581893,0.15048882628079432
2009-12-04,47526.73385310966,0.005691056539751838,0.14987834892161594,0.1651066181539625,0.1493786311453918
2009-12-07,47453.94797160695,-0.0015326463098022374,0.15034172203932536,0.1615991710367615,0.14243012536571886
2009-12-08,46927.37194849656,-0.011158595522854253,0.1352609447554394,0.1567895133808762,0.13391796464581676
2009-12-09,47102.89145347335,0.003733259962934576,0.13590383822709823,0.1580842494904673,0.14398233639763977
2009-12-10,47368.33297117438,0.0056195358502611975,0.13616616649804061,0.1539542888574505,0.13573743730789609
2009-12-11,47569.54573037094,0.0042388362416882945,0.13103612082338384,0.15085517864400066,0.13039994135042046
2009-12-14,47894.93087950981,0.006816910766273204,0.1317709342531061,0.14718532517364075,0.12415986023671781
2009-12-15,47672.30561611507,-0.004659037432948527,0.1231818051791687,0.14514247919992118,0.12221538061855523
2009-12-16,47745.1002517078,0.001525814898309165,0.12323089344308454,0.14188221578056218,0.11956042460753256
2009-12-17,47171.40533904444,-0.012088559211098379,0.13059962738524422,0.13768780049592225,0.11291149006541798
2009-12-18,47438.26064228432,0.0056411997263192595,0.12332032132737467,0.1415273455193027,0.1311086037847525
2009-12-21,47920.348379893854,0.010111134164686507,0.12692727668510537,0.13895810861321237,0.12639931229496612
2009-12-22,48092.51944543651,0.0035864203202515526,0.11993564569352343,0.14034453430018412,0.1310237044382511
2009-12-23,48187.21243722374,0.0019670395932377405,0.11998661632898537,0.1367818433106081,0.12413720126788161
2009-12-24,48415.33526915341,0.004722924216563407,0.12044064151523703,0.13283530886278963,0.11710259931024519
2009-12-28,48518.65103961406,0.002131673595968042,0.10200717883352531,0.13009140264730032,0.11306401932112481
2009-12-29,48449.786990442,-0.0014203396929567183,0.10237440681382891,0.12640036561993037,0.10736572360854853
2009-12-30,48432.55456423018,-0.00035573926304884474,0.09410944206297578,0.12267408788963129,0.10285614872071354
2009-12-31,47967.72113805753,-0.00964389417813558,0.10114250329101823,0.11894498464239556,0.09829545694108947
2010-01-04,48781.221215787285,0.01681711924456961,0.11192984733933087,0.12126527036403037,0.11235861417954701
2010-01-05,48910.34404363803,0.00264348109686423,0.11096646678738481,0.13453297069464845,0.14238837596944892
2010-01-06,48944.78263379157,0.0007038689283779308,0.11045601897927329,0.13083895228643042,0.1336398368877981
2010-01-07,49151.40104357782,0.0042125739777218165,0.09998562827091258,0.1268825932627774,0.12536311521990678
2010-01-08,49314.98434680719,0.0033226253421458143,0.09991898823846526,0.12410301008038033,0.11970910317625778
2010-01-11,49383.83088779917,0.0013950836591996385,0.09917702943731171,0.12101399114364454,0.11394974099650237
2010-01-12,48923.29134278318,-0.009369471990980876,0.10673041866408178,0.11745275780762095,0.10791353673552453
2010-01-13,49336.49314599558,0.00841044463982346,0.10794547463586605,0.11956078294788856,0.11869961221475413
2010-01-14,49469.90985500298,0.0027005697209907557,0.10552571269345078,0.12044341378856364,0.12076109061279111
2010-01-15,48914.6554329747,-0.011287549337589634,0.11538976627886524,0.11724542759113342,0.11445442938423973
2010-01-19,49525.874752525,0.012418201591236515,0.11062122136109628,0.12185286815130644,0.12957268229350336
2010-01-20,49022.256330502,-0.010220849461494487,0.11856804567048587,0.12762803593724145,0.1397493916493432
2010-01-21,48079.60716265142,-0.019416286115051043,0.13568586109935232,0.1299657761532999,0.14601385933403405
2010-01-22,47007.81328172504,-0.02254429176921675,0.15698142652134423,0.14689369744943084,0.18108264703242655
2010-01-25,47248.87465870984,0.005115008978829184,0.15820093069304084,0.16723563804088443,0.21709834239749523
2010-01-26,47050.84838828194,-0.0041999394085039405,0.15709907181675276,0.16335630524687492,0.20221259540101633
2010-01-27,47274.69484723499,0.004746262178630303,0.1581557194013262,0.1592195798905598,0.18939010796347225
2010-01-28,46732.33957685676,-0.011538738377004901,0.16228340957419007,0.1554684226905239,0.1770559130817107
2010-01-29,46224.444781857135,-0.010927655310462867,0.16534160429255476,0.15726830251084,0.1796899214845536
2010-02-01,46943.25624484469,0.01543079238807615,0.1743482778299623,0.1582872522757188,0.18045854374597642
2010-02-02,47511.42732670305,0.012030699026028643,0.16856372618543305,0.16477796092719052,0.18841142100667738
2010-02-03,47274.694847235005,-0.004995097726636787,0.1683629141929889,0.16646652556893604,0.18679923423952982
2010-02-04,45815.51935162136,-0.03135227548400768,0.1981138955996996,0.1625598259919383,0.1764742758620844
2010-02-05,45910.21234340859,0.002064699265449496,0.19717762170723135,0.1992550844939149,0.2504616222906299
2010-02-08,45578.78687215332,-0.007245175351721124,0.1959555854458264,0.19335172530570954,0.2309987480396331
2010-02-09,46151.26496630338,0.012481962351519976,0.2037551802401903,0.189566568503088,0.21838252360489943
2010-02-10,46060.87460976285,-0.0019604877602333484,0.20256274690775114,0.19009219223488008,0.21322979997806582
2010-02-11,46542.95359328236,0.010411736702848859,0.20417797567057638,0.18445881101504527,0.19774211580095918
2010-02-12,46504.21674492715,-0.0008326282347399964,0.20327244155095345,0.18336472455819092,0.19166769181806825
2010-02-16,47235.96675296984,0.015612618720899904,0.2111601143597425,0.17780817506120383,0.1778153594473968
2010-02-17,47459.79132669783,0.0047272442838217155,0.20601990598771405,0.1827685987935066,0.18679403803849914
2010-02-18,47739.56766681279,0.005877710701762146,0.2055598414933317,0.17815157383826677,0.17471548226070288
2010-02-19,47838.58517907176,0.0020719703140243,0.19432221060679153,0.1742299119260631,0.16501455741196563
2010-02-22,47847.17294138509,0.00017949927983184502,0.17558372472672004,0.16911419088659801,0.15369790489586788
2010-02-23,47266.08957674164,-0.012218918350223356,0.18074977832978223,0.16396377695072123,0.14337351892044636
2010-02-24,47700.84832663761,0.009156066243071068,0.1828214310338313,0.16591720424190018,0.1544223661282092
2010-02-25,47636.25189635212,-0.0013551165290215238,0.1823063198498382,0.1647554879366384,0.1522204926867956
2010-02-26,47666.38785125898,0.0006324264677475094,0.17678738734563035,0.1598232587264153,0.14255889471758362
2010-03-01,48161.39224869858,0.010331217100802592,0.1738617294775834,0.15497391081172313,0.1333415818822424
2010-03-02,48294.84397406608,0.0027670955397965558,0.1665967678340514,0.15553043765680055,0.13719397658573387
2010-03-03,48337.86157244293,0.0008903321287590485,0.16180984112110802,0.15117574243070733,0.12907234672380796
2010-03-04,48484.216826505486,0.003023181653441953,0.16045773373345973,0.1466112010930798,0.12128901732850109
2010-03-05,49177.22123210293,0.014192214477958437,0.11171064689518176,0.1426300977834655,0.1151243407481281
2010-03-08,49185.83963373134,0.00017523654865145272,0.11224176344007668,0.14888988769267672,0.1345868603727701
2010-03-09,49267.6203427335,0.001661307339140248,0.1052229974159397,0.14435571010656664,0.12625810341166135
2010-03-10,49487.1422812148,0.004445806849674093,0.10027114427252835,0.1401070558613094,0.11889420401661414
2010-03-11,49693.751936911016,0.004166325705982193,0.09819139228371436,0.13693442838815634,0.11429914667409986
2010-03-12,49698.05019511271,8.649120173231348e-05,0.09577469064842863,0.13374764468215194,0.1099915424236095
2010-03-15,49710.962477897774,0.00025978092952504,0.09522955418849897,0.12967358874940108,0.10443253876621163
2010-03-16,50106.94936307841,0.007934226537515679,0.08550238638891315,0.12572726686087551,0.0995007260973023
2010-03-17,50403.96688349521,0.005910171672484765,0.0859304990662193,0.12574075866514628,0.1040636764020308
2010-03-18,50378.13356383504,-0.0005126569125130286,0.08609512401309466,0.12405739655410625,0.10364626501004197
2010-03-19,50123.14442962239,-0.0050743569922374445,0.09040452355863374,0.12029462654706656,0.09905498248125691
2010-03-22,50391.10274820525,0.0053317606387562515,0.09062671213217409,0.11828725933365991,0.10082114802437402
2010-03-23,50745.51208281796,0.007008555426039232,0.07292632443268564,0.11654265129404058,0.0999562897410246
2010-03-24,50499.14135023373,-0.00486684897481938,0.07557231927898773,0.11623231184013687,0.10234514388410829
2010-03-25,50417.04987103574,-0.0016269242093214416,0.075778809880491,0.11426937003059658,0.10313602569866544
2010-03-26,50386.78260477852,-0.0006005181831567921,0.07637850461363561,0.11096873637735596,0.09933085493780706
2010-03-29,50706.61328379731,0.0063274508346569626,0.07234057791332399,0.10761351881604385,0.09532211597234587
2010-03-30,50741.205070526266,0.0006819621876692236,0.07264511335022358,0.10719693639799403,0.09714691117981596
2010-03-31,50568.32492369166,-0.0034129131712109084,0.07543893705627093,0.10396510990616445,0.09306545360762229
2010-04-01,50914.07646327085,0.006814046034747366,0.07713169548972623,0.10166777677811137,0.09284918538119963
2010-04-05,51329.002822217946,0.008116512916341629,0.06723967896899179,0.10206956805121756,0.0961443386694713
2010-04-06,51450.01498566166,0.002354803965701324,0.06683833389356675,0.10387096312964489,0.1018383608525692
2010-04-07,51156.12705242837,-0.005728482351422776,0.07260084605699514,0.10112204656033476,0.09761837095364848
2010-04-08,51333.31858859968,0.003457755315309029,0.0722215707644521,0.10054003538134439,0.10104081662494745
2010-04-09,51670.451726550455,0.006546058280961273,0.07372046413748631,0.09840008433705606,0.09776025383252318
2010-04-12,51752.54758279346,0.001587574795433431,0.07340900844556424,0.09873969461384623,0.09958856186549775
2010-04-13,51791.44638181414,0.0007513482793394458,0.0732728084231742,0.09593051656331077,0.0953208267912288
2010-04-14,52379.270395775886,0.011285902055243723,0.07767627708435543,0.09305396162484883,0.09146845864119683
2010-04-15,52422.48496117826,0.0008246916801046691,0.0765593676669138,0.10032624659512832,0.10771588259653117
2010-04-16,51588.32085394737,-0.016040294772524822,0.0995947310272698,0.0973227505262109,0.10234567246187136
2010-04-19,51782.8192260957,0.00376311224819959,0.09713589467864384,0.11310904241658536,0.13914841611781212
2010-04-20,52245.2759168269,0.008891054605164121,0.09972273079206057,0.1106352144498145,0.13147002435667976
2010-04-21,52150.1846139436,-0.0018217521853682726,0.09853248292963553,0.11269867132266577,0.13237249926829034
2010-04-22,52305.771055936246,0.0029789887241156244,0.09585011005352372,0.10949479921857928,0.12517259826370333
2010-04-23,52647.21996026874,0.006506724690721382,0.0963877547323848,0.10678925472488465,0.11852658963459187
2010-04-26,52448.42332991873,-0.0037831609613775603,0.09824273744979142,0.10658260044759311,0.11689527885233986
2010-04-27,51207.98628172926,-0.02393477200387053,0.13312013682070611,0.10437749640032341,0.11368687974910813
2010-04-28,51596.95238671083,0.0075671065236770875,0.13547316484915958,0.13748755038175567,0.18114207324354634
2010-04-29,52236.63125292841,0.012321388448662911,0.14035265090248378,0.13650803920877438,0.17275362150486084
2010-04-30,51350.60353935164,-0.017107307169349568,0.15367166468447194,0.14075455685570476,0.17431958048219542
2010-05-03,52016.20764317467,0.012878665713736559,0.1577089072154237,0.15181618205229191,0.19320880766082618
2010-05-04,50793.05116869214,-0.023795798253045605,0.17976778747686178,0.15547690377390178,0.19265514714210685
2010-05-05,50490.49230929028,-0.005974509757308328,0.17986220235735825,0.17687349312411582,0.22986619980401987
2010-05-06,48813.54131615508,-0.03377728709915239,0.21391025038612285,0.17305167866956522,0.21587277455064463
2010-05-07,48087.42456504269,-0.014987060978584552,0.21546080039649598,0.21307406212973257,0.28513386784896094
2010-05-10,50205.27092518052,0.043099320320112475,0.2717368160125682,0.21464541920704364,0.27838482021175504
2010-05-11,50062.61865119802,-0.002845424808144929,0.2716383889256731,0.2671974438082353,0.3576888163920021
2010-05-12,50762.79265652494,0.013889063319674958,0.273439815134577,0.25929370171131905,0.32921613426894203
2010-05-13,50131.77596238588,-0.012508600421781223,0.27597697266035326,0.2571302593052515,0.31228283274630625
2010-05-14,49224.1344005404,-0.01827101796418003,0.27756610937315723,0.2539975671402797,0.2976260781008848
2010-05-17,49250.06401519084,0.000526627597215559,0.2768582414605733,0.2563033151166691,0.29592346131101277
2010-05-18,48580.14852203111,-0.013695686581724268,0.27613260535048,0.24850372091619527,0.2722356504581928
2010-05-19,48303.53240841472,-0.005710288102259346,0.27613859737371577,0.24674873745275444,0.2647991722422589
2010-05-20,46479.63963718538,-0.03849033329310199,0.30071490928146305,0.24025999835270956,0.2468893551109952
2010-05-21,47158.19979424359,0.01449354319771797,0.3063701669965316,0.27687856877337075,0.32468472431851375
2010-05-24,46553.11271475495,-0.0129140329502515,0.30740212415122026,0.27429580162103,0.30919617051894754
2010-05-25,46600.62553835903,0.001020094922978002,0.30074120163883067,0.27063904366324454,0.2955581813580608
2010-05-26,46319.70678949595,-0.006046461472609894,0.29722964982268635,0.26242426757766657,0.27190279270565754
2010-05-27,47871.33860689573,0.032949463252427744,0.3215602980969745,0.2555137746766529,0.2535814166619089
2010-05-28,47270.5585396988,-0.012629305711373374,0.3195933314752136,0.27890023071220604,0.3010032863627437
2010-06-01,46475.3063626236,-0.01696653510650732,0.3160541305653737,0.27482694324727797,0.2879213258528364
2010-06-02,47685.45425933081,0.025705283664210706,0.3269767420337956,0.27450054847120364,0.2848544724581894
2010-06-03,47849.72038158201,0.003438864999201023,0.3276074976262099,0.28428899655313095,0.3005458793476997
2010-06-04,46168.44486797506,-0.03576872102341739,0.3301803327453957,0.2759525784076927,0.27688600560256865
2010-06-07,45593.62067769863,-0.012528743898478635,0.3290889499559883,0.3015383644269276,0.3337782141240874
2010-06-08,46081.99822899025,0.010654570476942208,0.2866679486851348,0.29638360243767947,0.31659563146669784
2010-06-09,45835.63625049605,-0.005360507150212726,0.2866394620787342,0.2903257926393519,0.2968302880263025
2010-06-10,47175.48474499556,0.02881249402380315,0.30366510738805963,0.2822520073930547,0.27544518213750036
2010-06-11,47404.539887512765,0.004843635666732369,0.30320864676784537,0.2956995777681538,0.30270907071332404
2010-06-14,47331.06680994319,-0.0015511188424723334,0.2976488139947434,0.2873093685708593,0.27944146012692755
2010-06-15,48407.26837519651,0.022483091999307078,0.3100288304215224,0.27862205787371247,0.2575943870588294
2010-06-16,48389.98342444456,-0.00035713722475198064,0.3062991130952431,0.2839285758506829,0.2696614892301189
2010-06-17,48467.76351430584,0.0016060688801624728,0.30565248718337645,0.2752824704265064,0.2484204101415281
2010-06-18,48520.323070808605,0.0010838354172865222,0.2693934705092814,0.2669693121058304,0.22907132651401835
2010-06-21,48381.36064577114,-0.0028681136378085697,0.2658672423694964,0.25887065929140474,0.2114565692612834
2010-06-22,47582.30481658062,-0.016653684352585445,0.26883019023005805,0.25123207481159726,0.19665336558025584
2010-06-23,47434.65395719454,-0.0031078868475206654,0.269244127090935,0.2520396031407103,0.20907638479270685
2010-06-24,46648.6592303195,-0.016708871886981187,0.27547389198779093,0.24466010574546238,0.19467117311939616
2010-06-25,46844.076781920325,0.004180385440043249,0.24786977942116087,0.24594379778067083,0.20767803958798617
2010-06-28,46696.41716844423,-0.0031571297069223265,0.2442727699598934,0.23900477396460912,0.19309713382917318
2010-06-29,45254.6579349329,-0.031361838933138916,0.2617740375399499,0.23204868707914467,0.1803526379051822
2010-06-30,44824.74019682007,-0.009545379106156616,0.24269715446107656,0.25590486415193425,0.25280750725058876
2010-07-01,44624.98499361246,-0.004466319708465604,0.24149438963454917,0.2508699048760136,0.240824172194037
2010-07-02,44381.8095038869,-0.005464214190656536,0.2096233980506474,0.24384663327516362,0.2242601319262079
2010-07-06,44672.74293173718,0.006533848184435892,0.20780553403309857,0.23737092743906393,0.21032825079721768
2010-07-07,46079.75718194413,0.031010209068758267,0.2338971846594574,0.23153779450403983,0.1973926836348599
2010-07-08,46535.74022310274,0.00984687743000976,0.23550031986043315,0.2548196562906153,0.25528359411093043
2010-07-09,46883.13315456138,0.007437352222532111,0.21286206774122368,0.25000624801068955,0.2412575332933707
2010-07-12,46913.54048625899,0.0006483669747025243,0.212033982524953,0.24410917112619784,0.22595062900530416
2010-07-13,47621.39620558178,0.014975816847787884,0.21897073578900736,0.23668605012509827,0.2086186148506407
2010-07-14,47617.05417692998,-9.118226173086422e-05,0.2027043626845725,0.23674904119995843,0.2102862503963353
2010-07-15,47630.07588584037,0.00027342994970943805,0.20273593680656607,0.22953698549325563,0.1944821629536898
2010-07-16,46318.61252824295,-0.027920529285072,0.224073651256815,0.22254690399442684,0.18013159889352237
2010-07-19,46592.19534966611,0.005889166575509983,0.22567048893120772,0.24154167975092797,0.23783726931608928
2010-07-20,47108.97554603986,0.011030501139480661,0.23032847884829474,0.23530031064950147,0.22146667307454676
2010-07-21,46496.65321114658,-0.013083210428397505,0.22750988777017356,0.23212914936671486,0.21329629886759147
2010-07-22,47534.53374732083,0.022076137095190473,0.24175784950457763,0.2307357836155704,0.21341035337455388
2010-07-23,47947.10087900651,0.008641865022584396,0.235026749841632,0.23961110547180403,0.23382987818980158
2010-07-26,48446.49545259305,0.010361664273785008,0.23702185937284959,0.23472933825845363,0.22069426905150863
2010-07-27,48442.1665550763,-8.935818556948633e-05,0.23644062577730354,0.2311175793684216,0.21153715966694808
2010-07-28,48129.496721696974,-0.006475417639435148,0.2044332218546138,0.22407707623716822,0.19561494020111733
2010-07-29,47894.992158139976,-0.004884275511181649,0.20126034527665548,0.21870505517113012,0.1861114166345332
2010-07-30,47886.29934674637,-0.00018151376497215318,0.19963193977918586,0.2128912681033956,0.17573918703338198
2010-08-02,48967.61767761862,0.022329778582245854,0.20726234470230473,0.20640694919252184,0.16327262585774044
2010-08-03,48733.11749110664,-0.004800386331170707,0.2099763443748856,0.21814380213252033,0.19807612722381154
2010-08-04,49058.81341044134,0.006661022449821591,0.1853120686309601,0.21232036214951458,0.18628461784188013
2010-08-05,49006.709066619806,-0.0010626435756112046,0.18411153995546342,0.20747530604837677,0.17614589472351305
2010-08-06,48806.94073227717,-0.004084677598835974,0.18462746326469343,0.20119720708442157,0.16390109793765556
2010-08-09,49067.49746774492,0.005324318704437559,0.18491568817878354,0.19571348494031826,0.15517677659975426
2010-08-10,48802.58994953533,-0.005413465383339311,0.18040556541375494,0.19087736755726556,0.1471221049601939
2010-08-11,47465.08317411719,-0.027789034529713624,0.2077970064226533,0.18625579202698625,0.1421933571729977
2010-08-12,47174.1147299068,-0.006149024240675986,0.20886720058858932,0.2104420849402501,0.21461939944824288
2010-08-13,47035.11728850924,-0.002950826352749866,0.1825012694625844,0.20542739251068556,0.2025023905113597
2010-08-16,47013.43340752034,-0.0004611210106408207,0.18152709089534602,0.19949948447481225,0.1886499890113901
2010-08-17,47591.01075910926,0.01221051575110552,0.1824851057118276,0.19343023717113125,0.1749861116448182
2010-08-18,47677.85133214515,0.0018230635945743463,0.17528837164556726,0.19345460263318673,0.1759234218223616
2010-08-19,46848.401302392056,-0.017550073045171966,0.16918751495708237,0.18769511054771418,0.1634572335835033
2010-08-20,46696.41716844421,-0.0032494427839856797,0.16568300068988118,0.19435206152273637,0.18658408420269373
2010-08-23,46518.37648554059,-0.0038200138074527845,0.15996840127660303,0.18885446944818113,0.17458861288406963
2010-08-24,45827.88012673495,-0.014954785455570966,0.16615883231007708,0.1837027182044849,0.1643871462060225
2010-08-25,46005.94707190865,0.003878029997652288,0.16716106006334902,0.18735903754147654,0.17887421047132315
2010-08-26,45697.60175900106,-0.00672485370260136,0.16767175237879528,0.18227615273397724,0.16700735395951835
2010-08-27,46405.47060945887,0.015371534746406585,0.1790409036672085,0.17864742316325088,0.16147975886659066
2010-08-30,45732.35987344048,-0.014611212517385,0.1607167801379227,0.18322833566687335,0.17321241695682654
2010-08-31,45732.35987344048,0.0,0.1610719147943938,0.18651058169430357,0.18471601635852575
2010-09-01,47100.28711169127,0.029472955962452432,0.19609828704602797,0.1808287180148956,0.17134017263563575
2010-09-02,47538.89328415268,0.009269085190597841,0.20016634454157656,0.20945440877867832,0.23232202220449646
2010-09-03,48155.54013951772,0.01288800965197709,0.20625663822782747,0.20624725310245226,0.22016771841655092
2010-09-07,47612.69026305313,-0.01133686376567731,0.2083013369710953,0.20614824189050251,0.21554333480559304
2010-09-08,47947.10087900652,0.006999010296685288,0.2098661287184862,0.20467183957423238,0.211599146801833
2010-09-09,48168.5706025181,0.00460840801612445,0.18478939169507444,0.20029428028336424,0.19901444086527026
2010-09-10,48411.75922337869,0.005035997190381852,0.18352324782197493,0.1950175393367386,0.1855874717636679
2010-09-13,48950.25394005643,0.011061813333304674,0.18594811745618395,0.19008785489258956,0.17388859286771027
2010-09-14,48919.84223131381,-0.0006214709275075756,0.1859770835057032,0.1892499098600205,0.17251387646035482
2010-09-15,49106.58447970106,0.0038100434863408365,0.1822048218508172,0.18350050795009815,0.1604778179397089
2010-09-16,49093.55839374568,-0.0002652966818706602,0.18231672822654676,0.1785261288303442,0.15049105727518322
2010-09-17,49111.88945825547,0.00037332072962616787,0.16806989026514693,0.17309057783559575,0.14058522548317975
2010-09-20,49862.82405458528,0.015174562860864046,0.17257871877949038,0.16782381981424568,0.13159335088892607
2010-09-21,49762.41464201253,-0.002015743156758405,0.17171080636699426,0.17307971250397503,0.14989001756258544
2010-09-22,49517.93041582842,-0.004925138409737091,0.16086209842155966,0.16798996267991217,0.1408772449912386
2010-09-23,49116.248995087306,-0.008144917791296082,0.166421370622938,0.163994376645832,0.13605327475581044
2010-09-24,50129.15848946875,0.02041292775248999,0.17256829563501475,0.16212205984032993,0.13794377481791767
2010-09-27,49889.01191489142,-0.004802068165916408,0.17075833892940057,0.1760876638365569,0.17348926759981154
2010-09-28,50063.64725677579,0.0034943646528576393,0.15663095665411578,0.17174142918114815,0.1644689725298615
2010-09-29,49976.32520878859,-0.0017457435865307703,0.15742037826467586,0.1670629684351942,0.1538532875123032
2010-09-30,49827.90836652543,-0.00297416144285299,0.12844563277749102,0.16211574051141692,0.14423899895822503
2010-10-01,50037.45501942463,0.004196589354464646,0.12630925651112354,0.15760193064473554,0.136646110983696
2010-10-04,49661.98772125971,-0.007532019495890468,0.12495692245127236,0.1536696138701026,0.1296256081234425
2010-10-05,50661.78358878552,0.019932045111428758,0.13135053930795906,0.15183960859007356,0.13126634305339085
2010-10-06,50657.41529786365,-8.622829577369273e-05,0.1309708851701095,0.16636983331757862,0.16716528678738457
2010-10-07,50596.29861836264,-0.0012071989176383284,0.1315018346932854,0.16130188645473095,0.15552865420326395
2010-10-08,50880.0799546635,0.005593066683518712,0.13166141834421757,0.1564584145302899,0.14544647585072856
2010-10-11,50928.09613844392,0.0009432678038889153,0.12776181897249358,0.15324317655275085,0.13885998933259971
2010-10-12,51085.253939595816,0.003081124683404193,0.12743728554405703,0.1486200389352819,0.13003171061155988
2010-10-13,51482.562692370055,0.0077472788840724695,0.128869417632317,0.14458969587759432,0.12289550971271901
2010-10-14,51281.74386722456,-0.003908343032646819,0.13049326726799457,0.1433852040343199,0.12286463673130184
2010-10-15,51386.517193674175,0.002041007839000333,0.13032113057992184,0.13984533573970073,0.11901184183575388
2010-10-18,51639.729247611984,0.004915496245445797,0.12163977929580522,0.1358171580950044,0.11258512656228063
2010-10-19,50963.02933468383,-0.013190868049600481,0.13223575892219572,0.13305958593618414,0.10940029725552142
2010-10-20,51460.74750003081,0.00971887775382174,0.13346200960963028,0.13882876893301346,0.13252897897254123
2010-10-21,51574.253031279135,0.0022032431033853933,0.12805235830798056,0.13980416667799958,0.13508326442742571
2010-10-22,51670.30728406506,0.0018607136338462508,0.10904157679318859,0.13581564503218338,0.12693035522743204
2010-10-25,51823.09679429509,0.0029526446171837402,0.10652947407743815,0.1318767810056514,0.11954933973612172
2010-10-26,51831.84213022884,0.00016873939718146117,0.1065241183261447,0.12837372812638415,0.11354209779663076
2010-10-27,51683.41653387567,-0.0028677066547761975,0.10708340290061899,0.12446467667657077,0.10755122215572477
2010-10-28,51692.13998458438,0.00016877201967673203,0.10584588168243451,0.12118709240935585,0.10443552116540868
2010-10-29,51731.41083243106,0.0007594179357369827,0.10553212261492921,0.11749707810254037,0.0995212520258857
2010-11-01,51748.892750208535,0.0003378791390929548,0.09998759385991088,0.11395591033713574,0.09514213410544893
2010-11-02,52159.28011347829,0.007899080232413067,0.0782095406057982,0.11049216562673767,0.0913491201119411
2010-11-03,52368.83114342251,0.0040094728231608685,0.07848875661938098,0.1114424830528596,0.09751217406426076
2010-11-04,53377.35921574703,0.019075082494458082,0.09899730555056485,0.10916651774569448,0.09530784095539407
2010-11-05,53578.19117202755,0.0037554328239107477,0.09849260099268087,0.12924331130133557,0.1414347647274484
2010-11-08,53477.7730053648,-0.0018759944274932862,0.09961730139796472,0.12615405278338418,0.13349211436127542
2010-11-09,53093.569125356174,-0.00721029756850974,0.10527959571309332,0.12252822932142346,0.12620391326135033
2010-11-10,53307.51470849232,0.004021497972810846,0.10336136878252658,0.12205917185580432,0.12773140516568696
2010-11-11,53106.67399812177,-0.003774702439266393,0.1032655228198384,0.11936943633430858,0.12160590701232298
2010-11-12,52477.990268974034,-0.011908758973882418,0.11404998208087168,0.11665999345928309,0.11774180379234292
2010-11-15,52403.76433966241,-0.0014154214330361061,0.11341696787098446,0.12221815396573013,0.13402615407750845
2010-11-16,51587.349149954745,-0.015701956374344128,0.1177727334691806,0.11862264626495186,0.12637050552869233
2010-11-17,51613.54576435088,0.0005076819339706278,0.11275429066464929,0.13021102087108763,0.15353656537051524
2010-11-18,52373.21256547941,0.014611097182328774,0.12381330093495939,0.12625970220944646,0.143194081825096
2010-11-19,52517.29613318079,0.0027473154647533987,0.1239569349459984,0.13495518578503543,0.1567936725050952
2010-11-22,52473.62635509718,-0.0008318772626623867,0.12381835580516909,0.13127928207859635,0.14657289844925492
2010-11-23,51713.963931013655,-0.014582847811320151,0.13509591395198256,0.12732108328145422,0.13726416068006703
2010-11-24,52477.99026897403,0.01466600830030994,0.1443734829710684,0.13584340117002988,0.15729100925156306
2010-11-26,51866.75781828869,-0.011715768226288045,0.15103191242845868,0.14352146832743298,0.16788520992698053
2010-11-29,52023.93312762064,0.003025784655341579,0.15136338862986265,0.1464167567002082,0.17260166065841973
2010-11-30,51731.41083243105,-0.0056387085057484606,0.15281385158331237,0.1424430548692798,0.16089196164865704
2010-12-01,52831.62924366463,0.02104489341967337,0.1681959833829653,0.13983334135995118,0.15450066117517214
2010-12-02,53508.33353363779,0.012727358689505723,0.17328190453766823,0.15835599497619893,0.1871660602302387
2010-12-03,53652.41272429416,0.0026890308719561638,0.1599573979451425,0.1613110257963889,0.18725415495163303
2010-12-06,53595.63807344494,-0.0010587540888701127,0.15947297936409857,0.15674598314716995,0.1739377301259496
2010-12-07,53626.22924103305,0.0005706143566485334,0.15932434146146227,0.15202662252823837,0.16191208903854917
2010-12-08,53822.67977525669,0.003656635603225286,0.15733336901733122,0.1474119784927682,0.15072042298516042
2010-12-09,54032.24393633592,0.0038860427988307257,0.1572959656048405,0.14362674958397204,0.1416773846703637
2010-12-10,54346.59893204484,0.005801056164679732,0.1573755572257976,0.1400687570204179,0.13381076110117524
2010-12-13,54381.501488969625,0.0006420154125472001,0.1496760582905206,0.13766235270164387,0.12896270005552443
2010-12-14,54429.54831206513,0.0008831240265771066,0.149246671732286,0.13349194795632696,0.12119207801826472
2010-12-15,54180.70017200418,-0.004582414256254295,0.13653444767637912,0.12947079349677496,0.11427587129145902
2010-12-16,54495.04641362304,0.005785046400392864,0.1368222621770029,0.1267849471161787,0.11266375331787602
2010-12-17,54553.40993181158,0.0010704144875987298,0.12945312053897115,0.12496389432784227,0.11072368067215595
2010-12-20,54685.07144576921,0.0024105347502239886,0.12943420711887385,0.1212284648691687,0.10501383878892101
2010-12-21,55031.785935251006,0.006320189109988233,0.1298315075536575,0.1179085141155106,0.1004280284552884
2010-12-22,55202.95903453098,0.003105613151368314,0.11331103385960073,0.11692834502167743,0.10135063447243822
2010-12-23,55123.94899502135,-0.0014322898090389097,0.10599975996635154,0.11400760269820921,0.09771528441046824
2010-12-27,55145.89112166596,0.0003979715017451927,0.09235756837739821,0.11067469200571989,0.09446365937729298
2010-12-28,55224.90116117558,0.0014317203196933853,0.09253974580874583,0.10731425314946876,0.09074795725369995
2010-12-29,55264.408369452896,0.0007151318101064763,0.08728529997540897,0.10419386410995021,0.08757053931652092
2010-12-30,55176.6092235594,-0.0015899738394936302,0.058495379586040466,0.10105796461081677,0.08473037809556742
2010-12-31,55189.79288313521,0.00023890712004502108,0.04347345226758105,0.09817419769356699,0.08345069584015302
2011-01-03,55760.34945452506,0.010285008903687333,0.05335777681284975,0.09518794937166472,0.08123412052652823
2011-01-04,55729.61822149656,-0.0005512824955892626,0.05301044423888517,0.10058089209417183,0.09708589113142303
2011-01-05,56019.28230629339,0.005184207310847406,0.05393718686230775,0.09754035092477271,0.09333974050806004
2011-01-06,55909.53665671029,-0.0019609906683307286,0.055562904086812366,0.096693526449793,0.09342647845098145
2011-01-07,55799.83040053228,-0.0019641377323507975,0.05666194049294655,0.09405744786037076,0.09125589813197861
2011-01-10,55729.61822149656,-0.0012590789101659613,0.05525970950657682,0.09151134237920698,0.08940048429159464
2011-01-11,55927.11486947803,0.003537571778737458,0.0557860241194332,0.08885851487672067,0.08714673868218809
2011-01-12,56431.84506093405,0.008984305066915003,0.061868103499958714,0.08724278461378433,0.08591818561180864
2011-01-13,56339.646984803614,-0.0016351312729850239,0.05863136373363241,0.09151544924586397,0.09633532043127752
2011-01-14,56747.85457965747,0.007219354254985445,0.0600776946169606,0.08895503614941627,0.0934433837699346
2011-01-18,56844.372799214645,0.0016993811110532042,0.059986504837502695,0.0906987264295979,0.0975309567775863
2011-01-19,56287.01739558068,-0.009853320321444065,0.07333750072053287,0.08818360634121468,0.09355769314049553
2011-01-20,56212.38877812796,-0.001326738174679362,0.07159609779620887,0.09368957728914865,0.10961903638563258
2011-01-21,56339.64698480363,0.0022613231300849324,0.07133862094786368,0.09098179719002349,0.10476139969032668
2011-01-24,56660.04230262893,0.005670744378744998,0.07254670280566367,0.08864729854364806,0.10012622510742465
2011-01-25,56690.78228974742,0.0005423866651633434,0.07252273399122347,0.08873027631476516,0.09992809642767793
2011-01-26,56910.23419550853,0.003863560125294788,0.07305684747469357,0.08605304335242567,0.09550867213710411
2011-01-27,57050.67168471501,0.002464662056045692,0.07307053473401127,0.08477332362393912,0.09342160259697069
2011-01-28,56054.381830243736,-0.01761752622332364,0.099640465687309,0.08274764496466289,0.09036124132045292
2011-01-31,56475.72931422327,0.007488652571063328,0.10239455423432035,0.10549524208909145,0.1391348030405963
2011-02-01,57379.83860074415,0.015882021534310294,0.11061361714697861,0.10634575537961476,0.1361510927627307
2011-02-02,57270.09732820606,-0.001914371868838374,0.11104267704418712,0.12018611508502805,0.15561108449594052
2011-02-03,57397.39492828683,0.002220291904368105,0.11018512391786883,0.11676228927534338,0.1459147969413266
2011-02-04,57559.76579004789,0.002824895269220431,0.10966377661752537,0.1135339740811346,0.13661096986905366
2011-02-07,57919.65080797047,0.006232906151161346,0.11013369193980138,0.11062198505559914,0.1285848625897712
2011-02-08,58182.97821293077,0.004536122199960569,0.1098747075889804,0.10995630424678345,0.1250602119360805
2011-02-09,58051.30356783808,-0.002265677550588905,0.11083236622055756,0.10805591492714647,0.11978166298133129
2011-02-10,58073.25444857271,0.0003780575163607799,0.10766396912501654,0.10513387333546871,0.11443696525733538
2011-02-11,58419.97769214453,0.00595269374936061,0.10816337318921303,0.10194167208139521,0.10830892230218668
2011-02-14,58560.43706657609,0.0024014180873174877,0.10630543631082587,0.10151033852271237,0.10729865178830138
2011-02-15,58376.093438855336,-0.0031528860935505325,0.10761561418046635,0.09885991122232998,0.10242607942489429
2011-02-16,58744.745677936735,0.0062952666553001135,0.10038239193943116,0.09662912794671999,0.10040129619420854
2011-02-17,58920.31333040864,0.0029841957203533445,0.0995726265531637,0.09683061729365527,0.10128114738068873
2011-02-18,59043.203246162455,0.0020835248689835073,0.0995767844182328,0.09459518143697607,0.09755685410821006
2011-02-22,57858.2146041836,-0.020273992442286403,0.126913860151064,0.09207057356902588,0.09373915775995113
2011-02-23,57502.72851649798,-0.006163042764277933,0.1294731323359345,0.11909331132302908,0.15336992130697769
2011-02-24,57463.20817708562,-0.0006875139211779385,0.12901040301298955,0.11792594374021091,0.148774259018954
2011-02-25,58077.653378809664,0.010636081225768907,0.13384486443989185,0.11436469458063728,0.1391784478621011
2011-02-28,58437.52964264222,0.006177347859650034,0.11560903201320011,0.11834270095366822,0.1426897649306669
2011-03-01,57463.20817708561,-0.016813429085419114,0.13161078203486215,0.11722486396129926,0.13720145076296367
2011-03-02,57586.09809283943,0.0021363007996307933,0.11927767909842465,0.1311162176802318,0.16517037182926256
2011-03-03,58577.96275480369,0.01707737763236848,0.13310525052979552,0.12739301062764022,0.15385732343582117
2011-03-04,58139.08958259654,-0.007520327695069273,0.13649366195602214,0.1402311991981857,0.172688228614982
2011-03-07,57682.66008284671,-0.007881626099593971,0.1394807900915702,0.13906839484190106,0.16771745689375972
2011-03-08,58187.38152021271,0.008711909008249186,0.1411919953045651,0.1382710099423324,0.1640875954197763
2011-03-09,58103.998812736216,-0.0014340309922728587,0.14036533504785,0.13827258557137273,0.15968063710550823
2011-03-10,57028.70329580032,-0.018679780190010792,0.15509374983720492,0.13417616365079693,0.14927843479322003
2011-03-11,57423.70534585328,0.006902495509603371,0.15751080974675163,0.1489930644032908,0.18050816482721224
2011-03-14,57076.99961046151,-0.006055976600992,0.15668861517727062,0.14692644841239036,0.17132828212277632
2011-03-15,56423.04282341513,-0.011523590824374926,0.16024348799351457,0.14438373225430046,0.16421619917639843
2011-03-16,55378.50917882279,-0.01868603823210541,0.17102977190722168,0.14698195389595767,0.16913014546515948
2011-03-17,56111.44974310873,0.013148289414068875,0.17738786812884288,0.15995903731881483,0.1946445217575082
2011-03-18,56315.54259792312,0.0036306775580759415,0.17765759434889544,0.1632960134915974,0.1944526731308154
2011-03-21,57188.312242158885,0.015378981571746752,0.18794056256355873,0.15894955757163184,0.1808645421812521
2011-03-22,56989.94018517503,-0.00347478179712392,0.1747976933833862,0.16530318152639545,0.18859759286580663
2011-03-23,57153.05514458811,0.002858082880642785,0.17402801009087684,0.1608359220897882,0.17657530041088232
2011-03-24,57699.60362408773,0.009517456730620575,0.1774665534024372,0.15633173704409392,0.1643874797170288
2011-03-25,57875.92412830169,0.0030511760479647945,0.17355284709051616,0.1560219050774382,0.16139202184773419
2011-03-28,57734.886983928576,-0.002439862033344095,0.1720593414740297,0.1517334078649845,0.15084446019522435
2011-03-29,58122.77195879221,0.006695913375874979,0.16266640110265695,0.14741659910240013,0.14204032893814478
2011-03-30,58523.90624890683,0.0068777933079560835,0.16413576397378773,0.14527788386135543,0.13738045544082716
2011-03-31,58444.5591769313,-0.001356726086092858,0.15253375104696879,0.1433686186847679,0.1336364253698956
2011-04-01,58691.40700742183,0.0042147293260523,0.15065261597189894,0.13910110942740417,0.12598926160765286
2011-04-04,58739.88715797352,0.0008256768972955274,0.14738342129929832,0.13585566733806836,0.12026062715375817
2011-04-05,58731.054281139535,-0.000150384031019415,0.14448852550530678,0.1317560797502762,0.11344723818662594
2011-04-06,58916.21641627751,0.0031477532275573736,0.14460510999940723,0.12774359718704523,0.10754661472610447
2011-04-07,58766.34201802538,-0.002547097569504455,0.12609159036757583,0.12445535457632456,0.10314730116594144
2011-04-08,58563.57978489461,-0.0034562783621172794,0.12556601410395302,0.12106973726289989,0.10025881187886922
2011-04-11,58387.25490363564,-0.0030153699258449423,0.12375619235885545,0.11814833815595431,0.09898770882345763
2011-04-12,57950.88540117531,-0.007501779687521447,0.11903340673498769,0.11514758335289985,0.09727994684380317
2011-04-13,57946.46896275832,-7.621292898985327e-05,0.09299901793818627,0.11538774491215041,0.10519252569301726
2011-04-14,57990.51954375796,0.0007599055950454818,0.08370531122942416,0.11187296187428061,0.10024899644181128
2011-04-15,58202.11903076776,0.003642222494043171,0.08370894995927068,0.10850510202333859,0.09577998649756995
2011-04-18,57549.7554881057,-0.011271877065342013,0.0790515806685775,0.1061486429484365,0.09340919999662547
2011-04-19,57880.344943763695,0.0057279749094724195,0.07994440571386026,0.11185954206038423,0.11450570666740309
2011-04-20,58669.37296283198,0.013539973972278812,0.0917551275972451,0.1107153391947211,0.11220732248065471
2011-04-21,58969.10862820117,0.005095888861282547,0.08776453327870574,0.1195590911975841,0.13024811830023178
2011-04-25,58907.38353944352,-0.0010472842084841034,0.08775447639309211,0.11759826159431624,0.1249573013632407
2011-04-26,59414.27599113539,0.008568094036343009,0.0908697116315843,0.1140884470133178,0.1181130191549424
2011-04-27,59802.19598235912,0.006507848351876747,0.09072760553715878,0.11552141064270341,0.1206292297895599
2011-04-28,59996.13846979095,0.003237818918789868,0.08872357535568845,0.11482529399593629,0.1186852118818076
2011-04-29,60137.20625347914,0.0023485211179631025,0.0882576490375377,0.11203690168691392,0.11298371836587885
2011-05-02,60044.62299738765,-0.0015407200070633562,0.0882114636868725,0.10900700177980673,0.10739761193166424
2011-05-03,59828.62458014092,-0.003603784086619404,0.08980744245155457,0.1058558783492004,0.10297583597084112
2011-05-04,59431.92861366834,-0.006652617632675925,0.09371452827037165,0.10358333036512003,0.10151499870716882
2011-05-05,58894.17799464262,-0.009089360525581376,0.09919670217604534,0.10370586602897965,0.10633415244492656
2011-05-06,59154.24012402404,0.0044060319357761,0.09991399669191926,0.10657754617330552,0.11666729499489883
2011-05-09,59383.44846311665,0.0038672700217160638,0.09961553937480232,0.10474145923558711,0.112315577882163
2011-05-10,59890.34529185356,0.008499769556260386,0.10227711847699086,0.1026579672525986,0.10795484195766769
2011-05-11,59260.0333019614,-0.01058020758510443,0.10628445629016799,0.10487468480788668,0.11220928882955242
2011-05-12,59542.12509888766,0.00474894279495387,0.1069440115110822,0.10968738453443108,0.12564564271890474
2011-05-13,59083.69091252238,-0.007729118061941308,0.11171281063176576,0.10793718611493648,0.12053126063978682
2011-05-16,58709.0377447297,-0.00636124887231198,0.11411364848559367,0.10887914253785741,0.12425934229596472
2011-05-17,58700.23113016578,-0.00015001566170758007,0.10548516365559535,0.10842151901578645,0.12434166938937505
2011-05-18,59224.758696210585,0.008896011371786559,0.10794335217551228,0.10512018126694,0.1172018647929988
2011-05-19,59365.81772580876,0.0023789258873431174,0.0977372868239063,0.10762815299038739,0.1206365403402415
2011-05-20,58894.17799464262,-0.007976361386770705,0.10071380039253901,0.10475857290657536,0.11417188102361871
2011-05-23,58210.9387764667,-0.01166895161778083,0.10882078496890696,0.10619730164688326,0.11974337457349764
2011-05-24,58162.463002960016,-0.0008331074896710831,0.10329851809232836,0.11251667020556995,0.13472810263975735
2011-05-25,58356.38798221179,0.0033286486550099478,0.10079346641871023,0.10913704833470148,0.12669071265838658
2011-05-26,58625.26985729215,0.0045970001375646805,0.10170277719843364,0.10660098365545236,0.12011083824283594
2011-05-27,58850.08364319281,0.003827425134660744,0.10251089675801656,0.10488787144629609,0.11553021337488201
2011-05-31,59462.7736498671,0.010357208805726504,0.11021479742431266,0.1027758400176983,0.11072163823992992
2011-06-01,58127.184020164175,-0.02271702606362337,0.135390426062409,0.1074758117924849,0.11922666624611834
2011-06-02,58065.47643958654,-0.0010621597979584164,0.13398407863536657,0.13660477225791792,0.17847261060551187
2011-06-03,57488.043530483024,-0.00999429036333417,0.134730542257681,0.13250762283347214,0.16599596420886212
2011-06-06,56879.73494586564,-0.010637861979465419,0.1369799254085967,0.13422014677842725,0.16694497759957694
2011-06-07,56844.48222533989,-0.000619968596518521,0.13536443780634466,0.1365473772668697,0.16920904010550084
2011-06-08,56606.45851759334,-0.004196070220804452,0.12944560107572917,0.13240954120980297,0.15750231759505182
2011-06-09,57038.442220951765,0.007602378657245308,0.13106768128616186,0.1294085288042935,0.14965023544513537
2011-06-10,56244.98900937646,-0.014008512602700477,0.1352717390854321,0.12890171157019606,0.1453766347926475
2011-06-13,56289.08336082624,0.0007836622771696924,0.13457115089101415,0.13632988359902437,0.16142872888331988
2011-06-14,57003.16323815593,0.012606146585274038,0.14373859126281882,0.13221184714712128,0.1502805459802776
2011-06-15,55989.33894136703,-0.01794546513666945,0.15500251168883994,0.13723690444716138,0.15664490856990573
2011-06-16,56112.78474183735,0.002202382012259682,0.15030302388831535,0.15024370341732396,0.18301984452656767
2011-06-17,56280.21546763215,0.0029793821561072873,0.15058691630308485,0.14591819471149534,0.16995455713224744
2011-06-20,56568.141865559264,0.00510290144264099,0.15162594434972793,0.1419464982013856,0.15849122167493396
2011-06-21,57343.33842238999,0.0136107181126513,0.1567442711474334,0.13904531149921384,0.14982483562767665
2011-06-22,56997.82762028647,-0.006043525104497655,0.15786769399019565,0.14482605995384418,0.1590105566074063
2011-06-23,56833.93792390628,-0.0028795092272993054,0.15714044344201908,0.1423669843118911,0.15346850763527947
2011-06-24,56173.918929518426,-0.011681072760333606,0.15961236774680085,0.13848330339213044,0.1447391479389994
2011-06-27,56674.455911853074,0.008871023007922082,0.16307794225289426,0.14173938551819681,0.15394770144807585
2011-06-28,57414.237797492606,0.012968721616104786,0.1659165652847402,0.14168457695410094,0.15127867150494467
2011-06-29,57905.92877185822,0.008527458267466165,0.1498451437887407,0.1463319747015186,0.15840620971920835
2011-06-30,58459.65998222233,0.009517167332226953,0.15368546891485818,0.14569747178223164,0.15447509856516822
2011-07-01,59323.46543827373,0.014667991534817657,0.1565992776127299,0.1460260400546348,0.1529693454551332
2011-07-05,59274.73141911135,-0.0008218341120977122,0.15019425747792087,0.15263438584951178,0.16451196701120396
2011-07-06,59345.62204012391,0.0011952523725470715,0.14990224463569413,0.14801902789172824,0.1533458969316637
2011-07-07,59961.34533899144,0.010321757042564291,0.1506031579498542,0.14358501147345,0.14303521305524608
2011-07-08,59536.09790790632,-0.0071172941384485015,0.1535154562353286,0.14488105761465261,0.14512092373869392
2011-07-11,58459.65998222232,-0.018245872699382937,0.16002709544784902,0.14316775631093812,0.14339941065034736
2011-07-12,58207.14825548641,-0.00432877396498808,0.1615351127117405,0.1558871821003268,0.17481819390766257
2011-07-13,58402.07995509092,0.0033433354147508554,0.1564892595510902,0.15207263917376387,0.16511194683920188
2011-07-14,57998.96286358591,-0.006926376145094945,0.1428953037680194,0.14801193212911495,0.1543392592619904
2011-07-15,58335.62765772041,0.005787887032928422,0.14360648664254966,0.14600841547448082,0.15090476316896687
2011-07-18,57857.20788383085,-0.008234973788498762,0.14798298712702387,0.14333828674486215,0.14388754400860349
2011-07-19,58796.320399311815,0.01610123273482663,0.15655264394904797,0.14261301572714102,0.14464348533298654
2011-07-20,58760.896974030606,-0.0006026584695494184,0.1505019848209051,0.15178280309932318,0.16261673757248624
2011-07-21,59575.96841091962,0.013775661942624844,0.1542107403501143,0.14717754482195353,0.15156822266452571
2011-07-22,59615.83015984291,0.0006688673363000598,0.1531677601269425,0.1524167350084176,0.1608497013492681
2011-07-25,59283.59493526045,-0.0055885230563975236,0.14715331581505067,0.14779639333459318,0.14976092976183752
2011-07-26,59062.11208061381,-0.003742985171349872,0.14694241758067683,0.14493229139782302,0.14474671835491182
2011-07-27,57852.80019950389,-0.02068778033108073,0.1616436774393898,0.14126881186903,0.13789908034396697
2011-07-28,57684.46342539163,-0.002913984422815193,0.15907702049443967,0.15884138790152635,0.1808383117536912
2011-07-29,57290.20109594566,-0.006858273976453885,0.15641917701288646,0.1544187160117785,0.16918263235244946
2011-08-01,57046.57477058389,-0.004261563127380445,0.14529038805591823,0.15207108404662806,0.16358030150346112
2011-08-02,55589.17635524507,-0.02587952299117768,0.16812571039535446,0.14836667699215342,0.1550893828554125
2011-08-03,55890.39146182829,0.00540396496881128,0.17023871763629633,0.17555206125302508,0.21355786390411854
2011-08-04,53272.4108074969,-0.04797390111762678,0.2262776962213498,0.17149624351227902,0.19925555293097968
2011-08-05,53192.66542442529,-0.0014980574063826475,0.22676001057468637,0.24988979790252405,0.34152281003058665
2011-08-08,49728.60196929565,-0.06734025897068271,0.31339251985321154,0.24234716497419537,0.3140676721159326
2011-08-09,52040.92481635675,0.04545016483581102,0.3666068850099793,0.3518139307925938,0.4946614348363168
2011-08-10,49741.86879272669,-0.045183415851754276,0.39059046618822185,0.3841618249355602,0.5245010203543246
2011-08-11,51974.47689603124,0.043905760268624444,0.43197199540143705,0.4118174234077562,0.551936789014769
2011-08-12,52324.426021776846,0.00671052962541146,0.4323035890423341,0.43424075980328203,0.5662157420636735
2011-08-15,53431.892819550114,0.020944512710427216,0.44209641954680207,0.4218198751704394,0.5201287384589169
2011-08-16,52975.599008195655,-0.008576400033314353,0.43586480415484685,0.41699978005648486,0.49143734564369873
2011-08-17,53011.04869574696,0.0006689463180735631,0.43606649991548807,0.4056693649914948,0.45398395948852543
2011-08-18,50725.29013486301,-0.04407575232735299,0.4508683672237796,0.3933196431751084,0.4164122797963596
2011-08-19,49896.92998931789,-0.01646512785157325,0.4505801703050943,0.41808075892878643,0.46469900293295546
2011-08-22,49936.78736119616,0.0007984752056454123,0.45177119041240454,0.41036942906000184,0.4381554592853738
2011-08-23,51580.23645181035,0.032380631808606654,0.47452385439971556,0.39788003739310535,0.40195767730128246
2011-08-24,52306.7121206137,0.013986117043491187,0.4769934867101852,0.4057873988795238,0.4133016086076296
2011-08-25,51509.34145375276,-0.015361522989934824,0.4783026650733319,0.3971665314823911,0.3871805439987942
2011-08-26,52257.99998667637,0.014429810245175902,0.4835365320828257,0.38967260809704196,0.3679446876066129
2011-08-29,53759.68096640048,0.028330772874871023,0.49747554251833564,0.38194546037046173,0.3473335664848788
2011-08-30,53901.43594615555,0.0026333566980852995,0.4903019313059614,0.3863485484818898,0.3580564883044182
2011-08-31,54140.64583310032,0.004428094569720832,0.4901307879444306,0.3747187472222461,0.3290397709879767
2011-09-01,53573.62153703509,-0.0105284016250818,0.46024245381468176,0.36371110023475917,0.30316669971807364
2011-09-02,52204.83202091696,-0.025881753380249554,0.4695379982500812,0.3549994772510506,0.28668560743030186
2011-09-06,51823.8627771721,-0.007324343492072424,0.4001704271949538,0.35859658713812825,0.3070982833051399
2011-09-07,53285.69076206296,0.027817114562844233,0.3791574305272443,0.3488368518425844,0.2864204547340982
2011-09-08,52731.9551746538,-0.010446197290081071,0.3409415510411252,0.35508541678557676,0.3080462942052973
2011-09-09,51349.87257283457,-0.02655917700589326,0.3196749549389669,0.3466561038736341,0.29089956396317396
2011-09-12,51682.10342037203,0.0064491046748757636,0.3195969504317236,0.3516044967376272,0.312441642847379
2011-09-13,52156.11550993461,0.009129882754886546,0.311678449405551,0.3418143267613257,0.28921639376643427
2011-09-14,52878.148478050905,0.013748739018278807,0.3147380495653654,0.33329736857407716,0.27064353652475137
2011-09-15,53790.6923303097,0.01711026590996829,0.3206211634649476,0.32753627043785893,0.26069480680529583
2011-09-16,54109.047945159466,0.005900969508111308,0.27362326461281045,0.3244530124406156,0.2587631071906035
2011-09-19,53570.26434351093,-0.01000727227143971,0.26836825798997394,0.31540461638164713,0.24032579344437788
2011-09-20,53507.9264684516,-0.001164343208065465,0.2687255429632723,0.30826201135930037,0.2306063341479552
2011-09-21,51931.69128104,-0.02990057541296826,0.27073616567321934,0.2989053992460654,0.21314960245851688
2011-09-22,50253.00697808009,-0.0328588402948272,0.28981125917151385,0.31225265878154673,0.26745297692230624
2011-09-23,50555.80219791258,0.006007334734234419,0.28665626220304036,0.32859813561591195,0.3162387845107968
2011-09-26,51758.02326610325,0.02350173884383865,0.29479836945637994,0.3194429249084228,0.2923668114534805
2011-09-27,52336.88309188065,0.011121885074323582,0.2783620372105083,0.3229123891635428,0.30051578497874987
2011-09-28,51268.24068336282,-0.020629873692565064,0.28609729733608924,0.316048026230506,0.2830628430069021
2011-09-29,51673.42374011344,0.00787213129816314,0.2874620712496662,0.31674614428962355,0.28948988886152355
2011-09-30,50382.14731411087,-0.025306709398122587,0.2976564044152877,0.3086185768044048,0.2696387731493082
2011-10-03,48948.380564791245,-0.028870607396014644,0.3008660928241133,0.3149825313332986,0.2920803406108324
2011-10-04,50021.47880513116,0.021686204316888287,0.31299614136036674,0.3253672637961854,0.3205861284538498
2011-10-05,50947.64839851197,0.01834611423100412,0.3027600238183294,0.32653151732908076,0.3194446755721095
2011-10-06,51869.34465189063,0.017929350328775583,0.30924845422883696,0.3245220333047032,0.3113920819292184
2011-10-07,51522.030507242205,-0.006718460810233018,0.29504331032844355,0.32226724396806244,0.3036556528806612
2011-10-10,53245.22498092801,0.03289863581020608,0.31665843714399755,0.31353993079581266,0.2827487770838102
2011-10-11,53298.66870052317,0.0010032245346197695,0.315369201782007,0.3298083275364735,0.32185897924883927
2011-10-12,53766.189632333146,0.008733470733685876,0.31319278307212167,0.31978483173033767,0.2958602444607715
2011-10-13,53659.32845541286,-0.0019894940060729603,0.3073097104827337,0.31189718462288385,0.27618707692635275
2011-10-14,54576.56887696942,0.01694931908451324,0.3126380157254475,0.30249447733059764,0.25478979150667425
2011-10-17,53534.66583642924,-0.019275245569640668,0.3184192250870555,0.30059341156802133,0.25342982363836286
2011-10-18,54581.05972515162,0.01935752746312346,0.32570157734262245,0.3009196333258723,0.26179160872694257
2011-10-19,53935.4105695378,-0.011899700988387642,0.30888961912060653,0.3013057282634048,0.26488860303178347
2011-10-20,54171.37268908376,0.004365359640687194,0.2802807162195542,0.2957686071433365,0.2551818581409534
2011-10-21,55199.956381652766,0.018809573353635593,0.2852850724756335,0.28726026016294354,0.23611363732425802
2011-10-24,55876.76134366124,0.012186412270668497,0.2779669724613691,0.2879527850132823,0.2424022519314516
2011-10-25,54790.31749308006,-0.01963508510564497,0.28850414813351144,0.2831735310915118,0.2334537300847238
2011-10-26,55346.90691383695,0.010107285017357916,0.2764972248628706,0.2849654833182903,0.24676694535613308
2011-10-27,57274.90770067408,0.03424184154900873,0.2967178463039705,0.2790656268755424,0.23407285389621169
2011-10-28,57261.56646747785,-0.00023296043209736794,0.27515180267359324,0.30155136012421585,0.29254560036714683
2011-10-31,55881.21717548334,-0.02440134029094255,0.2679156418671659,0.29236629422029836,0.26922198062277497
2011-11-01,54322.78780718008,-0.028284512241180945,0.28857438302805344,0.29891838211327587,0.2889797562376624
2011-11-02,55208.859291206965,0.01617963094866695,0.2872577569377827,0.3099794724527007,0.31633854061020417
2011-11-03,56215.18133284551,0.01806341608753154,0.2873442607205329,0.3070507408572295,0.3046760751840386
2011-11-04,55872.30988888413,-0.006117944289322699,0.28705428556067103,0.30587057306101645,0.2981634123207189
2011-11-07,56219.62403353256,0.006196971431761104,0.2663689264605058,0.2975051750151285,0.27726823642321213
2011-11-08,56940.95667444696,0.012749005115617376,0.26861962305970105,0.28944673867504084,0.25724312841184693
2011-11-09,54839.27474153805,-0.03760825354023685,0.30420853453101876,0.28497405335430714,0.24732436786260106
2011-11-10,55355.80544634614,0.009374910150856121,0.30540548210590834,0.31260683793448146,0.3212771363325022
2011-11-11,56397.73037211136,0.01864737629773578,0.3065977653419783,0.30526797046837584,0.29964606862382
2011-11-14,55863.39822523993,-0.0095195227181184,0.2996473789103542,0.3047208860009819,0.29507431432407455
2011-11-15,56139.47158527484,0.004929765096371946,0.2929466660736944,0.29774775148194704,0.2781648247743966
2011-11-16,55248.93113829081,-0.015990164145880222,0.2957574678544377,0.2893129018389117,0.2572343201798362
2011-11-17,54371.753809728085,-0.016004206721687727,0.30164846003051504,0.28730784942868687,0.2568213876553693
2011-11-18,54313.87614353586,-0.0010650473606883327,0.2935127100275301,0.2854221574624671,0.2565069055209603
2011-11-21,53280.854127324805,-0.019202683193164892,0.2962154911327021,0.2767580360163204,0.23661797048168212
2011-11-22,53071.591982351376,-0.003935262848876598,0.2892450551287723,0.27852235935721237,0.24805782874088564
2011-11-23,51900.51358942032,-0.022313108300231494,0.29469248520259056,0.2704706548644097,0.23037166484068242
2011-11-25,51802.559699099234,-0.0018891227877099051,0.2596020598751023,0.27621183834283014,0.2524809150168797
2011-11-28,53303.12015530029,0.028555305872416427,0.2854682930221829,0.267898041967605,0.23323961809370045
2011-11-29,53454.50025703651,0.002835960610772381,0.2753133569587766,0.2824750082713461,0.27046202910800815
2011-11-30,55654.1360802665,0.04032556848699506,0.29609633560390386,0.2740916045586244,0.24935410820012008
2011-12-01,55645.23317071231,-0.00015998131225887732,0.29077313308638547,0.30855476906376916,0.3274341856787979
2011-12-02,55596.24528293926,-0.0008807486491685244,0.2831810877836675,0.2991555945705557,0.3009889496921286
2011-12-05,56201.79632919914,0.01083305144800776,0.2851490025033286,0.29006232853650277,0.27701705077655725
2011-12-06,56219.62403353256,0.00031715849924935036,0.28429716278476,0.2843631354895106,0.26182355578245603
2011-12-07,56428.89930964103,0.0037155483384344046,0.28071000533620644,0.2757030470802717,0.24121739079104332
2011-12-08,55191.04471800857,-0.022180719627144723,0.25805274859641686,0.2676941838870412,0.22314925150192505
2011-12-09,56126.12597503358,0.016800701024763557,0.2628111475155873,0.27349473210316766,0.24655810758941157
2011-12-12,55306.82631266308,-0.014705065408482269,0.2592285294546607,0.2730919832754811,0.2461774853666707
2011-12-13,54790.317493080045,-0.009382852108353597,0.25916923950240306,0.27087637466828246,0.24465051509075766
2011-12-14,54207.00183548055,-0.010703405001926253,0.26038739093148033,0.26514656887687016,0.23341275819776483
2011-12-15,54402.922747257726,0.003607794131919831,0.25541895332377484,0.2604164578764394,0.22577600680438786
2011-12-16,54483.59606387189,0.0014817873186901427,0.2490500350677306,0.25287256130278585,0.2091257445672045
2011-12-19,53901.06827437454,-0.010749369428767943,0.25200717835883224,0.2452367411550474,0.19340790562088622
2011-12-20,55532.11719647004,0.02981124432138617,0.2632619468680934,0.24141187973983952,0.19159481844428736
2011-12-21,55639.66556945718,0.0019348148219277123,0.2623090795310502,0.26118999500966883,0.24659724913930567
2011-12-22,56132.555854156046,0.008819606041488272,0.24625261887309216,0.25334482929496793,0.22746512634375224
2011-12-23,56634.436589309335,0.008901258037332709,0.245855327196667,0.24800948045117097,0.21527854022663453
2011-12-27,56679.24877614107,0.0007909404591928315,0.2289344703864642,0.24293244751804058,0.20462430104249793
2011-12-28,55935.3918615955,-0.013210853027139207,0.23612581258970738,0.23555182547848408,0.18928616577612845
2011-12-29,56513.45944222574,0.010281522064434721,0.19182987934270102,0.2340820913678919,0.19383153947202167
2011-12-30,56235.63088714106,-0.004928272442727807,0.19287903483990718,0.23044541777209063,0.18806161882177316
2012-01-03,57131.80896810039,0.01581047874512505,0.20022248099770865,0.22424544080355968,0.17751873616127045
2012-01-04,57221.433341763855,0.0015675006708009756,0.19708632501080728,0.2259389779979112,0.18710738437417102
2012-01-05,57373.77639340266,0.0026588047046066984,0.1971698975820138,0.2191407474531219,0.17350207050160732
2012-01-06,57225.919812901055,-0.0025804023472636886,0.1972931445534109,0.21271622906728957,0.16153817067922352
2012-01-09,57364.82095930833,0.0024243008379348898,0.17781473615655732,0.20647997148234612,0.1516766784619591
2012-01-10,57862.20646923441,0.008633193275651808,0.17098871026094556,0.20041158572394946,0.14184780281275672
2012-01-11,57893.55924265458,0.0005417056160277585,0.16000885930227693,0.1971847856859201,0.140553521405611
2012-01-12,58032.482274286944,0.002396753935824801,0.15396492586034097,0.19118934649099975,0.13155074539514375
2012-01-13,57732.25200283142,-0.005186915453113721,0.14866659912393518,0.1855990840815791,0.1238661207493367
2012-01-17,57956.31293699004,0.0038735239637464,0.14868043667040354,0.18107177770431862,0.12183672889137126
2012-01-18,58597.09481855064,0.010995617373304995,0.15106921114412392,0.17620054676747046,0.11628876296016924
2012-01-19,58906.24988478542,0.005262076247719479,0.14121229388645096,0.17610195107879562,0.1253516282853018
2012-01-20,59125.81559371683,0.0037204459873699217,0.10468402524841375,0.17195885488528248,0.1209000334282601
2012-01-23,58973.468165033,-0.002579990468045859,0.10658024632341573,0.16734677674943613,0.1153276984528486
2012-01-24,58906.249884785415,-0.0011404555193241686,0.10510875084888707,0.16255857741579194,0.11085388224873792
2012-01-25,59399.1489235743,0.008332703253512439,0.10466158365563961,0.15766876445411626,0.1057211322703752
2012-01-26,59094.46719734167,-0.0051425959926249725,0.10792708895131796,0.156261684853665,0.11001083448007531
2012-01-27,59067.570255743616,-0.00045525521804385365,0.09231663021719345,0.15281531095568726,0.11005221650581697
2012-01-30,58865.93730022589,-0.003419437887727366,0.09022746945804717,0.14817051608641768,0.10465928696615338
2012-01-31,58843.53996090006,-0.0003805528682527436,0.0869544241915795,0.14427065940707756,0.1026796965293722
2012-02-01,59358.82758492477,0.008718791322905126,0.07514600360335963,0.13988342096742234,0.09815087125864581
2012-02-02,59452.92092154535,0.0015839065997234312,0.07514502864952922,0.13979524700252696,0.10496459562551128
2012-02-03,60286.424094979455,0.013922184662742232,0.08641842013920412,0.13567638288365214,0.10003508427118271
2012-02-06,60246.05023178978,-0.0006699250957083385,0.08519322405813697,0.14224719214766363,0.12306398364550893
2012-02-07,60398.40641456364,0.002525706824855331,0.08519166055636075,0.13793836922308686,0.11625148874538742
2012-02-08,60577.65078484554,0.0029633053944081744,0.08216907036781605,0.13409633667465262,0.11037289894094418
2012-02-09,60653.81574509742,0.0012565214700942491,0.08200601005333095,0.1305208385023605,0.10548017774661156
2012-02-10,60205.720139050245,-0.007415180870506972,0.08899639060393039,0.12663893588061456,0.10041550348424856
2012-02-13,60653.81574509743,0.007415180870507097,0.08702290055806713,0.1261211587130883,0.10740173331151366
2012-02-14,60577.65078484555,-0.0012565214700942888,0.08782575557988434,0.12563250245712765,0.10931463844225614
2012-02-15,60295.35326680373,-0.004670985610442047,0.08459074631746623,0.1219031840758824,0.10444627964356488
2012-02-16,60962.99269655728,0.011011962452838382,0.09031542316214192,0.11957697471483071,0.10452497397771517
2012-02-17,61124.32619865052,0.002642921434644754,0.09007892173023131,0.12358897630056878,0.11639903886475235
2012-02-21,61151.19687797852,0.0004395103628991958,0.08882181373542174,0.12026385437417152,0.11056969701846102
2012-02-22,60954.05039359799,-0.003229126677089389,0.0900440064593287,0.11661265672947145,0.10488253724556822
2012-02-23,61222.90162936328,0.004401021064310427,0.08724593622750017,0.11375526873282472,0.10260619762400706
2012-02-24,61357.32943576844,0.0021933040772848,0.08363591786062285,0.11160960787094057,0.10015400154372725
2012-02-27,61460.40446875344,0.001678504461989708,0.08318786305483768,0.10854509803083406,0.09606010881941471
2012-02-28,61639.64883903533,0.002912175781292293,0.08073136917604348,0.10544057450447258,0.09226700572541016
2012-02-29,61397.637643282935,-0.003933953922183394,0.08324371687248329,0.1028536877101359,0.0896940640830647
2012-03-01,61715.8006681522,0.005168627203259055,0.08041962813843144,0.10088679414166685,0.0909180175219479
2012-03-02,61527.609617866015,-0.003053975804747347,0.082359010487422,0.0998568119389262,0.09137810937617291
2012-03-05,61276.67800437939,-0.004086697094720878,0.07097873576760187,0.09754035397001265,0.09088551484962151
2012-03-06,60380.48679228502,-0.014733327460916743,0.08991000716921164,0.0958947023655474,0.09218002292501253
2012-03-07,60801.70296491419,0.006951811480524712,0.09281218826001268,0.10920695439805027,0.12742423854386326
2012-03-08,61406.619339647375,0.009899838305785143,0.09851081501260396,0.10927627336443434,0.1252270862410429
2012-03-09,61644.10904790248,0.0038600340891505824,0.09914449778888315,0.11272394811317385,0.12955523654265813
2012-03-12,61648.58238790461,7.256456083486803e-05,0.09435259040710081,0.1103157880842521,0.1230672738959556
2012-03-13,62759.86596892825,0.017865557422562694,0.10957083464070919,0.10695549696353543,0.11601523469689982
2012-03-14,62692.65206572568,-0.0010715434123894335,0.10950643463814791,0.1248161974192427,0.14893430874699112
2012-03-15,63055.60101515657,0.005772644127128806,0.10768734916753618,0.12108550290522434,0.1394804486457375
2012-03-16,63142.89242382868,0.0013833988063538588,0.10258540182808448,0.11952341689679793,0.13386343476117454
2012-03-19,63390.4449585661,0.003912847881863739,0.10282966363816808,0.11600703812448977,0.12561286914418354
2012-03-20,63205.91749495487,-0.002915211633544646,0.10410861648612706,0.11349743540880776,0.11964242840250958
2012-03-21,63102.40038042367,-0.0016391183011403208,0.1032693997153707,0.11062216989285382,0.11497822464761213
2012-03-22,62647.85301002896,-0.007229398555478766,0.10744989627929583,0.10744138700067503,0.10969185849796324
2012-03-23,62850.383259774106,0.003227621862860423,0.10764559224236657,0.1078947046833965,0.1142940724523784
2012-03-26,63732.506649200266,0.013937707854508648,0.1167737957121599,0.1053579826557308,0.1091174327541081
2012-03-27,63534.45411650228,-0.0031123976149754796,0.11797506477620853,0.11563517157993565,0.12942240751237408
2012-03-28,63219.42067881654,-0.004970800093810926,0.11866548105215345,0.11276378433662604,0.12374323733698674
2012-03-29,63111.41709314817,-0.001709853490825204,0.1183272333112634,0.11102400038036937,0.12137010592087152
2012-03-30,63372.4421724322,0.004127411218439864,0.11771314935728747,0.10784689961750946,0.11536822607130341
2012-04-02,63835.99750146139,0.00728815449843318,0.11750688388258461,0.10578598038009616,0.1108814503394532
2012-04-03,63574.95053695229,-0.004097722115800578,0.10246618135186104,0.10640660331809322,0.11192802828999898
2012-04-04,62944.87053044576,-0.009960260933037207,0.11018550488694824,0.10438825687390235,0.10988988058323132
2012-04-05,62913.38644567524,-0.0005003102090191383,0.10606788828822726,0.10836558709450535,0.12197996727129104
2012-04-09,62206.78693827086,-0.0112948535833721,0.11436675590622206,0.10508234452167488,0.11522079073995568
2012-04-10,61162.664735909646,-0.01692715853052784,0.12997378927950556,0.11094447165363959,0.1301639335558436
2012-04-11,61657.72603493441,0.008061592656632439,0.11556470029097331,0.12610499246798026,0.16076276353984847
2012-04-12,62463.33430050773,0.01298119072148626,0.12559547691437897,0.12621790219057608,0.15572123885184397
2012-04-13,61720.73797492557,-0.011959749159939295,0.13013318969257112,0.13237443993878184,0.16200482278172862
2012-04-16,61680.22404629551,-0.0006566225971356618,0.1298242228661938,0.13650754953366523,0.16846474389983493
2012-04-17,62593.84027458222,0.014703513448758171,0.1406302923529413,0.13237360557082042,0.15684405927051934
2012-04-18,62382.29768915759,-0.0033853308463945063,0.14074136859523517,0.14049999280322303,0.16764277529910274
2012-04-19,61981.78493943466,-0.006440993668095388,0.14221080300685476,0.13685435809257,0.15779594707754027
2012-04-20,62085.2845457858,0.0016684464425574376,0.1404514198153023,0.13502830358340498,0.15304981918280539
2012-04-23,61563.21250199267,-0.008444504521327,0.14249291571128744,0.13107545136712095,0.1428447203128208
2012-04-24,61797.23996764338,0.0037942102468180704,0.13255961455373116,0.13125596947180265,0.1442362331149051
2012-04-25,62643.35340775671,0.01359888210762955,0.1428096168640107,0.12810975663620375,0.136009579582048
2012-04-26,63079.89361497251,0.0069444907275747515,0.14434530168385384,0.13499451333543702,0.14820923435669542
2012-04-27,63183.38884427866,0.0016393562794959715,0.14434268417041307,0.13363863176113266,0.14310025368031734
2012-04-30,62949.38764089804,-0.0037103991263863637,0.14409222673984312,0.12972417546046125,0.13392018404320288
2012-05-01,63340.93620243662,0.006200788852251931,0.14337918120089585,0.12659706935597018,0.1283694959611225
2012-05-02,63151.91351359816,-0.002988672165441797,0.14305239795685112,0.12508624864903858,0.12482609530740003
2012-05-03,62670.32913616501,-0.00765503330742203,0.14121719699214172,0.12183115243675796,0.11958495804695554
2012-05-04,61657.72603493442,-0.016289573434429994,0.15232036586767247,0.12181249890747288,0.12331432005128014
2012-05-07,61702.73518879168,0.0007297176973562152,0.14745224911173105,0.1340152336905566,0.15368658585604245
2012-05-08,61455.20453927929,-0.004019732440539189,0.13485175880886674,0.12996356838277445,0.14332028036470978
2012-05-09,61090.65359137403,-0.005949642506692771,0.1332329181115216,0.1269701149233437,0.13697297901678743
2012-05-10,61216.66871726633,0.002060631662996992,0.12393313068762812,0.12525712338028866,0.13432980205769443
2012-05-11,61032.14563070009,-0.0030188141731104737,0.11734242370206777,0.12170533565606241,0.1262055650215248
2012-05-14,60357.052093291306,-0.011122908960868092,0.12319109531268435,0.11858013989443396,0.1208245051447274
2012-05-15,60010.50830856496,-0.0057581085977645935,0.10900562296610249,0.1228340647030258,0.13381835573392478
2012-05-16,59780.98044518648,-0.0038321277522286846,0.10908660551263454,0.1211785084967161,0.13130353025239005
2012-05-17,58894.383715758166,-0.014941824373211225,0.11739929244858201,0.11842811041814996,0.12623743380189353
2012-05-18,58390.32321218896,-0.00859555555453163,0.11815316148647058,0.12868320405107667,0.15064676164559412
2012-05-21,59393.94461705516,0.01704210101503387,0.13605074087487465,0.12916239639678603,0.15106238194875057
2012-05-22,59497.47048567637,0.0017415201038189735,0.13512452068875958,0.14168027122476487,0.17049165513650275
2012-05-23,59528.94143931185,0.0005288062348494893,0.12263310853659948,0.13753093699315905,0.1585445876011498
2012-05-24,59645.96611474974,0.0019639153149437517,0.11873117782911516,0.1333570440930573,0.1476934475246086
2012-05-25,59452.47008590912,-0.0032493491142602427,0.11756994186923166,0.12951977618399108,0.1381179598673416
2012-05-29,60172.52462968005,0.012038675393933523,0.12910919591821343,0.12620812618346405,0.13152500417108723
2012-05-30,59299.426707068415,-0.014616208346327174,0.13213504584665894,0.13101190324200732,0.14019527512472943
2012-05-31,59168.93386412895,-0.002202999941689733,0.13218875062313581,0.13915606665017144,0.15955366048145553
2012-06-01,57679.22410251236,-0.02549959721683823,0.15351782218925278,0.13518848600605593,0.14962917212398405
2012-06-04,57652.217734789,-0.00046832620466256546,0.14706031087666288,0.1643497506903929,0.20860029775170494
2012-06-05,58088.78420427487,0.00754388734493294,0.15149505984158734,0.15935340090476988,0.19302708816592187
2012-06-06,59393.94461705514,0.022219676431299188,0.17586513084857794,0.1572589544972549,0.183188317642743
2012-06-07,59429.93705818792,0.0006058115881442151,0.1753055848768928,0.17524700293173465,0.21177690968359808
2012-06-08,59902.49596880654,0.007920082895163716,0.1780424598890685,0.1699246023108151,0.19576803839149146
2012-06-11,59141.9012341355,-0.012778511250071673,0.1827564341613644,0.16760176390426584,0.18609819548616005
2012-06-12,59821.48124268148,0.01142515262672154,0.18464564025738572,0.16992315991790907,0.1901426524687933
2012-06-13,59438.94501682237,-0.0064151630138216615,0.1849109089283775,0.17063154234068673,0.18703442135364293
2012-06-14,60069.04253150895,0.010544957978173954,0.18846085962873685,0.16730352390925818,0.17848495417665558
2012-06-15,60683.369553017656,0.010175073294341367,0.18262271198697144,0.1673090750192038,0.17537800581237947
2012-06-18,60800.98075248714,0.001936236822562714,0.17868771758249224,0.1669676393524158,0.17201757516491908
2012-06-19,61389.10240550968,0.009626414508932772,0.17224326647845228,0.16205612025629568,0.15996422832353807
2012-06-20,61289.564024894295,-0.001622749991578455,0.17263361467690377,0.1615165407411705,0.1578360711282187
2012-06-21,59914.300859203584,-0.022694361967980345,0.19283680730030353,0.1567231735198923,0.14772848110542253
2012-06-22,60375.74207549202,0.007672180813778214,0.19453821843975289,0.1757149367466501,0.1954200418112043
2012-06-25,59407.64476794233,-0.01616448511815975,0.2031460456177735,0.17295431048611884,0.1854657037887852
2012-06-26,59706.20738524834,0.005013073411212774,0.19909707261282836,0.17907851758742427,0.19886512168819406
2012-06-27,60244.56203648571,0.008976320345835856,0.19429148425966966,0.1747139027599897,0.18575905384276092
2012-06-28,60072.65359364375,-0.0028575887319639524,0.19443909259071804,0.1729500932988174,0.17887733143865148
2012-06-29,61570.05382334622,0.024620890194510227,0.18587333795271127,0.16804909337382481,0.16738433685854462
2012-07-02,61755.53985981506,0.0030080727088907257,0.1853564116735762,0.18897522063584682,0.20973503098897325
2012-07-03,62162.679455686,0.006571125103833018,0.1851025886557892,0.18359125609626728,0.19436082877887548
2012-07-05,61882.180903144064,-0.004522541761516598,0.17296220607369397,0.179822916212795,0.1832102611771679
2012-07-06,61294.08551239159,-0.009548915168346038,0.17777731445075878,0.17522944812275573,0.17276831948438331
2012-07-09,61217.18520857769,-0.0012553998250299664,0.17639087020112523,0.17390142738670178,0.17165590413926402
2012-07-10,60683.36955301766,-0.008758271344981139,0.1727393921186596,0.16867434189751898,0.15994188496304776
2012-07-11,60692.41690505723,0.0001490800153859708,0.16854787499845936,0.1670442642834722,0.15920145046807702
2012-07-12,60398.3757752485,-0.004856549391404322,0.1677613941576602,0.1619564604946436,0.14832317310749762
2012-07-13,61411.72735117615,0.016638602678967995,0.17374362539061458,0.15815411091306497,0.14243333450845685
2012-07-16,61266.93470218282,-0.002360519976376287,0.17073640343486085,0.16642664176537772,0.16277378363267667
2012-07-17,61687.66939986069,0.006843767143444351,0.17217473190739882,0.16161747098897886,0.15261661756411513
2012-07-18,62144.589128651845,0.007379689393795216,0.17081327378595676,0.15893763620266907,0.14678373194271083
2012-07-19,62307.42833422916,0.002616900904078748,0.170740674858653,0.15674480623194423,0.14254343127595456
2012-07-20,61737.42327051084,-0.009190370553271756,0.15174223807212223,0.15231002120483042,0.13376542869849103
2012-07-23,61113.14722569008,-0.010163264457742524,0.15528394596906345,0.1519326206538819,0.13855666908148256
2012-07-24,60588.36579103459,-0.008624127576066398,0.14654319668707003,0.15251322613312507,0.1449071146163683
2012-07-25,60601.93900761646,0.00022399839097978066,0.14578083856469326,0.151621983276501,0.14634719958392187
2012-07-26,61601.717366962206,0.016362860095919442,0.15346802969903303,0.14700554722240416,0.13677238343120182
2012-07-27,62737.22351508165,0.018265198474638596,0.16416137514794932,0.15608417632787355,0.15770183815222522
2012-07-30,62737.22351508165,0.0,0.14115320024143496,0.16716707247768903,0.1794987800014782
2012-07-31,62298.402867414654,-0.007019158651565876,0.14366887411079687,0.16207449001466973,0.16663053022841784
2012-08-01,62244.12750926722,-0.000871595613470529,0.1418724166836777,0.15948978947858464,0.16163826281653138
2012-08-02,61814.3454595498,-0.006928728990775318,0.1431557668015539,0.15466822464946953,0.15078287941562069
2012-08-03,63040.30324283991,0.019638791158809652,0.1545220978691448,0.15235745563939795,0.14786661388066275
2012-08-06,63162.44468389669,0.0019356389809083714,0.15420838523016334,0.16628752285859597,0.1773079928491066
2012-08-07,63479.13702164192,0.005001406230509476,0.14966018217977112,0.16139732934810014,0.16473181632053202
2012-08-08,63556.04607954584,0.0012108309748978666,0.1495096808418604,0.15768438317541073,0.1552641827762823
2012-08-09,63610.31268360324,0.0008534742659814576,0.14723859465545638,0.15295316415069588,0.14475990874022585
2012-08-10,63714.38568285094,0.001634765662286985,0.13756680518981473,0.14833072467741215,0.13531141669895716
2012-08-13,63682.70025400987,-0.000497427853414342,0.1369698671966736,0.1439523922237419,0.12695616695400128
2012-08-14,63691.75198309447,0.0001421278590937009,0.13584462322516755,0.13958042471098286,0.1196379278582816
2012-08-15,63764.1351764561,0.0011358157360385889,0.13411738230617137,0.1353293711420873,0.11295614543845646
2012-08-16,64234.610613649056,0.007351283843423681,0.13578288115738066,0.131281005260357,0.1069938326092194
2012-08-17,64320.57140063757,0.0013373369856143455,0.12977530957857988,0.13045200565240844,0.10884432441851812
2012-08-20,64325.08413404481,7.015757182515159e-05,0.12184389429211338,0.12658476962744689,0.10339324446048105
2012-08-21,64130.55949962641,-0.0030286685366395175,0.1165342713733916,0.12272879079278513,0.09862829476118715
2012-08-22,64157.72781801522,0.00042355104059801116,0.11647697551925133,0.11957135091917587,0.09699178006672814
2012-08-23,63632.92887517968,-0.008213462653678751,0.11121381316251093,0.11594042410961092,0.09295153019475795
2012-08-24,64017.46103356421,0.0060247888284085125,0.09408736621560093,0.11685743824787408,0.10393758371373003
2012-08-27,64031.029873101055,0.0002119328309387129,0.09406019424445615,0.11569420122667916,0.10373976900688238
2012-08-28,63967.724671094096,-0.0009891534865945628,0.0895515006730217,0.11217271695187736,0.09890092146303958
2012-08-29,64017.4610335642,0.0007772206556557618,0.08920637851893332,0.10882347680036267,0.09517036834132153
2012-08-30,63556.04607954583,-0.007233742749537823,0.08959003359255327,0.10555155008142374,0.09133699741278963
2012-08-31,63859.13893843913,0.0047575715649003725,0.060106490516210295,0.10613127106424936,0.09987342385272803
2012-09-04,63800.32458461437,-0.0009214257425635802,0.06014855101269947,0.10454783279552488,0.09829329352921938
2012-09-05,63746.04922646695,-0.0008510686709738985,0.05788759088383572,0.10142618816528765,0.09459846929540237
2012-09-06,65039.8993549365,0.0200937086050628,0.09135140783977759,0.09839200695881012,0.09134401596898038
2012-09-07,65293.21645795462,0.0038872303545936337,0.09185241585295303,0.12330829472917804,0.14393067779802582
2012-09-10,64922.23125388189,-0.00569803682039077,0.09513331026369785,0.12050357289599939,0.13581112350036284
2012-09-11,65103.222065123526,0.002783930738415562,0.09518921132692301,0.11891490606643924,0.13290420856957774
2012-09-12,65320.32787475826,0.0033292455276048255,0.09543444896136892,0.11579936821714464,0.12526549865570366
2012-09-13,66315.57599251671,0.015121514008184034,0.10735606923129003,0.11301553990739757,0.11885252197173726
2012-09-14,66609.66964686557,0.004424955286748041,0.10590023219894916,0.12435233626969176,0.1405031165777735
2012-09-17,66383.45082951608,-0.0034019659771175716,0.10750797815847288,0.12178565757283255,0.1332453909948653
2012-09-18,66329.17984841365,-0.0008178721776581585,0.10771922027532763,0.11881427102567901,0.1274157688469618
2012-09-19,66365.36050248193,0.0005453224355607131,0.1064509805761127,0.11523860087954205,0.12017960721919017
2012-09-20,66369.89074406923,6.825981111305454e-05,0.10651549921493442,0.11174808883503046,0.11338319604034548
2012-09-21,66342.12714755881,-0.000418403658636391,0.10031132091680195,0.10834411699275769,0.10743213445603625
2012-09-24,66242.08978381206,-0.0015090390854332998,0.09995055401796489,0.10505611718239892,0.10233832517127833
2012-09-25,65537.14917646718,-0.010698913383456642,0.10919295395843305,0.10202456439647888,0.09853982037685731
2012-09-26,65168.733297816434,-0.005637341600124427,0.11162717282931046,0.10730893839464077,0.11605126923591329
2012-09-27,65782.74517208431,0.009377769250873892,0.11557582917244194,0.10632405006867966,0.11604948409088742
2012-09-28,65478.028429491584,-0.004642929972522914,0.11336551074222993,0.1093444413502622,0.12086367750238637
2012-10-01,65650.83854360599,0.002635731065893165,0.112803066284903,0.10753963566863482,0.11837814157919112
2012-10-02,65719.04603602627,0.0010384038741822585,0.11248599670732644,0.10476605685299067,0.1123118213409048
2012-10-03,65987.40704275023,0.004075143955901877,0.11249027011745116,0.10165468361769708,0.10641428274218083
2012-10-04,66460.40803491508,0.00714248102518901,0.09196710056767395,0.09982358944177702,0.10304932658373381
2012-10-05,66464.9470305924,6.829390339950388e-05,0.09141858841831516,0.10068868556421434,0.10516247633216219
2012-10-08,66237.53765699967,-0.0034273600338234353,0.08958542797104839,0.09762166376965599,0.10018341051834616
2012-10-09,65582.63105118572,-0.009936446002591448,0.09727976468195974,0.09558138652773533,0.0988808521595846
2012-10-10,65164.20305622911,-0.006400605051991557,0.09945655784808116,0.10040167182903982,0.11373698025621114
2012-10-11,65200.60256254799,0.0005584253678284824,0.0817075295665248,0.10047436622631527,0.11568360040271272
2012-10-12,64986.82768416731,-0.0032841123004380903,0.07966612561953423,0.09743771023840526,0.10939493163631231
2012-10-15,65528.0317917074,0.00829341902902885,0.0860077611665432,0.09532856909223895,0.10655230438397313
2012-10-16,66192.03389705608,0.010082104445567775,0.09404977221884561,0.09788896568986796,0.11058749601200975
2012-10-17,66492.23352919654,0.004525029985867443,0.09546419494572168,0.102685173895643,0.11836181912921226
2012-10-18,66319.4146609921,-0.0026024669989249335,0.09594381203662823,0.10109988029102451,0.11392503497548988
2012-10-19,65214.24143480505,-0.016804812812764823,0.11293285303718033,0.09854095546783062,0.10965621402374301
2012-10-22,65223.35006547481,0.00013966266288421535,0.11295830367117903,0.11574806660745492,0.1468836967505933
2012-10-23,64318.28220609633,-0.013973617138692303,0.11728918168471347,0.11222322822629983,0.13726600492911228
2012-10-24,64136.35470722214,-0.0028325582460131536,0.11621656275800976,0.12161731312816539,0.15525185156227791
2012-10-25,64322.80807063862,0.0029029224591027546,0.11084551173674016,0.1184256652966969,0.14628307638132582
2012-10-26,64286.44358067983,-0.0005655034993357264,0.11006999939783449,0.11537146755596565,0.13724934298401895
2012-10-31,64286.44358067983,0.0,0.10933642557727667,0.11187839953662881,0.12883114047357483
2012-11-01,64959.53243147319,0.010415719803101664,0.11654151297582904,0.10847013278273836,0.1211589161579909
2012-11-02,64381.92881761422,-0.008931512725898807,0.11877278752431884,0.11269494343174173,0.12759859454904987
2012-11-05,64513.83982313753,0.002046786375781992,0.1153352963262542,0.1146485616242986,0.1329313489402879
2012-11-06,65018.6575554938,0.007794496336983062,0.11988742401107724,0.1114404677786612,0.12495414331533997
2012-11-07,63545.10784406111,-0.02292425456144878,0.14271045277815897,0.11221605181608166,0.12468392168271725
2012-11-08,62781.0246045156,-0.012097141624788092,0.14448420857108768,0.14065127098506258,0.18250337494484267
2012-11-09,62835.60197876884,0.0008689514942709249,0.14397302781433555,0.14425147021969043,0.18552143887876385
2012-11-12,62885.64911143477,0.0007961603130029665,0.14402756725102667,0.1398977991985741,0.17200734030932752
2012-11-13,62667.33086033174,-0.003477710703307332,0.14405552841185165,0.13567127441200508,0.15980904606696003
2012-11-14,61821.41876428895,-0.013590386576334362,0.1446269559797015,0.13223146914100936,0.1509233262028049
2012-11-15,61716.8117655498,-0.0016935166270646343,0.13640174315389503,0.13866756898282587,0.1643537046936214
2012-11-16,62021.51537700748,0.00492497731925461,0.13672085274516788,0.1346043726803497,0.15360568688561232
2012-11-19,63276.76434551718,0.020036842755366248,0.16024256749854274,0.13190139721818434,0.14531977588932246
2012-11-20,63304.07710639137,0.000431546527654367,0.15103390765081814,0.14974779762982887,0.17703153782266737
2012-11-21,63422.30546920752,0.0018658845098314452,0.1514042452674252,0.1451955734699125,0.16435338545937275
2012-11-23,64286.44358067983,0.01353315738359451,0.15258564248264342,0.14095917827513843,0.15304756047432033
2012-11-26,64150.01546470424,-0.0021244461004457003,0.15243344641241172,0.14644621311932754,0.16134738884155064
2012-11-27,63822.54684213972,-0.005117805432886758,0.15307246166672422,0.14222497810801568,0.15117867398667093
2012-11-28,64336.46007403068,0.008019974543010079,0.15594886638225683,0.13932081593424275,0.14528716428173438
2012-11-29,64636.64657503609,0.0046550331441133,0.1568065076228601,0.13862968888909247,0.14233995222161971
2012-11-30,64650.27669320312,0.00021085068579208398,0.15216589050756946,0.13561983456197702,0.13509152829883767
2012-12-03,64331.90794721831,-0.004936641342171679,0.14978104359192748,0.1314908641699408,0.12670306174683962
2012-12-04,64240.97483709631,-0.0014144992834325416,0.14964565199286922,0.1289222144783275,0.1238468034727879
2012-12-05,64354.64669605508,0.0017678967170100578,0.14687245250771402,0.1251156799252809,0.11734785191002653
2012-12-06,64572.96057011309,0.0033866149747692766,0.12104833321774489,0.12149878311514843,0.11101601738393457
2012-12-07,64768.518187154295,0.003023898720417301,0.11117376091363337,0.11853122269968626,0.10637621857131167
2012-12-10,64795.81343984843,0.00042133900210312324,0.1112219180945125,0.11552025119903583,0.10202821869624804
2012-12-11,65236.98893773183,0.006785629204844752,0.11271550956284133,0.11201302126257466,0.09736361689582917
2012-12-12,65268.79692383322,0.0004874571119009453,0.11110376717024326,0.11176000511657608,0.09975538785063344
2012-12-13,64868.61245248617,-0.006150202846034378,0.09978957210680706,0.10837192232912149,0.09536257339261336
2012-12-14,64627.54232141135,-0.003723205680926836,0.1011462734999976,0.10775768678598671,0.10020747810437554
2012-12-17,65387.077811189534,0.011683980304284854,0.10618883568837788,0.10547328238554629,0.09935289336060854
2012-12-18,66114.72652805607,0.011066861737727888,0.09028273786150921,0.11189838820601564,0.1147142302155838
2012-12-19,65623.55204500185,-0.007456857100921185,0.09645597901748415,0.11671247923163293,0.12433482207236268
2012-12-20,66001.03278387223,0.005735733552271138,0.09746430493962945,0.11681283308516618,0.12673633744428467
2012-12-21,65401.94663309489,-0.009118367092266148,0.09502658093653518,0.11542942052373638,0.12273839488355498
2012-12-24,65200.40559552243,-0.0030863333487357,0.09548749759634588,0.1173953179890501,0.12953347443635777
2012-12-26,64925.610332631,-0.004223531619245418,0.09480122116039723,0.11444992748849907,0.12381217853353536
2012-12-27,64838.55090734451,-0.0013418102119536488,0.0911740730018883,0.11217206704165468,0.12027365412279901
2012-12-28,64137.79037798599,-0.010866604185313471,0.09793738110509975,0.10887993911260493,0.1141444223391453
2012-12-31,65227.88906115211,0.016853380124944306,0.11552360121182807,0.11370561525659674,0.12799515450503854
2013-01-02,66899.69702639832,0.025307314558628436,0.1433653184734219,0.1282492090406902,0.15317676541212896
2013-01-03,66748.54453100273,-0.0022619461068937798,0.1436608926046173,0.15857094883789316,0.20329311498585784
2013-01-04,67041.688366584,0.004382148058810194,0.14392495831560453,0.15399162651686288,0.1889325977796229
2013-01-07,66858.48714761135,-0.0027363867535470953,0.14480649420531347,0.1502696525776365,0.17637442857976446
2013-01-08,66666.10288820376,-0.0028816324016833917,0.14562653310790263,0.14607986206567275,0.1650532589914743
2013-01-09,66835.57769401913,0.0025389178040894004,0.14562332011551185,0.14207223539865452,0.15505138011459724
2013-01-10,67366.92031914745,0.007918562015127159,0.14621790602812906,0.1380974798958084,0.14491879689994838
2013-01-11,67362.31566779494,-6.835415224567035e-05,0.14628761192418313,0.13738536281968514,0.1418464059910057
2013-01-14,67316.52302288056,-0.0006800273468980903,0.1437206255734231,0.13320031639263277,0.13279447906339537
2013-01-15,67362.31566779496,0.0006800273468982646,0.1422979599389207,0.12916956638551771,0.12490355184869194
2013-01-16,67353.15888963008,-0.0001359424848416617,0.13782384217513463,0.12526245374317221,0.1175755820345444
2013-01-17,67788.272180172,0.006439398941172781,0.13449383618398203,0.12144760517081268,0.11119470879144198
2013-01-18,67939.42467556758,0.002227291280762059,0.13051293035091274,0.12038070168229856,0.11057567011692737
2013-01-22,68305.84899873791,0.00537890521639474,0.1303738946219886,0.11703431220452191,0.10521675890714063
2013-01-23,68415.80036943658,0.0016083977176978071,0.12395262563553591,0.11538054278628607,0.10375406115432731
2013-01-24,68434.0745323612,0.0002670687575909872,0.12260109691884587,0.11204027872108825,0.09897862214940051
2013-01-25,68818.8518052664,0.005606849940247025,0.12048314216291518,0.10863204433983079,0.09471452966817186
2013-01-28,68736.39265428741,-0.0011989242748297773,0.12041728564796911,0.10755551915053416,0.09529313056668268
2013-01-29,69006.61390514142,0.003923561772898476,0.10884899518482413,0.10438310255658298,0.0921836134239292
2013-01-30,68736.3926542874,-0.003923561772898672,0.10007537274558571,0.1023466880197028,0.09065219970966501
2013-01-31,68566.91784847203,-0.0024686206219062404,0.054953125536540005,0.10039480191180616,0.09169204027747783
2013-02-01,69272.29178327309,0.010234824968860141,0.06188506713441127,0.09780854708568495,0.09035649190971103
2013-02-04,68493.63298383798,-0.011304204468255372,0.07667365487229376,0.10284146050711807,0.10345910771607038
2013-02-05,69185.25424321166,0.010046959138924519,0.08152726245067117,0.10896739798592964,0.12163880114931926
2013-02-06,69235.66029356858,0.0007283011061391025,0.0798195517472225,0.1126396643284928,0.1270299377612907
2013-02-07,69144.05311851473,-0.0013239973718271556,0.08057782032062094,0.10924491900977179,0.11946762681646333
2013-02-08,69528.78224392478,0.005548745167127738,0.07856523426792406,0.10604192605558639,0.1134216352186607
2013-02-11,69515.0514537225,-0.00019750304464098714,0.078602486746754,0.10505103473731785,0.11100869157308292
2013-02-12,69629.55495123353,0.0016458205073984194,0.07815059738595531,0.10185365235524078,0.10540825321241326
2013-02-13,69689.09589453026,0.0008547448106949883,0.07812313049956195,0.09895793263994462,0.10044304453497245
2013-02-14,69753.22835804445,0.0009198422126120118,0.07788394960540627,0.0960008259727156,0.09595115948227513
2013-02-15,69670.76483002045,-0.0011829174556585872,0.07648495029982504,0.09314495290031599,0.0920225704331217
2013-02-19,70192.92441471381,0.0074667272608768985,0.07946726528900905,0.09042444711803505,0.08934457613917997
2013-02-20,69318.09755932246,-0.01254149399392149,0.09262866043882276,0.09235234853618833,0.09485582512228127
2013-02-21,68896.69317375777,-0.006097837852336716,0.09565512780900545,0.10195797990312536,0.12024720327836716
2013-02-22,69569.9964997567,0.009725207330532778,0.10127286083563392,0.10165589170455498,0.12046069142193917
2013-02-25,68246.273039081,-0.019210564534976878,0.12193190082491327,0.10556481195168997,0.12527535614514546
2013-02-26,68713.48320069512,0.0068226169022514785,0.12454684281439556,0.12670937649641364,0.16670559040027805
2013-02-27,69579.19267132669,0.012520124782130965,0.1316874257188324,0.12568117368832138,0.1590758784985953
2013-02-28,69441.74470386335,-0.00197737139230311,0.13101686206404994,0.13121785421901525,0.16354303739366294
2013-03-01,69670.76483002046,0.0032925914977461022,0.1308753456231748,0.12745256731017005,0.15304774232923476
2013-03-04,70041.78505045328,0.005311206372268294,0.12728461802355712,0.12423133992569743,0.14351448785447135
2013-03-05,70669.27384631278,0.008918886124802515,0.12245023593148212,0.12220449679556782,0.13683143684776347
2013-03-06,70765.48567271912,0.0013605119643028088,0.11827946723865766,0.12345301221115365,0.13690566899950615
2013-03-07,70893.71996043244,0.0018104622592945861,0.11829319634019043,0.11980899157316442,0.12832640075164567
2013-03-08,71196.02932826862,0.0042551954029221815,0.1183825086621939,0.11637225928367938,0.12077602540628338
2013-03-11,71466.25933321266,0.0037883918822907963,0.1177397217363614,0.1140338795632527,0.11573564577053748
2013-03-12,71305.9413055622,-0.0022457886663425596,0.11832541092448083,0.11153700315287836,0.11086412131953745
2013-03-13,71406.71401287093,0.0014122465009516595,0.11831852356474504,0.1084911591651681,0.10662423104871864
2013-03-14,71786.88225737859,0.005309862279249345,0.11916983719997779,0.10532932951222568,0.10145230484441209
2013-03-15,71692.07546242107,-0.0013215430368656437,0.1195751929427798,0.10418692103150563,0.10045537987243322
2013-03-18,71296.45624902142,-0.005533593752925948,0.1217844214117691,0.10114359277916617,0.09675562213403634
2013-03-19,71130.81135759149,-0.00232602884120944,0.11999894493055435,0.1003952646053395,0.09990964241980463
2013-03-20,71627.67162211615,0.00696087910693035,0.11117866321609152,0.09775613539639368,0.09721998162359735
2013-03-21,71015.79136876906,-0.008579208517825506,0.11378713518962608,0.09856727812439695,0.10001001805063052
2013-03-22,71586.26477630368,0.008000956875456542,0.1122917643549863,0.10121982235699246,0.11035044222040238
2013-03-25,71287.22506109139,-0.004186083117764038,0.08501839210127629,0.10294968087787706,0.11300362773343206
2013-03-26,71857.73786203109,0.007971161682867574,0.08594301628691456,0.10113194726861545,0.11094444301064756
2013-03-27,71857.73786203109,0.0,0.07711152147211099,0.10283348930035716,0.1134239667834906
2013-03-28,72078.55978288093,0.003068330889563565,0.07607017585591296,0.0997007669498358,0.10748458981311909
2013-04-01,71793.33402172614,-0.003965001464666789,0.0785824876903476,0.09739701191419496,0.1030306911815642
2013-04-02,72147.56827453837,0.004921950082134837,0.07834391732630248,0.0956802610345568,0.10212409804916586
2013-04-03,71416.05900397133,-0.010190820825564216,0.08347903450220151,0.09471916686089042,0.10044315683936676
2013-04-04,71705.90254761364,0.004050306979305823,0.08437702207677053,0.10001835887748349,0.11570951980574087
2013-04-05,71383.84395268383,-0.004501498488081342,0.08619086467105362,0.09824202351125903,0.11109908092177279
2013-04-08,71866.91652542102,0.006744458490543002,0.08812019159010626,0.09684415016293513,0.10983375792068874
2013-04-09,72115.32696098079,0.003450573848812911,0.08795942437886976,0.09748762171134241,0.10999241981899849
2013-04-10,72998.68030005529,0.012174761995236495,0.09656639045800852,0.09546534385417454,0.10553741668136019
2013-04-11,73237.92520336017,0.003272027765289962,0.09685270794762169,0.103961403360722,0.12083602402632684
2013-04-12,73058.47073491769,-0.002453301153431871,0.0964731979583982,0.10159415441226399,0.11490321075084775
2013-04-15,71365.42097022878,-0.023446637617906326,0.12948314266295646,0.09896005466209963,0.11035262712706861
2013-04-16,72419.00196686067,0.01465527116387954,0.13805928153093217,0.13235425374824097,0.17707702663345704
2013-04-17,71360.85133523635,-0.014719304714538025,0.14838161776867495,0.1404066145385877,0.1836216063426341
2013-04-18,70914.58971104914,-0.006273227261098784,0.14777324325061938,0.14767208362707265,0.1932548581244759
2013-04-19,71531.05710756867,0.008655529445812837,0.1479395258974102,0.1452365130931912,0.18376110182946478
2013-04-22,71848.51980523602,0.004428290601537784,0.1460237569728625,0.1447784137361266,0.17663344222327526
2013-04-23,72589.20773919299,0.010256245917473981,0.14925586934726137,0.14142008794582656,0.16538839257403756
2013-04-24,72635.21923635798,0.0006336605991538609,0.14690248726592506,0.14279406280571644,0.1636820344040219
2013-04-25,72929.65867726278,0.004045479193728666,0.1474069495799522,0.13846590475501003,0.1523108951446391
2013-04-26,72800.84224256287,-0.0017678724417578486,0.1473935554250801,0.13516616000197051,0.1433851565093976
2013-04-29,73288.51508960756,0.006676388580476418,0.1479585011040372,0.1312286287378213,0.13491618230501848
2013-04-30,73463.3605296525,0.002382872750884682,0.1473460500741449,0.12985244390185519,0.13119677853186332
2013-05-01,72819.26522501792,-0.008806233327553963,0.14603949997865245,0.12623711959703707,0.12354494640833673
2013-05-02,73495.54056457993,0.00924417938188822,0.14863184748988764,0.12709136041858782,0.12935972633498358
2013-05-03,74240.83752693443,0.010089637970331017,0.15018192591254756,0.1283555936779765,0.1313961628242592
2013-05-06,74429.48816694687,0.0025378398868017666,0.14914400995088728,0.13048324388069954,0.13502712415882354
2013-05-07,74806.76318470169,0.005056088156327436,0.1494950235320441,0.126892500419579,0.12702628135731772
2013-05-08,75147.15722118631,0.004539989621245362,0.1448743913807253,0.12458784996110399,0.12209871678609681
2013-05-09,74935.56211122154,-0.002819715035837508,0.14547095449001618,0.12207559290685947,0.11719864703542808
2013-05-10,75179.38978065387,0.0032485489391550536,0.14500718552711755,0.11886344833018905,0.1127429034605813
2013-05-13,75239.18021551629,0.0007949874541809421,0.11150923160963476,0.11593261236418077,0.1077738038494265
2013-05-14,76016.71849142836,0.010281187465028917,0.10621491466428859,0.11244333812814011,0.10239641053067453
2013-05-15,76426.16479002056,0.005371812371591075,0.0850358994013958,0.1161168403173469,0.11259811418901597
2013-05-16,76067.31713176581,-0.004706408642698081,0.0828178839152318,0.11450083692043275,0.1100427411133516
2013-05-17,76803.43980777539,0.009630728340852133,0.08368969952674396,0.11251101023770589,0.10929064628746764
2013-05-20,76798.82640233285,-6.006949712072859e-05,0.08458090377586905,0.11533255315070864,0.11612806088533531
2013-05-21,76909.2504938928,0.0014368029681504706,0.0807090842162262,0.11181930291972837,0.10989209081937687
2013-05-22,76338.77270931318,-0.007445191237399231,0.08843062658778418,0.10855669894114477,0.10433771470268775
2013-05-23,76117.9332802833,-0.002897079299417331,0.09022301214124254,0.10915859226385942,0.11056659759776089
2013-05-24,76053.48566952825,-0.0008470396747710222,0.08975207551797183,0.10643103665918413,0.1070756213618491
2013-05-28,76508.99598982558,0.005971476983219378,0.08931809202335206,0.10324127019168497,0.10223061292366316
2013-05-29,76012.0963318958,-0.006515838673876656,0.09444872194530304,0.10275403331959805,0.10221445640787985
2013-05-30,76292.77872032824,0.003685800682282037,0.08604432294180786,0.10279506274346566,0.10656598285574514
2013-05-31,75197.77336970382,-0.014456669493432982,0.10066994132211565,0.10068874090090739,0.10277268629690253
2013-06-03,75611.86809009865,0.00549163511134882,0.09648752445139093,0.11264962502970828,0.1329325574734662
2013-06-04,75248.43328867144,-0.004818172855203111,0.09836141407706565,0.11128581018198312,0.12779045960199162
2013-06-05,74194.82602976948,-0.014100665643077473,0.10957953478174408,0.10951012407392986,0.12459238694341004
2013-06-06,74866.53611138409,0.009012592112390255,0.11334497949660607,0.1194956495629175,0.1464720436149451
2013-06-07,75818.87605689098,0.012640276346658453,0.12156885232948102,0.12103969231351622,0.14520450882534394
2013-06-10,75818.87605689098,0.0,0.12117141469434198,0.1272296847066848,0.15267394695820574
2013-06-11,75036.77690007653,-0.010368934126640968,0.12705463534855754,0.12335375596360525,0.14248425707235812
2013-06-12,74415.70047515946,-0.008311404549753083,0.12394139073849068,0.1262093651950558,0.14859548186757618
2013-06-13,75547.46424979373,0.015094176820028176,0.134953116643015,0.1265604869162498,0.1487389940588524
2013-06-14,75073.59660271653,-0.006292203863585621,0.13571176767386825,0.1360196902898569,0.1625207015067702
2013-06-17,75653.25742773109,0.007691578073281427,0.1339248039716525,0.13412644496595297,0.15690147594476336
2013-06-18,76251.32810406567,0.007874334596626934,0.13738715034069887,0.13343542965983274,0.1517860124428714
2013-06-19,75197.77336970385,-0.013913212022073677,0.14530444979731122,0.13294446529558576,0.14766610215484766
2013-06-20,73334.51783268258,-0.025090211254339412,0.16731544396362208,0.13978794057208807,0.1628605948126453
2013-06-21,73569.9503297821,0.003205248984001453,0.16828446146256162,0.16699266746036392,0.21502423358459447
2013-06-24,72640.31849379689,-0.012716539967065999,0.17270063637744879,0.16238440527545617,0.19922346345098593
2013-06-25,73338.71104180397,0.00956846854920521,0.17543476901379737,0.1650201031684372,0.20082924632774546
2013-06-26,74064.80153064628,0.0098518189820914,0.17956224896825881,0.16426215909101083,0.19294309958383934
2013-06-27,74499.56465758725,0.005852875480230639,0.18052213750437832,0.16380065797790702,0.18655239006237653
2013-06-28,74194.3182925481,-0.004105707481349581,0.17405563190656412,0.1604330677563958,0.1755081437378868
2013-07-01,74629.06391130901,0.0058424536382085035,0.17422476652335755,0.1563627781949765,0.1654900572541785
2013-07-02,74559.6614856005,-0.0009303977968888713,0.17353756959402222,0.15329210475435887,0.15680659331722574
2013-07-03,74592.0603727785,0.00043444202029860275,0.16588508152828316,0.14866623589414693,0.14647011579304323
2013-07-05,75396.82386866452,0.01073107814252477,0.16719372005745498,0.14414716251129395,0.13685859957570048
2013-07-08,75826.93857380286,0.005688469298998332,0.16216289812448256,0.1458521836947965,0.14102975366038467
2013-07-09,76372.69480815533,0.007171614823732784,0.16414578291209686,0.14312844303515912,0.13510912133175831
2013-07-10,76400.40150308059,0.00036271694294373336,0.15918426870485966,0.1415424278021612,0.13216610906575096
2013-07-11,77441.08772510746,0.01352953747211517,0.16128599923251966,0.1372377228657718,0.1240708148222783
2013-07-12,77473.43408774532,0.00041760272348157065,0.1537093427397151,0.1430798119651584,0.13893650448322134
2013-07-15,77769.43613371937,0.0038134106160150607,0.15129172793230133,0.13873052816172088,0.13011377581035757
2013-07-16,77478.10001772801,-0.0037531862366820953,0.15079795597385423,0.13531912812808997,0.12351974372937606
2013-07-17,77676.94917261816,0.0025632329054119285,0.14884210274599666,0.13200597306124148,0.11937047922562884
2013-07-18,78102.45047231397,0.005462883524456047,0.13877077372629062,0.12837204980787906,0.11314763613835621
2013-07-19,78241.19404510084,0.0017748544833602752,0.09550209710541466,0.12626103040589678,0.11064673287386377
2013-07-22,78393.79534239536,0.0019484962609213825,0.09561198297038702,0.12260899873491456,0.10509634128511237
2013-07-23,78227.34507468321,-0.0021255154947137757,0.07804033403304927,0.11911504413060263,0.10027594920290499
2013-07-24,77940.57859368426,-0.0036725442277552897,0.07899309727910123,0.11578168893935475,0.0973205072581935
2013-07-25,78130.22719995942,0.0024302905165948575,0.07478946376421652,0.11315921416453631,0.09683775243078856
2013-07-26,78213.46984199554,0.0010648673592489279,0.07401554095677265,0.1101181670873632,0.09330383149802905
2013-07-29,77972.93371041215,-0.003080118579836786,0.07289501178228845,0.10684378919624038,0.08972533359784553
2013-07-30,77972.93371041215,0.0,0.0722719892298286,0.10427897671662181,0.08953453498780735
2013-07-31,78028.44339525292,0.0007116563739810979,0.07156275590963142,0.10110221899623079,0.08655333102792538
2013-08-01,78930.31601177272,0.011491968277709073,0.07824535994518081,0.0980612908404681,0.08385037575282349
2013-08-02,79064.44617911708,0.0016979069142281382,0.0725011714638848,0.10505181397408862,0.10313085815884471
2013-08-05,78948.78714172289,-0.0014639160989081172,0.07261076308621497,0.10206527258073243,0.09845921521021811
2013-08-06,78500.16629027428,-0.005698635090655312,0.07483141113022175,0.09911954194895904,0.0951342490746934
2013-08-07,78245.83371281342,-0.003245158417503152,0.0765539894762256,0.09862158050789625,0.0989681057631184
2013-08-08,78532.60894790241,0.003658354427578053,0.062113492869667455,0.09644621660315074,0.09758365851524146
2013-08-09,78305.93929491668,-0.0028904859595078733,0.06340929473422073,0.09458392949576047,0.09497709148469585
2013-08-12,78213.46984199547,-0.0011815718470860382,0.062455145759591366,0.09238873719804264,0.0936982618987854
2013-08-13,78444.72663815365,0.0029523761837395453,0.06122883198545339,0.0896919575507025,0.09079074546076482
2013-08-14,78042.30987385054,-0.005143143615350695,0.06403133401544071,0.08771409393188032,0.08845720829933952
2013-08-15,76950.78865105558,-0.014085004796447472,0.07876355541691266,0.08736183184151357,0.09234957162517939
2013-08-16,76696.47358177476,-0.0033103785622981296,0.07867604732687936,0.10086516330178494,0.12481414979656756
2013-08-19,76206.21827817305,-0.006412666483134682,0.08010920101949771,0.0986359388050569,0.11994124327365303
2013-08-20,76580.84080665065,0.004903861380149796,0.08311202009927174,0.09882851089056885,0.12084355034623001
2013-08-21,76109.0478789091,-0.006179773045447055,0.08461871715060543,0.09769674344759198,0.11653277578138144
2013-08-22,76802.8095132936,0.009074069290603093,0.09140202687298915,0.09772103731661073,0.11753064939275391
2013-08-23,77061.81677482715,0.003366693338523862,0.09240359719170808,0.10110093331200871,0.12132368050871112
2013-08-26,76775.0853101883,-0.0037277375296599223,0.09264923602696526,0.09889132575198328,0.11540536950320328
2013-08-27,75540.21586325395,-0.016215002615508692,0.1075351205632246,0.09696820396422277,0.1123268373185801
2013-08-28,75808.46744385263,0.00354481922981346,0.10880040732178088,0.11319941885777111,0.14615907886093146
2013-08-29,75928.72237850928,0.0015850426645492028,0.09836108434067228,0.11061309128551808,0.13753615767302174
2013-08-30,75688.21250919596,-0.0031726016783958774,0.09748838094752237,0.10742033091026337,0.12893201235443227
2013-09-03,76030.43615049556,0.004511300683590608,0.10033777152156645,0.10487596823206846,0.12338018094861244
2013-09-04,76659.47004324423,0.008239411066182598,0.10537944776494716,0.10318309123972982,0.11828588901650108
2013-09-05,76756.59667205806,0.0012661860503881493,0.10542719479518314,0.10504480123665479,0.12004731155787579
2013-09-06,76793.56519422847,0.0004815172115142417,0.1041767732935597,0.10196365256700095,0.11329413436805238
2013-09-09,77528.935018496,0.009530371647149703,0.11051355717249245,0.09887515847547147,0.10728613022982628
2013-09-10,78102.45047231388,0.007370210682381185,0.1139288999295799,0.10277664257882957,0.11428317788419405
2013-09-11,78347.55623888968,0.0031333455621080026,0.11399438830358481,0.10368497696093924,0.1149211460028408
2013-09-12,78139.44525675436,-0.0026597877502392833,0.11286145078621539,0.10126196689404264,0.10959590845270263
2013-09-13,78315.19236807174,0.0022466216138590216,0.09984780997214819,0.0987203767342142,0.10595992508220911
2013-09-16,78768.46164132298,0.005771071905989214,0.09999792689053673,0.09611079711859354,0.10116969536854267
2013-09-17,79119.9646180478,0.004452556349722044,0.09620127776805894,0.09584687736217558,0.10097552588657328
2013-09-18,80035.69495907525,0.011507482029681979,0.10165881559068446,0.09452610416045175,0.0988221520541995
2013-09-19,79901.56479173091,-0.001677285192942084,0.09792018421489992,0.10198674474047517,0.11374747854757482
2013-09-20,79342.95755322353,-0.007015745616016777,0.10007581617552308,0.09909467803643376,0.10864144047978387
2013-09-23,78975.79350944619,-0.0046382971008858305,0.10224063568653716,0.0998738538500018,0.11293214416804283
2013-09-24,78789.85663734112,-0.002357128538711501,0.1014726021710003,0.09849664023620931,0.1116168110597271
2013-09-25,78562.14524764256,-0.0028942949048137026,0.07965694827195671,0.09593487582920955,0.10739103988616065
2013-09-26,78864.23138618314,0.00383781315152689,0.0797409475610932,0.09369071327748492,0.10432976841477205
2013-09-27,78501.75078056852,-0.004606856471829767,0.08310170745419047,0.09205418172544945,0.10098871236176951
2013-09-30,78083.41908060217,-0.0053431968762941194,0.08511093893105605,0.09102981766553413,0.10152006552234798
2013-10-01,78701.58914763134,0.007885617092031266,0.08747400355896366,0.09066925777347476,0.10339713682041698
2013-10-02,78627.22315287933,-0.0009453576773766878,0.08442653112201184,0.09310137354273532,0.10708583356246534
2013-10-03,77902.20941710995,-0.00926367531848532,0.09233199175451562,0.09033995002998677,0.10229550782538904
2013-10-04,78492.44518287324,0.00754806575169402,0.09542430916733852,0.09470565592866535,0.11413194548308508
2013-10-07,77813.88064877003,-0.008682550669421113,0.09596663007122122,0.09639734349791747,0.11515451049936008
2013-10-08,76907.64849541838,-0.011714497934707342,0.10079958816316224,0.09937176489169036,0.12236989791088869
2013-10-09,76963.41204886987,0.0007248088847311738,0.09992104659746356,0.10657003453872685,0.13683505349804814
2013-10-10,78622.57473107675,0.021328727788208903,0.126923172272645,0.10336191361633847,0.12821758125080743
2013-10-11,79129.13890439275,0.006422319007431161,0.12862310266779395,0.13008064139865655,0.170907838794131
2013-10-14,79445.21407879132,0.003986465491281799,0.1278096537167286,0.12856654749177518,0.162267905883926
2013-10-15,78868.8798079858,-0.007280928724696673,0.1296815429030755,0.1256100367863527,0.15221627385557815
2013-10-16,79970.36318522782,0.013869381560671312,0.13273478095950209,0.12503099111085914,0.14973766569107236
2013-10-17,80504.8266434496,0.006661035078909229,0.13465738235073854,0.13267728952760272,0.15967345765904167
2013-10-18,81048.57819118662,0.006731564730398311,0.13348528233859266,0.1312171197612698,0.15269438113036857
2013-10-21,81053.2441211693,5.756789056910934e-05,0.13185572632341713,0.1298845783716308,0.1466917293652413
2013-10-22,81522.64718233436,0.00577458763151447,0.1320250921263964,0.12592796982984972,0.1371080688540497
2013-10-23,81132.24978363389,-0.004800324560117479,0.13307490972258554,0.12413932418266087,0.13179697650730335
2013-10-24,81401.82323182614,0.0033171345598597287,0.13297206912628248,0.12179634400161199,0.12801380127076178
2013-10-25,81773.61818922606,0.004557004382055955,0.13128176256610205,0.11878829731314143,0.12127186380617647
2013-10-28,81903.75649151957,0.0015901810494024868,0.12838379732521105,0.11652470249945157,0.11649643775583421
2013-10-29,82340.62060006625,0.005319696741200358,0.12724460428340273,0.11314397682895506,0.11021178637314748
2013-10-30,81931.61200597524,-0.004979653989997793,0.1293804045008702,0.11163041442723447,0.1079234370611198
2013-10-31,81699.23468629402,-0.002840264908436279,0.12381443829228944,0.10994816234048242,0.10800129058804701
2013-11-01,81894.46840200435,0.0023868132417071445,0.12230306424652591,0.10716929187853935,0.10479080975667926
2013-11-04,82182.60052104702,0.0035121594640368414,0.11548554207231007,0.10431815988359183,0.10021935205957962
2013-11-05,81922.33267055004,-0.0031719712949115674,0.10479968691457033,0.10205807643598404,0.09710211121793001
2013-11-06,82340.62060006626,0.0050929174876017825,0.10460122903404012,0.09971473464101484,0.09589481295611056
2013-11-07,81299.58421443844,-0.012723651028557215,0.09662383897966126,0.09868447837078224,0.09542453281946305
2013-11-08,82396.38415351773,0.013400651993394712,0.10406099210465503,0.1077130683015842,0.12132550233702369
2013-11-11,82410.31191074557,0.00016901931285076262,0.10398790524088415,0.11670985469337246,0.1364746471961322
2013-11-12,82243.0300044812,-0.002031929165527981,0.09945735701771154,0.11315631097124168,0.12794532956200705
2013-11-13,82902.96583501382,0.007992193089101292,0.09214822778113226,0.10999325506686772,0.12141794009028781
2013-11-14,83316.6053427274,0.004977035599764062,0.09115874420651549,0.1110783393116755,0.1221233181198849
2013-11-15,83679.10345652208,0.004341413150801224,0.0897994200731281,0.10941951093296146,0.11773500794201154
2013-11-18,83386.29665340672,-0.0035052991551257516,0.09148428599548239,0.10742090754041657,0.11317365614258462
2013-11-19,83205.07823582446,-0.002175604699609159,0.09081406073281,0.10503655354857294,0.11010018814156804
2013-11-20,82944.77536896738,-0.003133353104784515,0.08958113033707943,0.10218749314036427,0.10589025536058393
2013-11-21,83614.0255512853,0.008036246423098933,0.0926408767205867,0.09982080646059582,0.10334210169525763
2013-11-22,84032.30472671149,0.0049900292201464705,0.0928527821433695,0.10169960864072876,0.10739217519137773
2013-11-25,83948.67690471433,-0.0009956821075088283,0.09322157712407246,0.10049246586227065,0.10503892121512483
2013-11-26,83971.90150554743,0.0002766141136607897,0.09200013016779345,0.09750795486628852,0.10053244935023237
2013-11-27,84176.39704850291,0.0024323248648219506,0.08935501840242016,0.09454358835392318,0.09607386047972878
2013-11-29,84120.6159868714,-0.0006628883385161459,0.08832864464761397,0.0921500607766275,0.09264123261102127
2013-12-02,83902.2014407781,-0.0025998215297233884,0.08940200295449931,0.08937997384102328,0.08953587726175542
2013-12-03,83539.7033269834,-0.004329844200310603,0.09104338990755481,0.08724477124061505,0.08869714191500479
2013-12-04,83530.39772928813,-0.00011139752290884866,0.0899050663960734,0.08624624090578062,0.0908418827096607
2013-12-05,83163.25994778087,-0.004404947138020424,0.09045058932741504,0.08361995489358921,0.08772379846998099
2013-12-06,84092.76047241573,0.011114817767681843,0.08355520920800664,0.08286217992225106,0.09019573854170723
2013-12-09,84306.50908852635,0.0025385945136121375,0.0713693660990534,0.09122546092397753,0.10623112634177849
2013-12-10,84004.40544180572,-0.003589832210169873,0.0732735441811151,0.0889955049683145,0.10156919667419735
2013-12-11,83060.98591403305,-0.011294135170031576,0.0847616234423983,0.0874061654986914,0.10029974395368708
2013-12-12,82786.78155221824,-0.003306702476086917,0.08090744756576916,0.0954469315297584,0.11936624053417805
2013-12-13,82777.46720043293,-0.00011251646252500472,0.07868289392724434,0.09342824020001575,0.11519782322814569
2013-12-16,83293.34572553425,0.0062127736398498255,0.08041607501926239,0.09058309622313172,0.10908329971776189
2013-12-17,83028.43820732467,-0.0031854846184762404,0.08025120939537363,0.09108561715958884,0.10839720138092626
2013-12-18,84445.94423442511,0.01692843834066571,0.10022611192413043,0.0891752299432492,0.10556447175663054
2013-12-19,84348.35363884002,-0.001156325867504277,0.0994554303850774,0.10866488554298372,0.13841525975407665
2013-12-20,84838.97661422273,0.005799776495341925,0.09760854061952166,0.10545041821863431,0.13013066545203028
2013-12-23,85292.24588747398,0.005328479264967707,0.09781176602873774,0.10469575378286412,0.1257667880050945
2013-12-24,85479.14570948166,0.0021888900111825286,0.09771363986212728,0.10359935473092247,0.12134663908771845
2013-12-26,85913.73375462215,0.005071260578410125,0.09878209569476411,0.10080327506374603,0.1147137736768091
2013-12-27,85909.08533281952,-5.4107153269320144e-05,0.09874596813990445,0.09970192389135303,0.11144226635055757
2013-12-30,85895.04377242138,-0.00016346010427720567,0.09864902774783543,0.09666483060063535,0.10574822219472317
2013-12-31,86301.56620494564,0.00472161661971082,0.09848562656179616,0.09372218574562054,0.10076454769140543
2014-01-02,85474.49728767903,-0.0096296921897302,0.10421248489259176,0.09270327613980946,0.09900219548595639
2014-01-03,85460.47323546093,-0.00016408640322856618,0.10422107610305448,0.09736711895843009,0.1128316287181523
2014-01-06,85212.8200286882,-0.0029020753727596405,0.10329255544071779,0.09440308045369475,0.10700691068278423
2014-01-07,85736.14828439975,0.006122644619606013,0.09834988360320629,0.09222020586732568,0.10400818250399434
2014-01-08,85754.87328296062,0.00021837876367110156,0.09820309129149657,0.09252617174792022,0.10397246060287128
2014-01-09,85810.92572138287,0.0006534220776156048,0.09680281035642502,0.08971147068690023,0.09910412157328297
2014-01-10,86044.5548759375,0.0027189042521857327,0.08515482880398217,0.0870156005315155,0.09477946086114226
2014-01-13,84899.72124489772,-0.013394432071811114,0.09945127496298821,0.08502461731485107,0.09171309770837972
2014-01-14,85824.98478996108,0.010839352144823584,0.10489554249674483,0.09750961938046553,0.12158699715936815
2014-01-15,86287.55090681757,0.005375171874687117,0.10447028728656123,0.10350898815949548,0.1290681290449501
2014-01-16,86175.40225952293,-0.001300553667247008,0.1034951255703249,0.1025091126630834,0.12427622611302735
2014-01-17,85810.9257213829,-0.004238442532637969,0.0888590628168743,0.09951485144759134,0.11765567080191988
2014-01-21,86063.25361222832,0.0029361952226375832,0.0888504405761737,0.097880718086186,0.11500294282922206
2014-01-22,86119.33231292065,0.0006513864613414547,0.08702729015188991,0.09558321013416123,0.10952658851691284
2014-01-23,85413.75265700405,-0.008226793513482449,0.09078695340948208,0.09270596818612636,0.10394525274165313
2014-01-24,83591.35245812379,-0.021567050723200525,0.1183998425392198,0.09540469764938843,0.11235919384155378
2014-01-27,83180.10281698669,-0.004931904852069449,0.11677921356969367,0.12485517461539658,0.169374362834308
2014-01-28,83675.46175507226,0.0059375951252204065,0.11974179785674051,0.12256124948306898,0.1609943501718442
2014-01-29,82871.76625816913,-0.009651337281972072,0.12321517184274422,0.12104974359630075,0.15294648126312863
2014-01-30,83750.24794614539,0.010544703016308964,0.12890029278996487,0.12321631574820663,0.15534310955705952
2014-01-31,83259.61621667267,-0.00587549895182683,0.12642514643723635,0.12630332202877578,0.1558396579093774
2014-02-03,81385.80324708273,-0.022762781786176606,0.147409599308928,0.12456862487689299,0.15045793538465427
2014-02-04,81955.88709761128,0.006980289772626428,0.15112804787344133,0.14973524165449728,0.19744005867257747
2014-02-05,81853.1053266421,-0.0012548979507928278,0.14814168509920383,0.1476892604450829,0.18640611303644364
2014-02-06,82932.51088884415,0.013100912876969283,0.15780873832340667,0.14327316949462024,0.17322078258955928
2014-02-07,83960.52118851658,0.012319547301771159,0.16534346325499766,0.1479549724563065,0.17654889426457565
2014-02-10,84114.73323837547,0.0018350362599022037,0.16510300425257426,0.1512349651283352,0.17747204222232904
2014-02-11,85035.25206664592,0.01088416193509785,0.16367712946665733,0.14680125425493815,0.1648562239358342
2014-02-12,85077.29796103013,0.0004943303152363421,0.15870113339125438,0.14848825633341728,0.16453611587540473
2014-02-13,85516.54318206327,0.005149613711342515,0.1585935442200752,0.14397753746055672,0.15308655652038028
2014-02-14,85988.48492933522,0.005503546382162061,0.15994218764756718,0.14102028031038472,0.145089644802395
2014-02-18,86091.29296257449,0.0011948881702524108,0.15924272644909407,0.13838889520381728,0.13843972953946068
2014-02-19,85521.20911204595,-0.006643874317363847,0.16065470643655008,0.13425343509128174,0.1296754770027769
2014-02-20,86025.8736478268,0.005883702404401349,0.1621392643638516,0.1327025194217041,0.1294449003900746
2014-02-21,85927.76656093031,-0.001141087765547372,0.15932880312389358,0.1306781718782716,0.12529056863337187
2014-02-24,86404.40050045503,0.005531586621426483,0.13754882784294542,0.1267748594880118,0.11845991936278637
2014-02-25,86371.66020376609,-0.00037899112813861215,0.1355926279497909,0.12478061416195238,0.11530774372605221
2014-02-26,86376.31737965875,5.391873130939887e-05,0.1348653644907686,0.12098826935135956,0.10926731951470685
2014-02-27,86829.61291518006,0.0052341922664189845,0.12861750778438996,0.11730266663085816,0.1038014569735844
2014-02-28,87049.20926342656,0.002525856366476572,0.12492350008852636,0.11553596758264092,0.10233050996964335
2014-03-03,86437.0795185138,-0.007056837626693505,0.12596871210966806,0.11244603624294086,0.09814934276908881
2014-03-04,87652.02465655401,0.01395796559301062,0.09413595703755781,0.11242074824942835,0.10468306464475427
2014-03-05,87731.44176124973,0.0009056396448976517,0.09380488726069969,0.12176152999859263,0.12639045773680932
2014-03-06,87932.38314365556,0.002287795681993044,0.09230160908233949,0.11810469569758184,0.11890017899946007
2014-03-07,87969.71058351695,0.0004244115533904449,0.08569434922197561,0.1148517923865248,0.1125919939405319
2014-03-10,87923.04252960018,-0.0005306421576314168,0.07892880402075084,0.1113651725363604,0.10667120285632387
2014-03-11,87488.44573036965,-0.004955179307713026,0.08303909466451226,0.10799225463445929,0.10171741437023932
2014-03-12,87511.81039664311,0.0002670243681852741,0.07618546808057332,0.10646051344598267,0.10278460122641772
2014-03-13,86530.52067542757,-0.011276568334038872,0.08856547128255797,0.10322251960803407,0.09805146609219789
2014-03-14,86287.55090681759,-0.002811857885845459,0.08794202301602706,0.10926238813547834,0.11772855007586411
2014-03-17,87067.91675380734,0.009003132449760828,0.0914185597685668,0.10649657389009813,0.11319575403694997
2014-03-18,87689.38711277547,0.007112412071425377,0.09427735370681195,0.10902569289482816,0.11764727354779393
2014-03-19,87222.11129548619,-0.005343009844186202,0.09299756360652425,0.10926240002530034,0.11723728556366461
2014-03-20,87731.44176124972,0.005822481404660012,0.09295503319938597,0.10795192346207128,0.11649457673002975
2014-03-21,87391.17903611546,-0.0038859988706975174,0.09428749753924019,0.10708402407824581,0.11405336744556144
2014-03-24,87029.79269175381,-0.004143846441275661,0.09416303303628092,0.10491566063670196,0.11139073560052225
2014-03-25,87442.8019049857,0.004734382332440379,0.0953719409393999,0.10298781783083878,0.10950335743395562
2014-03-26,86813.86430722727,-0.007218551145923963,0.0993513422450631,0.10153327804438687,0.10650886384523833
2014-03-27,86630.8337930101,-0.0021105353367641523,0.09787669717528853,0.1023637204520469,0.11171682888422046
2014-03-28,87057.96335345032,0.0049183416372528006,0.0990936086802471,0.09958404140796154,0.10723766890404278
2014-03-31,87771.31664130805,0.008160615278246108,0.09943200034877282,0.0984261982502644,0.10480733719083028
2014-04-01,88353.30605426893,0.006608860502861712,0.08941765784695822,0.10056530025152727,0.10886626335663885
2014-04-02,88649.01921527219,0.003341350862821912,0.09001688433335954,0.10083141196795212,0.10892874747848282
2014-04-03,88531.67939259345,-0.0013245216974012062,0.08998935578646991,0.09861928999937919,0.1045141236392301
2014-04-04,87485.06665162048,-0.011892335240401094,0.09990909866073076,0.09575356070253094,0.10029432797275883
2014-04-07,86518.19491667411,-0.011113374283953856,0.10707182699884109,0.10371598527964809,0.12149862103766207
2014-04-08,86874.93283923314,0.004114793135332254,0.107249662119996,0.10944867489632858,0.1342992987704563
2014-04-09,87808.85417933,0.010692809612571446,0.11420695902079896,0.10731391480732004,0.12747921759100053
2014-04-10,85964.36741131972,-0.021229462456057505,0.13157996000160777,0.11204491391868783,0.13336461553555895
2014-04-11,85189.95434554614,-0.00904935782628852,0.13496090095854135,0.1364377254379503,0.1802519929951158
2014-04-14,85861.1304276693,0.007847708509146041,0.13392426719901684,0.13688143704897296,0.17699932769225468
2014-04-15,86452.49547104565,0.006863849124064432,0.13373477892606303,0.13617461017460492,0.16951751845179655
2014-04-16,87358.35119852629,0.010423560400724428,0.13812900098709943,0.13469689250973027,0.16159975325998766
2014-04-17,87480.34819709767,0.0013955379305892407,0.1365722546651792,0.13673863728096652,0.16082699465822478
2014-04-21,87785.39321806628,0.0034809464362447144,0.13639801227431575,0.13268403907327347,0.149783482767816
2014-04-22,88184.34336271997,0.004534311819059224,0.13618962422114336,0.12935207702724064,0.14072148224702918
2014-04-23,87977.86064132908,-0.00234423515665777,0.135697150349283,0.12664481511105427,0.13354371881308677
2014-04-24,88156.1902092035,0.0020249307609478792,0.13283651763912632,0.12312459410087148,0.12662139702938152
2014-04-25,87433.40001230016,-0.008232769134614494,0.13632737750101084,0.11963311808317957,0.1193303462034243
2014-04-28,87710.33565020241,0.003162383943106806,0.13570699783640242,0.12032526209669575,0.12452227659035218
2014-04-29,88118.61765482146,0.004644089960710578,0.13358815075550018,0.11730596208394074,0.11807528861818527
2014-04-30,88381.45045369539,0.002978276393552552,0.13188790444332418,0.1151570627362811,0.11381424039363519
2014-05-01,88390.86110047094,0.00010647195481809968,0.13130467779030136,0.11224792435472455,0.10851088042062298
2014-05-02,88264.16315555679,-0.0014344111317696107,0.13131834005886137,0.10882918788237844,0.10312226644135812
2014-05-05,88433.08207665563,0.0019119593215505227,0.12387998717147629,0.10566113069946445,0.09916323566405433
2014-05-06,87663.38746540487,-0.00874179380030941,0.12117789480791856,0.10271168660659108,0.09506408318177345
2014-05-07,88179.65117046723,0.005871886569106567,0.12200051556138582,0.10522434979321527,0.1071247593651543
2014-05-08,88085.79857132229,-0.0010649007863038531,0.11629054852691462,0.10454260962149879,0.10616240196449152
2014-05-09,88217.21497075926,0.0014908017864925962,0.08448771533454145,0.10144236826788364,0.1015590187461521
2014-05-12,89076.12251344236,0.009689188261747923,0.0801336479879343,0.0985227125251038,0.09702032697633182
2014-05-13,89155.91604400911,0.000895389364825633,0.07742400555966567,0.1026829711889001,0.10677681555341656
2014-05-14,88733.4699217316,-0.004749546063343942,0.07848170203646256,0.09961569683650794,0.10152003975867833
2014-05-15,87954.37341779529,-0.008818960474729054,0.07854262257356741,0.09833091900569221,0.1022280808678025
2014-05-16,88259.44470103398,0.003462516064716139,0.07925056098491307,0.10131522738482525,0.11274283613685732
2014-05-19,88583.31976964373,0.0036628632411026198,0.07934561539130386,0.09914717709855678,0.10795154025104822
2014-05-20,88024.77380976651,-0.006325280011829019,0.08127610158307672,0.09717618771034345,0.10395470259610863
2014-05-21,88766.34152977089,0.008389245894348484,0.08611477249544082,0.09737328883697506,0.10752432540229725
2014-05-22,88982.21738975728,0.002429003840466113,0.0862249032035992,0.09988393849829899,0.11159882508063376
2014-05-23,89338.92905004624,0.00400078334188037,0.08060704973393082,0.09730057554685832,0.10622020545654877
2014-05-27,89888.07311723792,0.006127935846569286,0.08229383743276003,0.09561052580106827,0.10279950153113772
2014-05-28,89822.37367160946,-0.0007311700541551637,0.08154140592941016,0.09571139139696555,0.10297016180369796
2014-05-29,90286.99699962152,0.00515935797154542,0.08261872644895132,0.09283918092289328,0.0985704468774514
2014-05-30,90432.4812217267,0.0016100561485130316,0.08255935225133432,0.09221955107626231,0.0977843614189192
2014-06-02,90535.7619758272,0.0011414241912160125,0.08199771058042916,0.08962909209838928,0.09374994526691184
2014-06-03,90488.82254511972,-0.0005185973152066728,0.08219918222539088,0.08701190022649297,0.09012363759884028
2014-06-04,90671.84430524688,0.0020205470158213877,0.07343336735073831,0.0843852650346895,0.08727838079149486
2014-06-05,91263.24436498334,0.006501243350859736,0.07394127878649003,0.08219093407762591,0.08479408947646438
2014-06-06,91699.72329356898,0.004771236083420523,0.0739294161033456,0.08360079594297419,0.08897867981268259
2014-06-09,91793.5671386239,0.0010228586889015456,0.0739916704274324,0.08315016336164674,0.08911719023593438
2014-06-10,91802.95152312942,0.00010222834923118348,0.06836749015028955,0.08071512766696243,0.0860819860218293
2014-06-11,91483.82117131252,-0.003482309930165073,0.07061644537461233,0.07825722930083487,0.08353694744726887
2014-06-12,90836.13231272314,-0.007104999435070782,0.0737148040672005,0.0770720099401378,0.08503984644710368
2014-06-13,91113.04168835538,0.003043812547595772,0.06374492141160341,0.07966782292658664,0.0947269662918472
2014-06-16,91188.09925621928,0.0008234459939871941,0.06350020054026466,0.07814235718880481,0.09192654203502794
2014-06-17,91441.5739328578,0.002775834123443196,0.06320133159985247,0.07582945750150924,0.08851065124211216
2014-06-18,92112.74126089092,0.007313043210394385,0.058951630695221933,0.07430749413280993,0.08635164832358498
2014-06-19,92215.96073636127,0.0011199502317420992,0.05441602863171375,0.0774527865884489,0.09212213631082562
2014-06-20,92403.21072196994,0.0020285005976118198,0.05438356313863861,0.07521943195573294,0.08870341568861613
2014-06-23,92374.89999483302,-0.00030642944933928387,0.05431145630024645,0.07335326281084684,0.0860278813154355
2014-06-24,91818.42875429144,-0.006042270231374388,0.058112829724194855,0.07112860780367883,0.08363976992321953
2014-06-25,92233.4076377787,0.004509377301745265,0.05893905471055299,0.07285422873096907,0.09073145819835654
2014-06-26,92167.40179899936,-0.0007158953564247383,0.057541943556555154,0.0727786487791967,0.09019644627320801
2014-06-27,92346.65054632632,0.0019429284809128248,0.05759850222494546,0.07061640679189042,0.08745081498848103
2014-06-30,92299.47475518816,-0.0005109859964579441,0.05786074148877047,0.06888072195081037,0.08490451235355657
2014-07-01,92917.25088816632,0.006670870805830885,0.0609611737980723,0.06681188934769192,0.08277458973221334
2014-07-02,93011.5324377224,0.0010141684999017601,0.060913342277324874,0.06977712136806741,0.08776243163321691
2014-07-03,93469.003674185,0.004906379654511476,0.059340831755944845,0.06776627005488502,0.08490721010121094
2014-07-07,93143.6229020912,-0.0034872356474973565,0.05997540603867808,0.06841570318861946,0.08594763432543005
2014-07-08,92544.65930857416,-0.006451302836728594,0.06521506980833028,0.0677033043553907,0.08703724714808342
2014-07-09,92959.67320842147,0.004474446355194999,0.06677178066341986,0.07027088384788555,0.0944335750505475
2014-07-10,92591.84385380232,-0.00396471925714778,0.06718612922902167,0.07031663973031042,0.09327699041942807
2014-07-11,92719.16333910816,0.001374117029184254,0.06071584793554998,0.06989588897252164,0.09394330490341246
2014-07-14,93186.04522234638,0.005022805637500494,0.061981384507358364,0.06797689846856156,0.09033516876297208
2014-07-15,93011.53243772232,-0.001874490935018436,0.06288860142876156,0.06873909570353011,0.09065143460277468
2014-07-16,93355.82204426752,0.003694745779532047,0.06331782556374677,0.06704242590617213,0.08878925317806578
2014-07-17,92294.75630066528,-0.011430907533640601,0.07290357514741767,0.06656884400601454,0.08749298645371476
2014-07-18,93237.89569755716,0.010166916828721383,0.08118677743655904,0.07836575091227041,0.11112675451152487
2014-07-21,93063.45294565332,-0.0018726950089730475,0.08142581559357802,0.08564821289349649,0.11901593054409172
2014-07-22,93469.00367418492,0.004348319588871785,0.08259160023162394,0.08335769326750712,0.11342340436009667
2014-07-23,93676.48436183856,0.0022173205973361402,0.07891847867293078,0.08256804418151818,0.10943090198736374
2014-07-24,93681.2115704514,5.046185682750356e-05,0.07787012500165398,0.08051565466112663,0.10420457761516398
2014-07-25,93242.65792253012,-0.004692332271771652,0.08012892760061913,0.07806307006729886,0.0993459148548161
2014-07-28,93280.36178826255,0.00040428110486763637,0.0799677738840586,0.07785322230916703,0.10031397918449558
2014-07-29,92879.51200607372,-0.0043065177638442415,0.08172179431107662,0.07549786773046674,0.09586215262586904
2014-07-30,92893.65861555217,0.000152299812275906,0.07819542952922641,0.07508894266215801,0.09670409504202
2014-07-31,91059.16026425896,-0.019945975083075464,0.10525740239345022,0.07280383962013151,0.09274988394509104
2014-08-01,90780.92902103324,-0.0030601773398622233,0.10304274973806028,0.10487013388229069,0.15129910116829268
2014-08-04,91436.44403610386,0.007194899497061336,0.10714878488180184,0.1023693036225873,0.14297783075906492
2014-08-05,90549.8823230356,-0.009743245487696986,0.10999994252179766,0.10311845875384289,0.13896478468291004
2014-08-06,90578.18429608249,0.00031250787142483784,0.10818490679111568,0.10691475919180128,0.14415121122813948
2014-08-07,90087.69263205017,-0.005429834094548014,0.10878729323910852,0.10366482733282444,0.13479310382026566
2014-08-08,91129.92832801126,0.011502713501492502,0.11774888021629103,0.1027005213550433,0.13158463470627432
2014-08-11,91393.99545357858,0.002893509018826467,0.1165735817451014,0.10915638790291111,0.1387738842514047
2014-08-12,91266.67596827274,-0.0013940549427968957,0.11653665888369819,0.10642744290254111,0.13054860568253238
2014-08-13,91884.46960943085,0.006746296697405046,0.11863324649509246,0.10332752107285988,0.123270246994965
2014-08-14,92318.32231100935,0.00471060725317414,0.11314784252456127,0.10355738169553808,0.12133728324527203
2014-08-15,92299.47475518816,-0.00020417918733930056,0.10660303813042958,0.10205975462593145,0.11673003463641612
2014-08-18,93072.8373301589,0.008343932846666638,0.11094568460090082,0.09895378842294023,0.11046630136638513
2014-08-19,93558.57552330838,0.005205332612537861,0.1114313094966509,0.10127691684063105,0.1138753681790691
2014-08-20,93808.53980984737,0.002668178291473295,0.11155914777407419,0.10025605629726098,0.11090307728479491
2014-08-21,94082.07010673032,0.0029115929767777123,0.1120137137466563,0.09775398788180735,0.10574739692221541
2014-08-22,93935.90306560328,-0.0015548201919952903,0.11073757722032818,0.0954498271751424,0.1013948713417926
2014-08-25,94412.20434970711,0.005057680758894552,0.11198142370079768,0.09273931971197415,0.09775703377730717
2014-08-26,94473.46547169352,0.0006486582512302825,0.11047122809271608,0.09203976407751066,0.09694014372567328
2014-08-27,94435.75285187108,-0.0003992671258513389,0.11053481447970205,0.08927150124739561,0.09288607041775818
2014-08-28,94383.91113075026,-0.0005491135968573958,0.07919741660930578,0.08656585482822456,0.0896143949383453
2014-08-29,94652.68795675036,0.0028436504720893126,0.07714503217678816,0.08395586613236533,0.08685405284053913
2014-09-02,94605.52091970226,-0.0004984411329330238,0.07519956324052035,0.0821458324714383,0.08498730406044018
2014-09-03,94553.6616904014,-0.0005483131179207837,0.0626761025678777,0.0796669190539751,0.08283898025840905
2014-09-04,94416.87903377989,-0.0014476614183939914,0.06366904716021493,0.07726936455583,0.08102340468041061
2014-09-05,94841.3210885828,0.0044853302642845,0.05760648684000767,0.07512661816889223,0.08016608148708972
2014-09-08,94596.10151883667,-0.0025889257078880686,0.049818730970451246,0.07489696407899334,0.0813430948056954
2014-09-09,93997.16418758978,-0.00635165145057773,0.05750653729185019,0.07330978286509916,0.08180417572000433
2014-09-10,94350.88194909056,0.0037560058051866792,0.05708688061820954,0.07524531990287939,0.09015451010046363
2014-09-11,94459.32761630518,0.0011487268552839711,0.05383991095275848,0.07440062688533901,0.08872555222605057
2014-09-12,93907.59233846648,-0.005858107737970427,0.05807682861095352,0.07227224940253948,0.08575817227806022
2014-09-15,93836.82427471426,-0.0007538766625444271,0.058242139470240116,0.07368012511443023,0.09190565970987448
2014-09-16,94544.22478135584,0.007510350274419827,0.05687411760110116,0.07149565257134886,0.08895145975784267
2014-09-17,94671.55302075171,0.0013458524452267114,0.05449523526260568,0.07521821387418973,0.09465342232338733
2014-09-18,95176.13876972233,0.005315702628477488,0.056603062421864934,0.07311429447679371,0.0909476904152254
2014-09-19,95090.4012120294,-0.0009012363761315405,0.05626538837975677,0.07383900915692948,0.09165225768182467
2014-09-22,94356.0205999346,-0.007752949710990494,0.06319110780801954,0.0716752969244363,0.08882478990888232
2014-09-23,93815.91950773748,-0.00574052194048195,0.06385527667268863,0.07574921599381405,0.09946932627480042
2014-09-24,94550.26510347222,0.007797039766488877,0.07003154063689951,0.07675887840212403,0.10256840332339803
2014-09-25,93024.6548186681,-0.01626703534871042,0.09089598229166045,0.0803592719294824,0.10621153368683015
2014-09-26,93763.78014755582,0.007914078693344474,0.09597020502729589,0.1003551512786542,0.14249410548153976
2014-09-29,93593.23296571257,-0.0018205587943032778,0.0953508431345848,0.10204848134747692,0.13976559363868057
2014-09-30,93346.84034790329,-0.0026360614513515576,0.09563319552828005,0.09919260677882354,0.13173189401547936
2014-10-01,92081.81306083695,-0.013644567762749412,0.10613478154057304,0.09671550549539702,0.12528635333233085
2014-10-02,92095.9946866755,0.00015399929057706354,0.1062623279220612,0.10773861894442559,0.14537789352271083
2014-10-03,93109.93716367969,0.01094946146749975,0.11313996287801313,0.10445818299178512,0.1359142454557432
2014-10-06,93000.97500515376,-0.0011709380143909095,0.11297458379751435,0.10986158908146136,0.1408062849770133
2014-10-07,91565.37427397411,-0.015556786917884112,0.12318367918823042,0.106612033088094,0.13226944828796025
2014-10-08,93166.81248656425,0.017338378969976812,0.13901120927568378,0.11976395111074956,0.15711746383303257
2014-10-09,91318.97290207488,-0.02003299471808625,0.15484529266402167,0.13426900182973484,0.1759790686873975
2014-10-10,90276.65841930352,-0.011479636615601446,0.15810346646181986,0.1517051305233946,0.20433378291652485
2014-10-13,88793.6980610953,-0.016563258043755545,0.16623847354785593,0.15370791953801857,0.20236747605995187
2014-10-14,88931.06724174845,0.0015458645594491516,0.1626598120963743,0.1623471613376317,0.21333901562019986
2014-10-15,88329.36361805399,-0.006788948123484105,0.16229981555062392,0.15751614827989716,0.19723311799892354
2014-10-16,88253.53569026802,-0.0008588366454948677,0.15932073633704089,0.15498236924935574,0.18796671348875962
2014-10-17,89295.88518939941,0.01174164882483673,0.16840767458029715,0.15029808784297868,0.17448303305237486
2014-10-20,90162.9602980747,0.009663294707439077,0.17335972276226366,0.1527045612011715,0.17446117873217828
2014-10-21,91949.1535806166,0.019617042772359417,0.189269503128085,0.15274637970092264,0.17028233710336432
2014-10-22,91295.31059674054,-0.007136322089392777,0.18747295486754517,0.1665838348462381,0.19334797540249762
2014-10-23,92356.62145486346,0.011557979935298108,0.18489905231536374,0.16387550529521783,0.18506027832061922
2014-10-24,93067.29599117389,0.007665440639714237,0.18475352457832134,0.16511724407950448,0.1829848856612958
2014-10-27,92939.34621138636,-0.0013757551714640877,0.1847140371771243,0.16283831801976117,0.17450689970244856
2014-10-28,94005.41929448216,0.011405343568551522,0.18908259494184995,0.1579682132747812,0.16255958003396634
2014-10-29,93863.26162658604,-0.0015133730042825586,0.18194129274250725,0.15944766154789994,0.16376182018428156
2014-10-30,94464.99151255054,0.006390246004856603,0.18291977184374722,0.1547022064167199,0.1529777987333131
2014-10-31,95545.26372966492,0.011370795278327541,0.18322134911263274,0.15203366469077967,0.14647108953821597
2014-11-03,95597.34181121642,0.0005449133927286573,0.18301668017528394,0.15389061460825296,0.15042515068476434
2014-11-04,95265.70186475557,-0.003475164954253482,0.17293754817284943,0.14921753107256464,0.14039827379863903
2014-11-05,95867.42299663003,0.0062963771477486585,0.16415047904365945,0.14530147992739945,0.13377528073448344
2014-11-06,96251.19354918248,0.003995147059722935,0.14332053322110946,0.1429866835288157,0.12963397018000966
2014-11-07,96341.22061098707,0.0009348973453019006,0.1335521578769091,0.13949843551456467,0.12325681302055184
2014-11-10,96644.42727305066,0.0031422742040531316,0.11122821630055162,0.1352975982048825,0.11611302772592962
2014-11-11,96739.2165598282,0.0009803238008149202,0.11142757660424439,0.13174371654569303,0.11064986074213884
2014-11-12,96634.98160991506,-0.0010780648193509457,0.10564634661578118,0.12778714052596526,0.10494124144706063
2014-11-13,96743.95252253108,0.0011270195964127492,0.10454136742677962,0.12396512779788527,0.10049867868898736
2014-11-14,96767.62358195535,0.00024464747813903365,0.10204970644248866,0.12026851937930484,0.09602099220376703
2014-11-17,96829.1910970926,0.0006360385351885748,0.1004443978886909,0.11660853620804881,0.0921332984019292
2014-11-18,97388.32358100144,0.005757812621074256,0.08129286123813932,0.11308321888885488,0.08869404725911938
2014-11-19,97231.93176272658,-0.0016071487693923268,0.07433439741034882,0.11190089325846035,0.090594212304492
2014-11-20,97402.52271502,0.001752937283726535,0.0674544557466834,0.10867177727488993,0.08847618249505551
2014-11-21,97923.67120231556,0.005336199036964291,0.06564434262238608,0.10558144930347824,0.08570729362976587
2014-11-24,98198.48835043205,0.0028025117468894046,0.0639905284556124,0.1044468199403529,0.08735650686109052
2014-11-25,98127.43140170904,-0.0007238672500853446,0.05625278997752754,0.10184961204607566,0.08538333199629028
2014-11-26,98378.51621177106,0.00255549462756657,0.05457145650762757,0.0987869702971583,0.08331013616912929
2014-11-28,98170.03755785475,-0.002121396755183303,0.05457549810581402,0.09629161712563532,0.08172625169147142
2014-12-01,97487.8050600316,-0.006973758410374183,0.05120090014450821,0.09372190725090067,0.08150111131631715
2014-12-02,98117.93321403324,0.006442861434462486,0.054659303811463014,0.09482670371303414,0.09169622533806407
2014-12-03,98496.98531206284,0.003855786432563636,0.052306418352752196,0.09529016591666578,0.09441660869018811
2014-12-04,98387.99689126684,-0.0011071279353952702,0.050175655513989434,0.09359590355931664,0.0924780512937624
2014-12-05,98549.09840997442,0.0016360711972173468,0.04918245883212327,0.09084665456224372,0.0896811970248691
2014-12-08,97890.48444703544,-0.006705536849519548,0.05660445782576753,0.08830854946353431,0.08670708897192615
2014-12-09,97824.19847737536,-0.0006773735235818612,0.05612784756248943,0.08950058651980487,0.09486662254751708
2014-12-10,96255.94702006542,-0.01616121614888578,0.08174792343299402,0.0868140038915919,0.09147496517328813
2014-12-11,96743.952522531,0.0050570652486250185,0.08379910185321292,0.10504088154353236,0.13318881146929662
2014-12-12,95180.40201156386,-0.016293764347305062,0.10174192067522492,0.10372197978596472,0.12748195332313747
2014-12-15,94526.58528995786,-0.0068929386272520475,0.10388820438058977,0.11885669482680469,0.15652503781040256
2014-12-16,93768.52486434871,-0.008051876871118347,0.10642944820694701,0.11831183215122351,0.1527204998913419
2014-12-17,95606.81373662216,0.019414847029606764,0.12784753541369934,0.11890373834793003,0.15166668346103337
2014-12-18,97971.06584570427,0.024428097691188744,0.15624753516398915,0.13780090596760838,0.17916374996269463
2014-12-19,98387.90935036656,0.004245735448798828,0.15678795724799352,0.16392782403037987,0.21700209129224274
2014-12-22,98840.50455868602,0.004589561856805072,0.15650485389859126,0.15978907596175973,0.20154165271731825
2014-12-23,98973.8906283783,0.0013485984150153625,0.15630192009737673,0.15594577496308237,0.18784477398605173
2014-12-24,98983.44134059425,9.649263433048912e-05,0.15625127164315356,0.15128594996397743,0.17413848091554832
2014-12-26,99302.64172513135,0.003219597213608018,0.15638856929731237,0.14667765036582606,0.16178061709727215
2014-12-29,99436.04530300372,0.0013425025585454098,0.15611114233071532,0.1427592523090653,0.15128403813624478
2014-12-30,98902.4309915142,-0.005380858106448781,0.15518028323495567,0.13850863816752604,0.14120185974685798
2014-12-31,97921.02746712834,-0.00997250699193008,0.1580643993089014,0.13590931984857674,0.13702228239930192
2015-01-02,97868.63423833602,-0.0005351991477645828,0.15737370650270144,0.13735632556037045,0.14317830536127474
2015-01-05,96101.15720026492,-0.018224754955493,0.16975235610159847,0.13318815827862301,0.13411711261059786
2015-01-06,95196.00179998622,-0.009463414513734003,0.17187276746200708,0.14729807458453584,0.16845080661913314
2015-01-07,96382.24227683846,0.01238403288541716,0.17779980876586002,0.147475453446752,0.16784086709736626
2015-01-08,98092.56386114431,0.01758958617740962,0.18938091632257867,0.1508739095312137,0.17039985279060754
2015-01-09,97306.47283927904,-0.008046050543809313,0.18217156103049603,0.16147814321453471,0.18682637307144206
2015-01-12,96544.21045045844,-0.007864468720971874,0.18369244870081072,0.1596544139811938,0.18083083110934534
2015-01-13,96272.6848401909,-0.0028164107646323428,0.17390634651164288,0.15778254021784682,0.17533703279140145
2015-01-14,95691.44827897206,-0.006055697259760103,0.17345458772946012,0.15336735181263034,0.16418501439048638
2015-01-15,94814.87498262098,-0.00920262873832342,0.1742631856287419,0.15054808049836504,0.15798491984334231
2015-01-16,96058.3146836886,0.01302914561837922,0.16639342643888086,0.1502841618726084,0.1585099673860775
2015-01-20,96263.12537388492,0.0021298797217829727,0.1401499053743892,0.1542626335850862,0.16437877402499398
2015-01-21,96749.08241928495,0.0050355164349483545,0.1405603982784769,0.14979229851472545,0.15314355839210847
2015-01-22,98187.82586878314,0.014761387025653386,0.1500862023160955,0.14654302402453914,0.14502204748009487
2015-01-23,97649.45808641073,-0.0054981270952085305,0.15103454191699742,0.15323508882200812,0.15865345495273095
2015-01-26,97878.176196462,0.002339497587738719,0.15139565303472075,0.15009730660816,0.15234580174819096
2015-01-27,96587.12299975504,-0.01327817529173725,0.15714765984926773,0.14580879564787458,0.1424139841083892
2015-01-28,95348.4280154803,-0.012907584608299858,0.16193362238012546,0.15050049459668738,0.1568844804212321
2015-01-29,96229.79855316436,0.009201220532326597,0.1662293942765323,0.15430636324070832,0.16698280720658965
2015-01-30,95019.7294432674,-0.01265451758843121,0.16832967599130733,0.15382432478889932,0.1630309445472727
2015-02-02,96196.4367160838,0.012307768223739388,0.17533721593186108,0.1570460956908556,0.1711485456684338
2015-02-03,97587.5754240326,0.014357867720016501,0.1706247321357157,0.15960596079161374,0.17295667091374117
2015-02-04,97215.93804025312,-0.0038155147002552586,0.16727808479025605,0.16450708873127484,0.17951286602072725
2015-02-05,98197.35031872898,0.010044562866656614,0.16537093707084344,0.16018410212308357,0.16876704526285988
2015-02-06,97925.81595437136,-0.002769020539654743,0.1535403124783235,0.16014029978589048,0.16613118637435606
2015-02-09,97487.5511914209,-0.004485522195048516,0.15159968926796585,0.15563467768074477,0.1559222918013664
2015-02-10,98526.07515321187,0.010596545748878422,0.1529048268980859,0.15189811306444698,0.14860475297668047
2015-02-11,98583.24811515714,0.0005801142492972076,0.1522496429958608,0.15292622629335106,0.15035184120033673
2015-02-12,99531.31606473248,0.009570979202820485,0.15249602897818615,0.14828463581593454,0.14033060633331773
2015-02-13,99941.01623193535,0.004107845319756088,0.14677723404260964,0.14850616252055301,0.1412071992471965
2015-02-17,100098.21342649237,0.001571663989943686,0.1415551764550447,0.144865373063863,0.13357977045309596
2015-02-18,100107.72912234825,9.505907508927846e-05,0.1417259913306767,0.14058508478832038,0.12539620873389945
2015-02-19,100036.3045018442,-0.0007137322281632856,0.1415394160292626,0.1363027979492958,0.11808119030107167
2015-02-20,100636.5899629548,0.005982743740484652,0.13400013696932617,0.13217960470558296,0.11185869888758623
2015-02-23,100622.28577985596,-0.00014214710352649594,0.1317624868393269,0.13024728232405108,0.1103563161304841
2015-02-24,100908.12432731238,0.0028366809651924492,0.13181633448589222,0.12628063506062398,0.10481547945490652
2015-02-25,100822.37801552948,-0.000850107603471192,0.12017380815966662,0.12292948327548481,0.1005267464745931
2015-02-26,100703.26111257594,-0.0011821514854473754,0.10720069762163272,0.11923038770753756,0.09650176934902777
2015-02-27,100360.2496031742,-0.0034119750614794407,0.10645224783713787,0.11568950756914245,0.093218574697697
2015-03-02,100993.87939318534,0.006293706364140317,0.09186528041625996,0.11294706294568271,0.0929762949619348
2015-03-03,100579.39949282949,-0.004112454654668731,0.08833778569848576,0.11220753571894679,0.09515530887107591
2015-03-04,100155.36012616758,-0.004224878623024362,0.07858282131273826,0.10995823266625651,0.09576686685401159
2015-03-05,100264.96133326534,0.0010937136236999988,0.07624266953426673,0.10786681648141953,0.0964767353250762
2015-03-06,98854.7824795148,-0.0141643656585386,0.08796970539896735,0.10466719533581165,0.09249672343422788
2015-03-09,99264.51766307774,0.004136252928753025,0.08815415155242455,0.11546178069330962,0.1252341215987434
2015-03-10,97654.22906547364,-0.016355217766656643,0.10569971699921135,0.11309385167979678,0.1195205635454826
2015-03-11,97425.58098814257,-0.002344150140096515,0.0983580237783548,0.1267568638425957,0.1514130513826066
2015-03-12,98664.22344787716,0.012633588349764694,0.1089493429456874,0.1232329070594091,0.14247218938117895
2015-03-13,98059.17576179364,-0.006151272256750893,0.1049288082493531,0.12918372438041412,0.15048387342615097
2015-03-16,99369.31287475245,0.013272211663538014,0.11509995478790397,0.12751173043999678,0.14626526701533388
2015-03-17,99073.95863144015,-0.0029767142938207803,0.1152581159243698,0.1339667837366173,0.15525281644524377
2015-03-18,100264.96133326534,0.011949667173807615,0.1234776870483344,0.13040034093212172,0.14641002265204017
2015-03-19,99807.612654063,-0.004571835776392733,0.12456068684159959,0.1346961302682455,0.15182477826093532
2015-03-20,100688.62427405616,0.008788367342197621,0.12676085907170168,0.13179718546336366,0.14511693912668527
2015-03-23,100492.4188543532,-0.0019505364805622824,0.12695502916539875,0.13227270113854359,0.1436200554202106
2015-03-24,99927.75378554934,-0.005634827626734053,0.12794480426100793,0.128467228731824,0.13524916010596671
2015-03-25,98463.39586864164,-0.014762599176955427,0.13763094216549904,0.126466116079303,0.1323163292723951
2015-03-26,98228.9438296248,-0.002383947950521442,0.1376968514384861,0.1353854679876667,0.15432514715630913
2015-03-27,98453.86266460575,0.0022871234861311686,0.13799239393158957,0.131587999255657,0.1450959017623808
2015-03-30,99654.9763404084,0.01212594449897588,0.14350096104548976,0.1278888938684414,0.13590362830356884
2015-03-31,98784.01441576258,-0.008778189347775968,0.14592191530980586,0.13265540922963742,0.14388949783945176
2015-04-01,98434.69996154368,-0.0035424104716206208,0.14573569584964466,0.13306654748049107,0.14585218450456017
2015-04-02,98788.83791936567,0.0035912380665766,0.14644913416169839,0.1297460581857914,0.13864923757464737
2015-04-06,99453.9736793724,0.006710339209659733,0.13966122114914162,0.12656618718887858,0.1308952058021903
2015-04-07,99190.78196280752,-0.0026498748453886623,0.13926710191216454,0.12545394763842999,0.12779377353993843
2015-04-08,99525.7484634774,0.0033713030034443936,0.12553744615955262,0.12206777449527322,0.12183525086484785
2015-04-09,99966.0354212234,0.004414093293060488,0.12547805765294673,0.11907291134932228,0.11585952339955649
2015-04-10,100511.54654105524,0.005442129347812637,0.1192974679567405,0.1167144298042061,0.11162207790543584
2015-04-13,100056.93789203036,-0.004533208981722907,0.11815686196304283,0.1151204943841241,0.10931019822635075
2015-04-14,100248.35482449028,0.001911252450023939,0.10904802407350865,0.11299681538313669,0.10837365714330542
2015-04-15,100698.14872400214,0.0044767601603046886,0.10915976196598762,0.10980626168281114,0.10314221856851283
2015-04-16,100669.47907917424,-0.0002847492949525454,0.10093373690996117,0.10787490851558612,0.10070991888194933
2015-04-17,99511.41801810852,-0.011570274657441058,0.10812421388406891,0.10459446494095787,0.09638778340425742
2015-04-20,100420.62656206833,0.009095238470578483,0.10846557308425392,0.11094023326059545,0.11763586151953201
2015-04-21,100300.9844137133,-0.0011921203894541244,0.10833036535256738,0.11322565292658361,0.1214594108830769
2015-04-22,100793.90096068224,0.00490233785146751,0.1076388169804332,0.1098741706466044,0.11509898518848098
2015-04-23,101047.49819458109,0.0025128379846957836,0.09156258571787244,0.10821908828335486,0.11155310029107184
2015-04-24,101281.98524995806,0.002317874353925817,0.09057248390822725,0.10537628693580045,0.10622643904593555
2015-04-27,100860.87850345414,-0.0041664330647775945,0.09272862956088782,0.10256288298046645,0.10144029210203889
2015-04-28,101181.50580466512,0.0031738644488869703,0.08375948824507158,0.10074952523131826,0.10111756284748262
2015-04-29,100765.1700372242,-0.004123230605800928,0.07817224040350854,0.09845683758500115,0.09757027368380551
2015-04-30,99755.4557857014,-0.01007101171340189,0.08621693157322532,0.09679452215032404,0.0977999480980427
2015-05-01,100836.9535754192,0.010783142517803037,0.09296804270925516,0.10168863719420644,0.11339704887831786
2015-05-04,101124.07022001912,0.002843289587585856,0.0908206376515061,0.10713654734144616,0.12250420639888232
2015-05-05,99966.03542122344,-0.011517698465533356,0.1002917247725788,0.1044594655372875,0.11608105153334966
2015-05-06,99554.47938693556,-0.004125456656787799,0.10086404923967529,0.11073776545701564,0.13152225942630433
2015-05-07,99951.67871358444,0.0039818304881331056,0.10062535833753124,0.10855604429523484,0.12681106952457732
2015-05-08,101267.62854231906,0.0130799435523898,0.10938256721535425,0.10638175160841729,0.12075955196180274
2015-05-11,100784.3152321062,-0.004784059217568025,0.10953536787627922,0.114999376048586,0.13502835490684742
2015-05-12,100482.8243716872,-0.002995929554297162,0.10999893940201214,0.113037250089251,0.13078026710454768
2015-05-13,100501.9695665692,0.00019051386490247203,0.1087912378349736,0.1102110960518834,0.12480914500706791
2015-05-14,101549.94794558588,0.010373450442999458,0.11495181626272559,0.10685618999306848,0.11754111791245739
2015-05-15,101660.0393817249,0.0010835239779089327,0.10583763125275285,0.1111763947415833,0.12461844990686508
2015-05-18,101975.8519334228,0.0031017400995027498,0.10187258158088322,0.10787182462968728,0.11733437357644878
2015-05-19,101942.3762931718,-0.00032832416055055593,0.10169809127299573,0.10527875894819458,0.11169430638510422
2015-05-20,101870.58400088684,-0.0007044919533147761,0.10064886610570938,0.10207952756286778,0.10605783220766911
2015-05-21,102167.26886588272,0.002908137582537416,0.10076180609756047,0.09900767819398927,0.10126200981382062
2015-05-22,101923.2135901098,-0.0023916391315042906,0.10105285293125298,0.09665527898449748,0.09748140227377057
2015-05-26,100827.35033866303,-0.010810070283949577,0.10750666764023116,0.09417108811517025,0.0952078231376878
2015-05-27,101784.4350009628,0.009447543038882126,0.11218092910264525,0.10051362800183697,0.11408881012741916
2015-05-28,101669.6163562109,-0.0011286937387130667,0.1111144756764247,0.10414586799127319,0.11946525005897468
2015-05-29,101037.93872827504,-0.006232423575574694,0.10705664166467062,0.10106850264924383,0.11329952395839356
2015-06-01,101243.68610610392,0.002034267313702645,0.10035582698691721,0.10094186158829413,0.11496324166334708
2015-06-02,101143.21541490105,-0.0009928577264752868,0.09993930819739208,0.09818591598304782,0.1090014979709473
2015-06-03,101411.1781105289,0.002645835987909824,0.0904691560185268,0.09527303102418568,0.1040042784659815
2015-06-04,100554.6166639722,-0.00848229358101876,0.09478165796722247,0.09294181076886812,0.09968787283634303
2015-06-05,100382.3361723042,-0.0017147720362163674,0.09416092419080212,0.09595708863915452,0.10982080613505314
2015-06-08,99765.03276018736,-0.006168508462537941,0.08346186421278146,0.09327248570031567,0.10523327925563962
2015-06-09,99750.6760525484,-0.00014391556182891783,0.08209947081022967,0.09355797508912307,0.10820793710854261
2015-06-10,100947.00124110804,0.011921805713733788,0.09253514776541771,0.09070954845740924,0.10292262253124082
2015-06-11,101272.40827547194,0.003218358870869702,0.09314001042416,0.09941592506627703,0.11809538704506255
2015-06-12,100497.17232523613,-0.00768440676476464,0.08942974417847444,0.09719632212568942,0.11245006710830834
2015-06-15,100066.5586369664,-0.004294040082616999,0.09018403120590832,0.09885916829232233,0.11763029455489438
2015-06-16,100612.03474043816,0.005436329183823024,0.09188491351793698,0.0972910139900766,0.11506594834281349
2015-06-17,100774.73825762005,0.0016158315678838678,0.09224016574957049,0.0966667496347473,0.11225323603213619
2015-06-18,101822.75165299686,0.010345861084716886,0.10004585856369816,0.0939322619768381,0.106466189216436
2015-06-19,101370.71670643897,-0.004449313217879873,0.10059366429306967,0.09956038717499158,0.11590189821193185
2015-06-22,101890.04434300963,0.005109975618897819,0.10212787860102372,0.09806556909029528,0.11383167999539484
2015-06-23,101962.16929071557,0.0007076199902846775,0.09382879749569217,0.09713215572110148,0.11073444710627904
2015-06-24,101221.67832378412,-0.007288908582393341,0.09158252889442042,0.09421330751232782,0.10500994219338927
2015-06-25,100913.90202672806,-0.003045248484905625,0.09207024638309223,0.09563930510571324,0.11069939718291157
2015-06-26,100894.64302867574,-0.00019086404993904355,0.08943047126969493,0.09347876753498606,0.10737048333756011
2015-06-29,98778.86701082852,-0.021193148840735473,0.11618330274419449,0.09063406638147721,0.1022003978297073
2015-06-30,98985.62986310016,0.002091001477772787,0.11678175411750988,0.12046909671459018,0.16212901546344435
2015-07-01,99779.08307467548,0.007983886219678245,0.12051689873813998,0.11708178359419474,0.15110933066238552
2015-07-02,99687.7078830073,-0.0009161945968174302,0.11707277256724906,0.1176836483410238,0.14726867415904232
2015-07-06,99403.99657942665,-0.002850058433038568,0.11730676219246329,0.11415413500717264,0.13792167920556292
2015-07-07,100029.09988575464,0.006268822622949745,0.1176282329160765,0.11123000396892141,0.13094728506362555
2015-07-08,98350.92332001615,-0.016919209618806722,0.13230656687632675,0.11056208567393323,0.12715076282927376
2015-07-09,98528.78892111928,0.001806845890499677,0.12412012232412474,0.12577274057452908,0.15869913713577882
2015-07-10,99769.44482155936,0.012513193541610883,0.1326152039060485,0.12214342994798777,0.1479497179240823
2015-07-13,100870.61305156056,0.010976664361425505,0.13616451879899932,0.12802877106866184,0.15452896253437612
2015-07-14,101308.20374957922,0.00432875598190295,0.13584189438957628,0.13126176181539675,0.15612338286070507
2015-07-15,101274.55302752776,-0.0003322170444938765,0.13466548027718467,0.12837130368058913,0.1470084002152166
2015-07-16,102087.21271261523,0.0079922989257069,0.13734955611154534,0.12446730043985184,0.1374820741180075
2015-07-17,102173.74689250026,0.0008472904976970458,0.13250645327522895,0.12461300172485719,0.1356392221537541
2015-07-20,102226.65661260398,0.000517706622669587,0.13137701991048467,0.12086170134869571,0.12714906067530854
2015-07-21,101822.75165299689,-0.003958898882085698,0.1310269520079503,0.11719705741336782,0.11958318334554759
2015-07-22,101640.01002375044,-0.0017963157177159073,0.131140634349045,0.11466479495203756,0.11624951617373759
2015-07-23,101067.77266707605,-0.005645948756044553,0.130081168806808,0.1113908557813157,0.11093156630745596
2015-07-24,100019.51415717864,-0.01042599979381021,0.13486592369538344,0.11020627774955999,0.111793961739972
2015-07-27,99437.66480965808,-0.005834345006039918,0.13620591395997309,0.11428151420155579,0.12485169870785814
2015-07-28,100659.0442038658,0.012208042494523204,0.12031685681796767,0.11309874930099297,0.12382480914590359
2015-07-29,101351.50147883676,0.0068556815662697505,0.12209552921616824,0.11948755729049347,0.13468955993542386
2015-07-30,101375.50519368197,0.00023680826103406665,0.11943840381901118,0.11887508299409913,0.1312862134265911
2015-07-31,101221.6783237841,-0.00151854923930765,0.11957183715581464,0.11525734743220681,0.12330275562145789
2015-08-03,100880.2863210368,-0.0033784167121716584,0.11979811162055078,0.11190204361306373,0.11693638877666203
2015-08-04,100683.10044325115,-0.0019565650672553974,0.11830936465482733,0.10928549061539301,0.11318176731321643
2015-08-05,101014.86294697235,0.003289699086123992,0.09949084190052125,0.10622900231134563,0.10837805816016842
2015-08-06,100187.79402970578,-0.008221298745630943,0.10507310163626139,0.10378417669234549,0.10398963894667473
2015-08-07,99995.44916370328,-0.0019216885701964597,0.09588581747281598,0.10557861089324387,0.1123782924337158
2015-08-10,101255.30278356542,0.012520401196651241,0.09833094666693071,0.1026346381311194,0.10764480955246233
2015-08-11,100341.67342414372,-0.009063981331391382,0.10226807577100976,0.11077930652003143,0.12351407818646243
2015-08-12,100461.89334244032,0.0011973884189021263,0.10244124127616099,0.11303949098621156,0.13000618839683822
2015-08-13,100336.84992054064,-0.0012454603652530365,0.09753086310460708,0.10969470846465383,0.12214490234014792
2015-08-14,100702.30691676337,0.003635683759609536,0.09867556128759229,0.10646317219884294,0.11573702837572006
2015-08-17,101264.94103668166,0.0055715526261687544,0.10112035040997298,0.10418350033536199,0.11072471408737646
2015-08-18,100971.58272589475,-0.002901142791483327,0.10070552703616804,0.1033068617345098,0.10873887559429044
2015-08-19,100173.3760434366,-0.007936672908026594,0.10411961544536594,0.10079299905516932,0.10550103209617369
2015-08-20,98081.59498634456,-0.02110271104340689,0.12596868052986065,0.10247973206922516,0.11277782076179732
2015-08-21,95129.14681447465,-0.030564325600618537,0.16045722341684607,0.12886145616983405,0.16748946905973036
2015-08-24,91123.52908820396,-0.04301936004543038,0.21552584391543936,0.1724347115411434,0.2416683898205512
2015-08-25,90051.22309301118,-0.011837394599001513,0.20776217834171154,0.23649897649047555,0.3411188045464641
2015-08-26,93508.6159315427,0.03767492714333257,0.25551822740802715,0.23386862436178585,0.3221175149162865
2015-08-27,95821.56031899549,0.024434134127853797,0.27459757191968387,0.2699522022475156,0.3674243061399163
2015-08-28,95826.41008486864,5.061118950496759e-05,0.2747524443522973,0.2784399161333108,0.36509736245671665
2015-08-31,95052.17210089558,-0.00811240550118402,0.275411707408546,0.26995758632109657,0.3353071042444013
2015-09-01,92215.076573269,-0.030302283353804936,0.29190642485108165,0.2636276478057073,0.312541010576213
2015-09-02,93965.37808671343,0.01880275868572378,0.30232922655167416,0.2814483567873592,0.34082352512260033
2015-09-03,94032.74080944642,0.0007166319111214037,0.3021885381229238,0.2824995011447153,0.3306876755474268
2015-09-04,92609.40455839016,-0.015252330507975698,0.3051483744540541,0.273907603225957,0.3039038094890176
2015-09-08,94936.78444029212,0.024820545560594633,0.31679454405895,0.2721052598129405,0.2950469069518621
2015-09-09,93667.31882958382,-0.01346189992665483,0.31825155662223154,0.28091567318238075,0.3062232558000079
2015-09-10,94177.0257212184,0.005426920292124644,0.3194212246304862,0.2773425435947842,0.2938605818363971
2015-09-11,94604.99567430088,0.004534019532990017,0.32055428912238926,0.26972033559204667,0.2717397005232718
2015-09-14,94253.9741725274,-0.003717291334023383,0.3196146046860441,0.26209720094428934,0.2511992271268551
2015-09-15,95432.05583747754,0.012421545355809303,0.3230453842675458,0.2545234334826065,0.2330559880074793
2015-09-16,96259.12475474412,0.00862923423937933,0.32565842510861265,0.25145215193023884,0.22575810136807392
2015-09-17,96042.76741980643,-0.002250185099916311,0.32499867892259954,0.2460901959102092,0.21352187485264018
2015-09-18,94473.27288171316,-0.016476618373022747,0.32181139674841003,0.23875367860297772,0.19815251416051544
2015-09-21,94961.51474460936,0.005154733722506825,0.304063299042077,0.24018301703738634,0.2097503629971389
2015-09-22,93728.9213610812,-0.01306490081531586,0.2639086438812313,0.23372711978418287,0.19563911279288235
2015-09-23,93579.09511032424,-0.0015997850549464056,0.25955913402949843,0.23223161289316638,0.1986904154194473
2015-09-24,93240.705760455,-0.0036226322730454875,0.22291955127298732,0.2252428189890654,0.184447793708635
2015-09-25,93216.51820971936,-0.00025944343004048325,0.20316793745682063,0.2188348570047934,0.172992932630503
2015-09-28,90877.0489294945,-0.02541745771836313,0.22019225319018043,0.21217066409519944,0.16081393671611693
2015-09-29,90930.23002638898,0.0005850271641123788,0.21949459947237668,0.22821840476227484,0.21511114835709103
2015-09-30,92626.8251975376,0.018486279215611075,0.2045045188655628,0.22127764635963215,0.1987905215706218
2015-10-01,92868.50811491405,0.002605812769713377,0.1927298247681383,0.22625895753013278,0.21156615051852895
2015-10-02,94255.77751507236,0.014827522915633261,0.20035383357451542,0.21960008571252881,0.19587134655790062
2015-10-05,95933.03490135836,0.01763827060959157,0.20090231078733323,0.22057869338572816,0.1993879876677943
2015-10-06,95604.31882096548,-0.0034323999651421073,0.18204124142835204,0.22458767610774896,0.20961958654161542
2015-10-07,96387.42469813264,0.008157748929294236,0.17637231837261644,0.21815448909216492,0.1953937204313668
2015-10-08,97257.44993514594,0.008985841663620434,0.1778875774965418,0.21387406837298423,0.18609106333483152
2015-10-09,97315.46328973353,0.0005963148245575904,0.17757776065179967,0.21028185797441132,0.17918132307233814
2015-10-12,97407.29369408295,0.0009431913617043592,0.17655983791334826,0.20388901085417643,0.166284343436351
2015-10-13,96793.41313116543,-0.006322145966011756,0.17390277440604565,0.1977117495867003,0.1546548585393336
2015-10-14,96329.40258945506,-0.004805350759476095,0.17231805662962063,0.19325858081064157,0.1501431922280273
2015-10-15,97808.51114805286,0.01523800426577102,0.18023948819566554,0.1883005263398412,0.1439524933488525
2015-10-16,98253.17515081073,0.004535967975848959,0.16839824050271465,0.19193873540691267,0.15932147042028336
2015-10-19,98301.51523592202,0.0004918741546263254,0.16803855907731916,0.1869255026566862,0.150030592152218
2015-10-20,98175.83276545066,-0.0012793585509219482,0.1592554658274703,0.18124109099878383,0.14004759113020748
2015-10-21,97566.81072249632,-0.006222701372721839,0.16159200197801396,0.17579016146521723,0.1316503404915487
2015-10-22,99215.0658085336,0.01675249431440905,0.16809862332908387,0.17214391317437022,0.13029630935014114
2015-10-23,100302.63018263776,0.01090204195180049,0.16979586871738622,0.17916161348517473,0.15442988670231997
2015-10-26,100056.12376165818,-0.0024606516112308584,0.13327412445643097,0.17880165280232452,0.15587220631369836
2015-10-27,99862.78092939296,-0.0019342132035140517,0.13462680736262808,0.17361848361909063,0.1465328425806111
2015-10-28,100998.65912633845,0.011310187810055031,0.12706741338829408,0.16849730512793554,0.13783033671939662
2015-10-29,100940.707050381,-0.0005739552286961527,0.12813529718260022,0.169180427329909,0.14326698974849206
2015-10-30,100505.65503846928,-0.004319290592006961,0.12499448262444787,0.1640416924810871,0.13420979274377692
2015-11-02,101694.69682412912,0.011761161450519456,0.11751385091419242,0.15992866872626418,0.12940887913614438
2015-11-03,101989.58710067012,0.0028955644185790176,0.11510161427360684,0.16166020260391684,0.1377591048859254
2015-11-04,101680.21755922976,-0.003037954299530848,0.11560730698981476,0.15713927056694466,0.12964635081633752
2015-11-05,101578.696377224,-0.0009989346935070824,0.11379438274369348,0.15280945758657233,0.12385897736563513
2015-11-06,101525.55029668965,-0.0005233379667601112,0.11406929182280565,0.14820517639583075,0.11711411294731558
2015-11-09,100578.1651661362,-0.009375305819414191,0.1211395901441886,0.14370465878744237,0.11092051748224081
2015-11-10,100810.1573058564,0.0023039294383324547,0.11747015041989134,0.14401722178614734,0.12101620374535164
2015-11-11,100413.80712593974,-0.003939398506643875,0.1168400785402276,0.13991697857835328,0.11447233542639784
2015-11-12,99012.032198612,-0.014058338867917027,0.11932143955322791,0.13651666716195926,0.11182804433781118
2015-11-13,97900.29778195216,-0.011291788882282605,0.12548478268014687,0.14320217243852637,0.13741353736371525
2015-11-16,99389.07085593618,0.015092565242976561,0.1367211773280702,0.14561702661988635,0.14709369687196228
2015-11-17,99316.5957446293,-0.0007294720453685856,0.13663749268036784,0.1528926959746471,0.16125649360648062
2015-11-18,100892.32319481952,0.01574115673843014,0.144174106849692,0.14826210470299728,0.15038824522113917
2015-11-19,100805.34255634333,-0.0008624853792352602,0.13285730130964832,0.15623458933065307,0.16578542542046687
2015-11-20,101172.69919010118,0.0036375938261007617,0.12793900594148108,0.15151217631029917,0.15450527227471125
2015-11-23,101056.68123501606,-0.001147389835931862,0.1276297640890992,0.14757592073025574,0.14503922605227498
2015-11-24,101192.00195860364,0.0013381619266318403,0.12733106128963154,0.14314970753922632,0.13603521589916223
2015-11-25,101177.5226937043,-0.00014309728650015554,0.12095748286386412,0.13888629696216037,0.12754513982685248
2015-11-27,101293.54064878948,0.0011460202348691237,0.12098662975863715,0.13465641048442803,0.12004895774593581
2015-11-30,100873.00291813716,-0.004160315844510561,0.1209096058031807,0.13063026445140546,0.11327978677108502
2015-12-01,101834.90232994998,0.009490568515843534,0.11826537978109178,0.1276797181914492,0.11114020744869364
2015-12-02,100795.68679504708,-0.010257332330177478,0.12320820510968002,0.12917374222108877,0.11722477059216732
2015-12-03,99384.23859824312,-0.014102029310410097,0.13206622477201432,0.13143638339742783,0.12844998107709982
2015-12-04,101322.5166867682,0.01931512813829084,0.15072521107420292,0.13872946347303258,0.14924188897174742
2015-12-07,100708.65363203072,-0.006076933008762247,0.15220118283793327,0.15405191890840994,0.17708636628156718
2015-12-08,100031.9537191026,-0.00674205867122244,0.15041913178797175,0.1512165411318201,0.1692851165520581
2015-12-09,99253.74137825868,-0.0078100567747928385,0.15239304972800558,0.1489353575974066,0.16348193146350193
2015-12-10,99509.91231462453,0.002577645091998435,0.15235570801459564,0.14755714397787967,0.16033325576175417
2015-12-11,97581.32500375585,-0.019571127519022763,0.15995273471299196,0.14341263967442053,0.14967180580312783
2015-12-14,98074.33784571498,0.005039607627253789,0.1561057956865131,0.15850726505322627,0.18416074982163275
2015-12-15,99103.88011114164,0.010442853498897849,0.15096645275116355,0.1549228591368266,0.17261640151428329
2015-12-16,100553.9776154006,0.014526079955730542,0.1596440918045599,0.155595343654098,0.17018371888605408
2015-12-17,99021.72297626846,-0.015355423950670933,0.15873422538907764,0.1610830286898543,0.1777291209079608
2015-12-18,97257.6512792166,-0.017975594270672732,0.16986265725968958,0.16720050227173303,0.19042929377412254
2015-12-21,98059.94612171593,0.008215330984216975,0.17255899712520947,0.17653399661767225,0.20822507605985383
2015-12-22,98949.75560218294,0.00903321535235485,0.17662002327842224,0.17411166184774923,0.19747855548135715
2015-12-23,100175.08309099138,0.012307283846950639,0.18277466644929732,0.17242318613076493,0.18918742885414583
2015-12-24,100009.77085498236,-0.0016515962154803987,0.1828134811383449,0.1738855504410279,0.18803849261281172
2015-12-28,99781.23658082155,-0.0022877343356715774,0.18278970771283878,0.16871057304253465,0.17486844943847468
2015-12-29,100846.10159949414,0.010615452790135555,0.18662026131079842,0.1638126856572043,0.16339177366050536
2015-12-30,100131.33014905252,-0.007112982366694802,0.18470205464619954,0.16409862989354654,0.16273644444491012
2015-12-31,99129.6521521716,-0.010054014820506977,0.18456597366592292,0.1614857511589625,0.15844154597171192
2016-01-04,97743.90596367743,-0.01407775719252721,0.18454284873576243,0.1613733780819433,0.16081798183816526
2016-01-05,97909.20069150635,0.0016896717867759567,0.16896957836468088,0.16575709887557769,0.1734678735778464
2016-01-06,96674.1649168616,-0.01269432621663159,0.17282483295795045,0.16084171827633584,0.16121574894639848
2016-01-07,94354.82128960144,-0.024283828851858775,0.18955627292976135,0.163567665262375,0.16981175987251254
2016-01-08,93319.10739070809,-0.011037488487700947,0.1910009325461051,0.18456827443811027,0.2162053662666886
2016-01-11,93411.49805681904,0.0009895611212616927,0.19045914058057603,0.18402046753911314,0.21157642039821264
2016-01-12,94165.16392923628,0.008035860326127376,0.1840142072959185,0.17845595115,0.19558774835910503
2016-01-13,91816.61665765676,-0.025257012928557677,0.19986123222629218,0.1758183997329553,0.18609513471356143
2016-01-14,93323.95715658124,0.01628355982926675,0.2061626468009342,0.19672997646247653,0.23092858176201622
2016-01-15,91320.64493326952,-0.021699966437337667,0.20540781045239648,0.20097177898843466,0.23191620951207736
2016-01-19,91442.23048960978,0.0013305281392174866,0.20257220388116,0.2123349037928507,0.25174076452666583
2016-01-20,90270.38173675662,-0.012898003985902098,0.1986844260339567,0.20593132763168956,0.23205937185975173
2016-01-21,90776.0529928902,0.005586109130817769,0.1967985062253035,0.20586060725953592,0.22883704026332485
2016-01-22,92638.33682591874,0.02030754331047128,0.21020686023636784,0.2007677464787027,0.21313056987826615
2016-01-25,91237.98881526492,-0.015231706198496078,0.20577849040765744,0.21005870377588562,0.22817996400690907
2016-01-26,92482.7591380162,0.013550885071977908,0.21558068371583913,0.2120968957356297,0.230822659613473
2016-01-27,91476.26639162218,-0.010942684511324187,0.2169006774195962,0.21227910886779822,0.22595922857153106
2016-01-28,91952.74275752647,0.005195224460982889,0.21275591436258595,0.21016464760762563,0.21977191402809276
2016-01-29,94194.34131128548,0.024085329373949582,0.23550517340206692,0.20476113537158153,0.2046771663722206
2016-02-01,94160.32291745306,-0.0003612163716953838,0.23419479958877965,0.2195054758812189,0.233952218605206
2016-02-02,92463.3250581634,-0.018186812361438112,0.2373059384333004,0.2128230897285577,0.21598327721972518
2016-02-03,93017.65154664914,0.0059771966807011575,0.2388592267125103,0.21812184862051287,0.22876657123292088
2016-02-04,93163.5034405353,0.0015667742928377124,0.23618534114313317,0.21275032978331215,0.21338627892964956
2016-02-05,91388.72549138438,-0.019233933647436075,0.2304335944034743,0.20635904863273194,0.1972788118716063
2016-02-08,90158.5657448828,-0.013552155647780981,0.23196776445110753,0.21359440510740427,0.21743496925895509
2016-02-09,90163.40675666594,5.3692977257768314e-05,0.2318463846088202,0.21368708161899774,0.21793764779213579
2016-02-10,90085.6179127147,-0.0008631264321481792,0.22898892616343647,0.20717741747058957,0.20139488953744641
2016-02-11,88913.79542213157,-0.013093218680398111,0.21648390693139516,0.20089399587402457,0.18661313940759172
2016-02-12,90746.89311902093,0.020406927373413274,0.2214413278497099,0.20131803505840964,0.19135062760661775
2016-02-16,92278.53497185143,0.016737320322649615,0.21668897592763797,0.21069842799586244,0.21171194026258316
2016-02-17,93785.89297895596,0.016202892742642,0.22374125257606284,0.2143965550727591,0.21715499792736762
2016-02-18,93401.77226280254,-0.004104129989877978,0.21847347916357437,0.2172036829887412,0.22029201293969874
2016-02-19,93357.98430450357,-0.00046892285475387107,0.21810376574309573,0.21119060826704691,0.2055100301466445
2016-02-22,94709.77337779551,0.014375801257424386,0.21222135024831482,0.20476501008542902,0.19023023518714255
2016-02-23,93513.61451694633,-0.012710162932442376,0.20982194807208476,0.20624679721217087,0.1936412002894261
2016-02-24,93941.49692912858,0.0045651799196218465,0.20519809550157592,0.20598079108065492,0.19618702676334376
2016-02-25,95079.30102587932,0.012039075612230651,0.2039930581720899,0.20049317952529278,0.18301709722653245
2016-02-26,94860.47503755488,-0.002304162821237121,0.2041385874955263,0.1999428592846925,0.18226948687981626
2016-02-29,94116.54371324411,-0.00787328715593065,0.18826317882871776,0.19405873532196488,0.17004259324732643
2016-03-01,96328.92986859372,0.023234846636756946,0.20556786396499516,0.19062144052322053,0.1660649539465655
2016-03-02,96761.69706300931,0.004482536785238788,0.19264555981797093,0.20571581372663383,0.20344342260273973
2016-03-03,97140.95925919947,0.003911887408180803,0.19225780955177188,0.20020905192564958,0.18948046651310368
2016-03-04,97457.00817132802,0.003248227041495431,0.19228063327236142,0.19470496628123019,0.17655431853200404
2016-03-07,97534.80576936934,0.0007979576229084349,0.17495854467068803,0.1891955423948106,0.16455628321709256
2016-03-08,96469.94075069678,-0.010977831541818039,0.1718904368948951,0.18345812470486583,0.15309566424911406
2016-03-09,96946.45213296116,0.004927321197972965,0.1715085424575859,0.1829197196139985,0.1587222223489356
2016-03-10,97024.24097691246,0.0008020680534193194,0.1710315572565719,0.1783791950491045,0.14985702632435982
2016-03-11,98589.95374811548,0.0160085131928962,0.1641688621296336,0.17297316522454775,0.1398817868967391
2016-03-14,98463.51842590205,-0.0012832591902003532,0.15527303932344683,0.1788836858229263,0.15877918337043126
2016-03-15,98303.0734639462,-0.0016308154344113622,0.148976374699352,0.17350593532532566,0.1483953686757096
2016-03-16,98871.94925005148,0.0057702781693141116,0.1412673619584963,0.1683397265927552,0.13929586376753905
2016-03-17,99499.19730843532,0.006324005882187402,0.1395025166666022,0.16474648682703755,0.13369926438055924
2016-03-18,99890.19873934738,0.003921993243992934,0.13885595122095987,0.16160945377222535,0.12960927075191256
2016-03-21,100031.95371910246,0.0014181020138872835,0.13273123788050822,0.1574266017052176,0.12316938633580991
2016-03-22,99978.17734408642,-0.0005377365239052016,0.12040705696190837,0.15273032884928756,0.11609305354219678
2016-03-23,99318.36407081416,-0.006621446406438503,0.12534646923244464,0.148092309919159,0.11002366952415446
2016-03-24,99274.39227662473,-0.0004428338245236478,0.1208721900522655,0.14587106236592084,0.11313090407157031
2016-03-28,99333.03592569398,0.0005905484130616446,0.11988732880036902,0.1414377244046803,0.10736886926888069
2016-03-29,100251.88272276988,0.00920764249116282,0.11592263568634939,0.13714818683745605,0.10204534186851313
2016-03-30,100691.7669923748,0.004378192322981153,0.08874509938236061,0.1377059603972866,0.10931097311181853
2016-03-31,100447.37906118092,-0.002430039664083207,0.08978829279109364,0.13459191798031536,0.1059022598636009
2016-04-01,101131.6249997096,0.006788887262653748,0.09122567713085254,0.13083336854621716,0.1025069587460476
2016-04-04,100804.16075419012,-0.003243254100191591,0.09295363216533117,0.12956540293785376,0.10398854634588764
2016-04-05,99797.32659828516,-0.010038236742406401,0.10186199344808942,0.12624977117276945,0.10186048564232827
2016-04-06,100887.25457669584,0.010862206637908586,0.09675632167408173,0.1284766489872094,0.11624681995459736
2016-04-07,99680.05680832664,-0.012037977058250498,0.10852806575734812,0.13152887848118522,0.12494276937139259
2016-04-08,99948.85114250678,0.0026929416123063214,0.10859965259847187,0.13584159173047983,0.13979068742471434
2016-04-11,99714.25903804955,-0.0023498803779559607,0.0946981848312144,0.13211892752853688,0.13134721516217202
2016-04-12,100642.849137322,0.00926941655912168,0.0992620142839994,0.12841953920649596,0.12468690518523878
2016-04-13,101659.47036587344,0.010050599408134764,0.10357497618318601,0.1296195404528484,0.1276143791917264
2016-04-14,101664.32888583669,4.779096182600297e-05,0.10256361140903784,0.13160733917199555,0.13185822839554143
2016-04-15,101551.9526322014,-0.0011059769842315715,0.10120736710175626,0.12759818476065526,0.12384669233519242
2016-04-18,102265.52477230968,0.007002098786553992,0.10295380747741646,0.12378575648077189,0.11716136403501957
2016-04-19,102588.11298968592,0.0031494533125991453,0.10319117376263218,0.1230644669870465,0.11662264271185216
2016-04-20,102685.84365071144,0.0009521974439351414,0.102981911696157,0.1199422668702794,0.11110321927940688
2016-04-21,102133.56561929129,-0.005392842132179185,0.10180841673938867,0.11634727130553023,0.10533996414630314
2016-04-22,102133.56561929129,0.0,0.10171433582209265,0.11473542352437942,0.10664937036929498
2016-04-25,101957.61716390331,-0.001724214604262237,0.10229481652575005,0.11124012031025314,0.10150891495708177
2016-04-26,102109.0979376748,0.0014846203754422735,0.09796213921006783,0.10805948822100106,0.09800146536578802
2016-04-27,102319.26613096568,0.002056155644484403,0.09721818191670266,0.10492648746392096,0.09390390177673644
2016-04-28,101390.67603169328,-0.00911685037268261,0.10289799924274609,0.10204370474882161,0.0905467382876786
2016-04-29,100843.23901205626,-0.0054139124652094585,0.10206857140680553,0.10509458151678035,0.10500708414808359
2016-05-02,101644.78975690353,0.007917059951365296,0.10521162721284107,0.10404495555687421,0.10641658568092777
2016-05-03,100760.18020591064,-0.008741042115627935,0.10359047721448547,0.1054682452917347,0.10960669403242163
2016-05-04,100198.11510184384,-0.005593862834584501,0.09803624767582612,0.10775617697423313,0.11818829871221542
2016-05-05,100178.55846473073,-0.00019519874072281856,0.08777391954582899,0.10671379729391958,0.11776022532815955
2016-05-06,100545.10972220644,0.003652301377791251,0.08819320187085149,0.10346564923415885,0.11137570390342773
2016-05-09,100628.2210528922,0.000826265937875493,0.08764765594630426,0.1013139794604623,0.10692782490364319
2016-05-10,101879.40812363088,0.012357094860193216,0.09232594874055644,0.09828007806731479,0.10165111913414045
2016-05-11,100926.35909683202,-0.009398707497705994,0.09176097162086427,0.1067156312645233,0.11862760261486247
2016-05-12,100955.66779023166,0.0002903546596740562,0.09177937244008362,0.10972952302157053,0.12705670984795792
2016-05-13,100075.91675920194,-0.008752422153933391,0.09650667622507621,0.10639271043315994,0.11952562370056723
2016-05-16,101063.2205402638,0.009817201403859116,0.09995466426042866,0.10862094776769629,0.12601509559305074
2016-05-17,100119.92356975148,-0.009377563785154896,0.10356236188837416,0.11201708182497401,0.12999316629977956
2016-05-18,100149.23226315112,0.0002926930358995219,0.10340543026209748,0.11456260387152098,0.13599800628698572
2016-05-19,99802.22013460852,-0.003470967305016046,0.102606296321901,0.11107839624327588,0.12750105546373902
2016-05-20,100432.72471448114,0.006297668613210054,0.10592756048985409,0.10853693117750643,0.12247584121310315
2016-05-23,100295.87202513938,-0.001363559679774091,0.10589534758638912,0.10804220577481517,0.11991670479940078
2016-05-24,101595.92442639086,0.012878882585141107,0.1163904329136161,0.10488490680441526,0.11384354481859231
2016-05-25,102285.05514715274,0.006760153366165689,0.11880042792124895,0.11335202326590121,0.12923991582223618
2016-05-26,102314.39885691252,0.00028684055002790914,0.11383219126196863,0.11299884677110786,0.126456266478694
2016-05-27,102754.26561833732,0.0042899527058212145,0.11240079332907005,0.10956212413567717,0.11899153357906661
2016-05-31,102558.77803401632,-0.0019042885918828737,0.10968718059650859,0.10752623567759251,0.11421375352161849
2016-06-01,102768.9199650372,0.0020468938817251067,0.10425067195445722,0.10451319419516442,0.10923614143139304
2016-06-02,103081.70360158684,0.003038940294155159,0.10149004884050819,0.10164141226201452,0.10395608206659417
2016-06-03,102773.80474727052,-0.0029914097163536648,0.10255949202300033,0.09925096309892796,0.0999285603085476
2016-06-06,103296.75657711098,0.00507547462482356,0.10311921474210382,0.09692786111700924,0.09805028570335098
2016-06-07,103458.02442352906,0.0015599917771415425,0.10310268053969343,0.09602503599688793,0.09721521136879199
2016-06-08,103795.30200396523,0.00325474031216859,0.09500145447188756,0.09329713141358642,0.09323772744190666
2016-06-09,103653.5907946603,-0.0013662278880940564,0.0873907853576225,0.09133599872908033,0.0908338723757251
2016-06-10,102671.16304174166,-0.009523192534445576,0.09550949402381212,0.08871274684665333,0.08846768578176832
2016-06-13,101879.40812363096,-0.00774144865745171,0.09422118062055661,0.09364296690163801,0.10488091336701597
2016-06-14,101679.0094948066,-0.0019689551128448555,0.08853169514610672,0.09565044144252616,0.11177028063512703
2016-06-15,101537.28077732162,-0.0013948560942079078,0.08118341493207351,0.09305204731178918,0.10715499167162303
2016-06-16,101840.29484940472,0.0029798201238533284,0.08156279847935882,0.09038019874981791,0.10265304751660148
2016-06-17,101461.0063909444,-0.0037312982868533784,0.08175019728700324,0.08838959749544892,0.09874729345224177
2016-06-20,102114.43793258935,0.0064195737148750286,0.08185952297572888,0.08691643804651572,0.09813349198155452
2016-06-21,102404.29460736674,0.002834526356091313,0.08172352869995979,0.08788804459051627,0.09964412475890623
2016-06-22,102237.249061533,-0.0016325676589489888,0.0691009835358394,0.08592049882733545,0.09601890686242429
2016-06-23,103568.65861324962,0.012938677425839247,0.07945010431312155,0.08354454609541474,0.09316787608558817
2016-06-24,99849.60602390734,-0.036569646843331964,0.15413424745809107,0.0953527107067438,0.11475240602737417
2016-06-27,98061.3117597597,-0.01807220092737903,0.1636771469555605,0.16960889662661086,0.2455111328501048
2016-06-28,99829.96184589402,0.017875443910261385,0.1787373407849157,0.1788278680042882,0.25218693385334223
2016-06-29,101529.79603035135,0.01688395519422912,0.18988699205540385,0.18679389228958682,0.25336235273441826
2016-06-30,102915.2533338748,0.013553554039814862,0.1961297087364201,0.1926361025432753,0.25208277202736573
2016-07-01,103131.41807883196,0.0020982122426964215,0.1959599404470541,0.19406100635827236,0.24425377322452693
2016-07-05,102389.57898203688,-0.007219138961045015,0.1967390567276367,0.18832593941367495,0.22536836626013818
2016-07-06,103003.66964311498,0.005979675524873714,0.19795701065946142,0.1847340069257537,0.21336362484795152
2016-07-07,102939.82606457156,-0.0006200106526231268,0.19753227557520286,0.18060922647811015,0.19957462514355187
2016-07-08,104472.62345728518,0.014780456052299771,0.20468531917064928,0.17512373755549424,0.18489835790843814
2016-07-11,104841.08310638604,0.0035206488455721188,0.20151583256032082,0.1792522459846025,0.1902886295615032
2016-07-12,105602.6013975546,0.007237295971983078,0.1998604208253115,0.17432985272091422,0.17705528466857282
2016-07-13,105587.85075586457,-0.000139690422210003,0.19950871104244347,0.17134586632266177,0.16871770070156258
2016-07-14,106177.39494851598,0.005567917566101486,0.19952090286074495,0.16612686897167542,0.15693710074656933
2016-07-15,106034.92213337902,-0.0013427386167024114,0.19989629433413747,0.16251459686360037,0.1489436770500516
2016-07-18,106319.8852718331,0.002683841378354375,0.1987427694115505,0.15765023025877611,0.13962289809171127
2016-07-19,106211.80727639952,-0.0010170530658655667,0.1984704760962347,0.1532034230143512,0.13119302566699087
2016-07-20,106653.96760941057,0.004154364121480931,0.1986022385908981,0.14858886760329598,0.12363197413728695
2016-07-21,106251.11314060626,-0.003784362009319387,0.19927473586743447,0.14496511528243688,0.11813303257332036
2016-07-22,106727.65953923076,0.0044750675188295315,0.19529575670763766,0.14131712944537547,0.11475525889193733
2016-07-25,106437.7766021833,-0.0027197947377422403,0.1356187135052045,0.138112619977999,0.1107326352378045
2016-07-26,106486.9308176668,0.00046170514406079554,0.11074742505951203,0.1343221388103895,0.10701292911771063
2016-07-27,106373.95928591,-0.0010614588927902676,0.09937025599397452,0.13024251959832195,0.10174273049428431
2016-07-28,106496.75290667352,0.001153692145985343,0.08527466869656089,0.12634224433954824,0.09769385447261449
2016-07-29,106668.72700519068,0.001613527067319119,0.07437542533338097,0.12257546959588858,0.09356843314515975
2016-08-01,106580.2669255004,-0.0008296412858387561,0.07493906783280993,0.11900682947696599,0.09007489498172944
2016-08-02,105897.38662501542,-0.0064278067859753815,0.07374070654944749,0.1154264921971433,0.08741595837936304
2016-08-03,106206.87872371609,0.0029183035790515074,0.07215929104971269,0.11466728870980494,0.0946638904384506
2016-08-04,106319.8852718331,0.0010634572008041082,0.07173985650514704,0.11175169479806742,0.09176737996397216
2016-08-05,107189.45529616516,0.008145543703169892,0.058174183709479334,0.108426171398059,0.08838787061832441
2016-08-08,107125.62047171177,-0.0005957100881722147,0.05790917218072618,0.10979103235041095,0.09584849470559388
2016-08-09,107189.45529616516,0.0005957100881722068,0.053142358877391764,0.10647155573012537,0.09228488349048046
2016-08-10,106924.18010617458,-0.002477892874253682,0.05429470492789429,0.10325398922519145,0.08882850788553312
2016-08-11,107420.36192872238,0.004629767608088459,0.05325497335555271,0.10057106544268439,0.08793964747734632
2016-08-12,107327.04332906888,-0.0008691011229252269,0.053054100342174414,0.09915523306092457,0.08803012419988675
2016-08-15,107636.52667367952,0.0028794047143255314,0.053160139595419015,0.09619394638231538,0.08567934354334318
2016-08-16,107081.3948089116,-0.0051708129235648985,0.05677381363276561,0.09393315863198579,0.08401338250647793
2016-08-17,107282.79140399866,0.0018790140078980778,0.055338617913766555,0.09326467747362527,0.08886985615909744
2016-08-18,107523.5288796526,0.002241438483986198,0.05355360340193651,0.09071816878811524,0.0861006795684128
2016-08-19,107366.3404391856,-0.0014629676959717825,0.051972461675049215,0.08838530738823361,0.08390343015937723
2016-08-22,107361.41188650225,-4.590512992236325e-05,0.050765664789102265,0.0858813469766001,0.08262481962367359
2016-08-23,107577.5853855494,0.0020114876749101904,0.05107481138603042,0.083265246502321,0.08060753115857694
2016-08-24,107027.33830301474,-0.005128011779735128,0.05464852557101,0.08110667030831334,0.07906405419678593
2016-08-25,106953.64637319456,-0.0006887708535878977,0.05466088943561461,0.08112458075802584,0.08487706686093675
2016-08-26,106752.22351583744,-0.0018850480532562604,0.05488314713573661,0.07869878496483577,0.08285381279630127
2016-08-29,107277.88035949528,0.004911999677138217,0.057404008799949106,0.07665256897737231,0.0821716806093757
2016-08-30,107101.03898692496,-0.0016498022587362474,0.05221922063672203,0.07673259276411455,0.08370040340984056
2016-08-31,106796.4316704575,-0.002848163855764727,0.05278135511360968,0.07467108998038235,0.0826357899674366
2016-09-01,106801.3602231409,4.6147974101935145e-05,0.05270372485695909,0.07323851024459768,0.08326163326517097
2016-09-02,107282.79140399866,0.004497595816837909,0.04667978002440477,0.07100759691727444,0.08112391014640645
2016-09-06,107607.08666892952,0.003018248360773363,0.047773286812922915,0.0710310285503351,0.08215397366484795
2016-09-07,107597.24707174282,-9.144422904994066e-05,0.04776468316595504,0.06986002520893586,0.08113930901867565
2016-09-08,107351.6073056756,-0.002285565779915435,0.04762689239979884,0.06773274074635255,0.07935031268644295
2016-09-09,104782.141818256,-0.02422614191613787,0.09679232461648363,0.06626797673234619,0.07972375130726901
2016-09-12,106285.51671439972,0.01424567203692626,0.11134335790453335,0.11402620774259109,0.16677403938765512
2016-09-13,104757.58659573933,-0.014480044991543923,0.12101207502996703,0.12365394359419409,0.1742409717133943
2016-09-14,104718.2807315325,-0.00037527821385467143,0.12020131218028177,0.1324504286483221,0.18514756288136508
2016-09-15,105764.72714479503,0.009943368309897919,0.12612858517767622,0.12842374582721164,0.1718031936951627
2016-09-16,105355.85861614444,-0.0038733223323714557,0.12609676125608102,0.1303764627981236,0.16852561890910345
2016-09-19,105375.62535141812,0.00018760115915758993,0.12615566229078667,0.1272987840951713,0.15905245933236833
2016-09-20,105380.56265819156,4.6853255612329846e-05,0.12616476958241987,0.1234229060685643,0.1481837136089782
2016-09-21,106565.6300869806,0.01118283620365498,0.13301604145149246,0.11966308582727506,0.13844743352958092
2016-09-22,107237.15633270465,0.006281755866662266,0.1338826231156769,0.12389892229376746,0.14344177483490392
2016-09-23,106649.5818103086,-0.005494272394733737,0.13533590982209925,0.12258274134298433,0.13800021932623835
2016-09-26,105785.46558406136,-0.008135390113553671,0.1381918471707297,0.12075332147548587,0.1344445040308446
2016-09-27,106442.20617173532,0.0061890391442971215,0.1389220591481016,0.12127321840246463,0.13659448386620654
2016-09-28,106970.51550467045,0.004951067658869729,0.14009971345943525,0.12001633838439897,0.13191916740845458
2016-09-29,106002.72459027154,-0.009088442994709667,0.1434571565032915,0.11794203586254884,0.12624795857731505
2016-09-30,106802.63832028442,0.0075178321308805775,0.1461726202664199,0.11968547660659613,0.13225104978769622
2016-10-03,106545.88085988698,-0.002406931019165247,0.14540796316637744,0.11966488894880765,0.13032990620556453
2016-10-04,106002.72459027154,-0.005110901111715273,0.14577710363818094,0.11639630346492821,0.12384002320658724
2016-10-05,106471.79499601571,0.004415316892605594,0.14692086261112966,0.11458694385709269,0.12168587230412901
2016-10-06,106545.880859887,0.0006955842191097585,0.14682831722888678,0.11241495626508681,0.1167010748175621
2016-10-07,106180.48514229443,-0.0034353623748429726,0.11769429742721355,0.10902389953644714,0.1102899735298546
2016-10-10,106733.48976318663,0.005194641306883981,0.10781023828384208,0.106543324311663,0.10752491893685397
2016-10-11,105385.49996496494,-0.012709922353756328,0.10475087075009333,0.10525394884973213,0.1054441050636817
2016-10-12,105523.81458734072,0.0013116029749369628,0.10477803258792973,0.11338521540430505,0.12803472365058832
2016-10-13,105178.1243263917,-0.003281323113627669,0.09913795129901298,0.11004928722933843,0.12040361980382008
2016-10-14,105232.4259468092,0.0005161492287581989,0.09824706979506781,0.10745693627174485,0.11606768557722008
2016-10-17,104867.04773739669,-0.0034781484346700178,0.09898414212825596,0.10420269518267568,0.10973841182966483
2016-10-18,105523.81458734068,0.0062433223195390766,0.10163225485479603,0.10192950520983411,0.10710997290188824
2016-10-19,105805.21481115503,0.0026631494114307715,0.09344389822532233,0.10176251855667391,0.10679029551506009
2016-10-20,105607.69627794858,-0.0018685575035006466,0.09018445615090247,0.09920438562687706,0.10213653396429373
2016-10-21,105657.09560795274,0.00046765322762479467,0.08850573004109158,0.09645626526030002,0.09867715523341643
2016-10-24,106106.40803251328,0.004243536691539857,0.08512443905374534,0.09353549689049614,0.09442039006357907
2016-10-25,105750.90443664754,-0.003356069473345869,0.08285802199219403,0.09217500092250534,0.09295702534524725
2016-10-26,105538.5739831208,-0.0020098542207660514,0.08063261426183255,0.09031476383341808,0.092669447138724
2016-10-27,105257.13874294628,-0.0026702194627778015,0.07475329827620464,0.0879114817519221,0.090658784908711
2016-10-28,104946.0533998613,-0.0029598558140378835,0.0691646836930105,0.08586343572626189,0.089740626471494
2016-10-31,104951.00821481476,4.7211856290575887e-05,0.06899297803378503,0.08403951633134275,0.08936989983399947
2016-11-01,104190.58418489915,-0.007271890513479129,0.07119421749529294,0.08147954092138349,0.08639636707204741
2016-11-02,103563.51996240587,-0.006036618427257178,0.0705825230532677,0.08390549549958609,0.09623116174954292
2016-11-03,103089.48598761822,-0.004587736859062283,0.0710073936008062,0.08466822642832475,0.10063139274926167
2016-11-04,102975.91917773972,-0.001102240536545914,0.07071121422086106,0.08400489077658232,0.10118710973230806
2016-11-07,105247.25537530948,0.021817228523675423,0.10699401478973282,0.08155845866023043,0.09723637708759625
2016-11-08,105721.26308782704,0.0044936421187359524,0.09847166787147385,0.11597269562426854,0.15512860140517398
2016-11-09,106842.13677447171,0.010546350655826616,0.10513580980931542,0.11378928593345597,0.1462660788995311
2016-11-10,107108.76884841602,0.002492461634622927,0.10428779034864526,0.11769813610012925,0.14830319305298426
2016-11-11,106861.9210179255,-0.0023073061095975045,0.10490875885943486,0.11452340863665773,0.13885629342960565
2016-11-14,106945.81146262336,0.0007847279238176961,0.1037045533467595,0.11139644617240782,0.13129062890524962
2016-11-15,107780.28634005008,0.007772497958723974,0.10486914460591984,0.10804595777315151,0.12326549850349237
2016-11-16,107577.83050007014,-0.001880178955795624,0.10518633078036184,0.10902714582326876,0.12322440559258453
2016-11-17,108130.87889141245,0.005127744769438068,0.10573533031558262,0.10595826403410996,0.11713332003751659
2016-11-18,107888.93335133525,-0.002240031955714246,0.10641213170648861,0.10464743782039186,0.11360568633710437
2016-11-21,108703.65900166832,0.007523151961195404,0.1083388724247942,0.1018326536256875,0.10900923734323266
2016-11-22,108915.95443883498,0.0019510695856431407,0.10700239705282552,0.1029730787784002,0.11086628699227752
2016-11-23,108975.23713647596,0.0005441495700231408,0.10628095937113259,0.100123945909758,0.105353122360745
2016-11-25,109380.1138000758,0.0037084241431742317,0.10528721110986994,0.09709682427884357,0.10027335228381508
2016-11-28,108866.58137110084,-0.004705989946931678,0.10653588344530106,0.09523687374895647,0.09734755905763846
2016-11-29,109078.92057871765,0.001948553862340586,0.10632655084279931,0.09413135012237525,0.09868556410552924
2016-11-30,108817.2258115468,-0.0024020148803055815,0.1020568283383572,0.09157770999039391,0.09466228670103376
2016-12-01,108417.2514383603,-0.003682424909981042,0.09986386326476372,0.08927780150964729,0.09280667361656957
2016-12-02,108471.56181286782,0.0005008130648006642,0.09680223658814527,0.08773440214934546,0.0930683999569803
2016-12-05,109123.34758558829,0.00599083612672898,0.09653211437666052,0.08508394739789707,0.08951908806760443
2016-12-06,109469.0028301772,0.0031625583606067864,0.06589240809770326,0.0857180260801608,0.09172271122696894
2016-12-07,110900.95310581688,0.012996058595259038,0.07630631719991508,0.08401161847735195,0.08944541091519165
2016-12-08,111172.50497835454,0.0024456052535586493,0.06997977986285174,0.09585512874481762,0.11246034782993668
2016-12-09,111844.0137158986,0.006022072004795968,0.07142486205311381,0.09342026470918759,0.10698758675467007
2016-12-12,111715.65249387993,-0.0011483398441281493,0.0705762261493636,0.0935523234208885,0.1063006845453283
2016-12-13,112461.2470952952,0.0066518660218184665,0.07205005791229646,0.09081218801731201,0.10173384304553704
2016-12-14,111532.96338917364,-0.00828850905105214,0.07874811440491862,0.09176634342237977,0.10307633390696007
2016-12-15,111992.159181371,0.004108678549410873,0.07799125783942025,0.09462839287561962,0.11186007074018946
2016-12-16,111773.14060306604,-0.001957574730824431,0.07829010409282597,0.09312628583808003,0.10780816637822059
2016-12-19,112016.51305981708,0.0021750116568003517,0.07693251395501831,0.09060958084781479,0.10368829172387083
2016-12-20,112448.63245157084,0.0038502184790177828,0.07442116335236733,0.08825541450599395,0.09914251756049937
2016-12-21,112135.68248731078,-0.002786928080006239,0.0760854591900541,0.08686667217736736,0.09652587582016943
2016-12-22,111941.98949144463,-0.0017288027173569804,0.07687073734844067,0.08491469936990698,0.09487768489778868
2016-12-23,112105.91858122993,0.0014633398762621318,0.07636589321324867,0.08260185126575649,0.09227248432027735
2016-12-27,112384.04477537544,0.002477850967490268,0.0731484426376741,0.0802873545467245,0.0889033003328843
2016-12-28,111455.2533320325,-0.008298782042849907,0.08109448296586265,0.07843550658223096,0.08646757759142017
2016-12-29,111430.417978635,-0.0002228528496626828,0.08021852096833815,0.08260939472100502,0.09940885250934299
2016-12-30,111023.13394027873,-0.0036617486205869545,0.08020190792743775,0.0800974673812894,0.09522639681218005
2017-01-03,111872.44700029575,0.007620762751984268,0.08331495461819333,0.07895190356668873,0.09506027907153912
2017-01-04,112538.01171071368,0.0059316902227115114,0.08327333496875376,0.08208232689816121,0.09976469254265613
2017-01-05,112448.63245157084,-0.0007945295079852511,0.0834355730574004,0.08285683021342634,0.1000811587191264
2017-01-06,112850.91790452364,0.003571120136212877,0.07188404833391536,0.08039206406467085,0.09608086379489737
2017-01-09,112478.41386583178,-0.003306310590873143,0.07310273741930086,0.0791702896293534,0.09359298534369787
2017-01-10,112478.41386583178,0.0,0.07022993310937659,0.07782766746480685,0.09312781958492497
2017-01-11,112796.27487459524,0.0028219878716445987,0.07057009112414128,0.07545672318376807,0.08967321348963996
2017-01-12,112513.17635731622,-0.0025129763950239056,0.06736727018278757,0.07397637404127926,0.08738773296232405
2017-01-13,112771.47453755786,0.002293083815504546,0.06013473431235554,0.07238533859000858,0.0867680403044065
2017-01-17,112374.10888319848,-0.003529858866576118,0.0602555578482235,0.07074435311035714,0.08450901173627579
2017-01-18,112622.44490899304,0.002207466047387527,0.06011841946289777,0.06994906310942318,0.0859230483289262
2017-01-19,112205.25999481982,-0.003711156444571953,0.06140252321311771,0.06835917998418704,0.0837303485000576
2017-01-20,112617.48133994956,0.0036670828282558913,0.06125681469345981,0.06782950532787262,0.08560649993703232
2017-01-23,112324.4381764035,-0.0026055021665727764,0.061147680011509935,0.06729128793579536,0.0847613500596421
2017-01-24,113044.63716265986,0.006391306675741311,0.06464783832900967,0.06602328866558879,0.08468427589300548
2017-01-25,114023.11682097772,0.008618447117566335,0.07077518562863727,0.06866705206225125,0.08864696126115737
2017-01-26,113903.86860667382,-0.0010463721525603713,0.07080424473691953,0.07453409939782754,0.09734166861376822
2017-01-27,113725.07507202816,-0.001570921241604572,0.06310830970487769,0.07237794458430777,0.09385213409251467
2017-01-30,113019.8193174424,-0.006220718052120569,0.06805712301998947,0.0704383836338521,0.09124382257897305
2017-01-31,113009.85716299537,-8.814908386015253e-05,0.06616978443631397,0.07244981443621853,0.09711777367816878
2017-02-01,113054.5292843867,0.00039521591768466413,0.0612012482903754,0.07024353750686285,0.09317813677662344
2017-02-02,113129.07036093916,0.0006591201074524127,0.05779065023215585,0.0681209730229085,0.08962815244190392
2017-02-03,113908.84968389732,0.006869181932268917,0.062169312469884865,0.06609544364108016,0.08651592609418447
2017-02-06,113705.2295499442,-0.0017891704147336798,0.061733368466163355,0.06942577616011153,0.09118895727235117
2017-02-07,113710.21062716776,4.380597219320638e-05,0.06020873953803968,0.06766936669568444,0.08916237259975893
2017-02-08,113859.20523937244,0.0013094433883104977,0.06023105928940251,0.0656081063008138,0.08621757314897348
2017-02-09,114534.6795796973,0.005915012219187366,0.06268813866099723,0.0638128794404583,0.08361808511010946
2017-02-10,114986.62698535496,0.003938178956325523,0.06239619768112878,0.06600581485882083,0.0867752571715438
2017-02-13,115612.47438933497,0.005428025841249135,0.0641668899129281,0.06580168274646205,0.08608295658952714
2017-02-14,116074.38394943973,0.003987366183922953,0.062269308208287126,0.06719789690811087,0.08783289579583517
2017-02-15,116680.33330679564,0.00520677504167933,0.06354182060957272,0.06697027799629666,0.08703942952294258
2017-02-16,116581.00064729583,-0.000851685650771008,0.06103152331589874,0.06801343913218301,0.08822404748872978
2017-02-17,116764.748996895,0.0015749023743423958,0.06068477669129114,0.06602458481021747,0.08583471235884593
2017-02-21,117460.12138384384,0.005937665191691346,0.06001692577022487,0.06430546984377913,0.08336111525821578
2017-02-22,117355.83390939057,-0.0008882486812262386,0.05888310000744063,0.0664842129215667,0.08661473409593667
2017-02-23,117435.2947845364,0.0006768643996181438,0.05329676346976253,0.06455130515964855,0.08447539556700738
2017-02-24,117584.28939674108,0.0012679337569653372,0.05247176156181279,0.06264013008149917,0.08205725242544955
2017-02-27,117768.0727627003,0.0015617723283416777,0.05112991241619312,0.06093165434921112,0.08002549773623269
2017-02-28,117450.21175393688,-0.0027026912716612145,0.04501881325862084,0.0593867510447247,0.07836613605796415
2017-03-01,119094.19484404252,0.013900219278043274,0.06120535880856375,0.05852882771875,0.07950305832008146
2017-03-02,118344.22319761534,-0.0063172097145274215,0.06863161910696024,0.07836780987666979,0.10971247357149098
2017-03-03,118418.70299553766,0.0006291508689865416,0.06864112523115513,0.0798524811302879,0.11219638320997301
2017-03-06,118066.0794952898,-0.002982211014799806,0.0688219022580032,0.07745849585449176,0.10630468339095091
2017-03-07,117713.45599504194,-0.0029911312058594737,0.06977712771363677,0.07598881781679599,0.1035033834696798
2017-03-08,117494.89262941822,-0.0018584665876859837,0.0707081262040789,0.0745863192513844,0.10110866081660755
2017-03-09,117643.895995713,0.0012673654322224014,0.07071086990790902,0.07267430644272672,0.09777694938117211
2017-03-10,118056.1436031128,0.003498073470622505,0.06927645828440063,0.07063248191033647,0.09365938735304405
2017-03-13,118115.75895617474,0.0005048471361928895,0.06875308569634063,0.0698185276485688,0.0914372911288635
2017-03-14,117663.76778006698,-0.0038340201631802758,0.06931169568530159,0.06772003277297399,0.0880993566750732
2017-03-15,118681.95599073276,0.008616144971278364,0.07386262937077624,0.0673283171696338,0.0894214513901048
2017-03-16,118448.51942615864,-0.0019688455443830108,0.0729713458450524,0.07337297882948689,0.09792685736294345
2017-03-17,118240.51349310362,-0.0017576309644629759,0.07330551079644551,0.07154850686751933,0.09513411527404178
2017-03-20,118110.79538713123,-0.0010976721018517777,0.07349930014067522,0.06970471444582946,0.09252069296587123
2017-03-21,116594.31561822192,-0.012922606294415415,0.08485417880990512,0.0677158787120797,0.08971114334238449
2017-03-22,116868.68630774722,0.0023504436555446193,0.08536899083343628,0.08267562741209754,0.11841443289093502
2017-03-23,116743.98429535856,-0.001067596409997345,0.08535375005722001,0.08067636293747153,0.11219229674021373
2017-03-24,116659.1921793882,-0.0007265721142379352,0.08516269858580393,0.07832871891892818,0.10685266775871287
2017-03-27,116539.43622786293,-0.0010270726107657507,0.08486907633314685,0.07599504503211979,0.10197079579606866
2017-03-28,117387.48869891654,0.007250607740730199,0.08874621207155312,0.07378808721509449,0.09787058617427809
2017-03-29,117497.22997145468,0.0009344267361832352,0.07213975670627056,0.07689524791970496,0.10117216975842933
2017-03-30,117871.36227089092,0.0031791209776873743,0.07013649722424589,0.07464119828722851,0.09659406241230452
2017-03-31,117597.0003354556,-0.0023303517853488337,0.07045836190600957,0.07341556335636629,0.09365721087254258
2017-04-03,117392.46977614006,-0.0017407640509746454,0.0699789804471118,0.07175349470751977,0.09186330255281558
2017-04-04,117467.30849175334,0.000637305533525211,0.0693006891867037,0.06989612067870983,0.08969266030814413
2017-04-05,117118.1165947948,-0.002977100173556287,0.06978820407835726,0.06781209876507213,0.08657303939849427
2017-04-06,117447.35792058914,0.0028072464005514074,0.07041732307268028,0.06675763889842497,0.08673894893050978
2017-04-07,117327.6194772439,-0.0010200273900929278,0.06918487997244316,0.06563796592977644,0.0848582370356155
2017-04-10,117397.45960745358,0.0005950802747026607,0.06919970666837683,0.06376185152556241,0.08306419620322222
2017-04-11,117257.7530847641,-0.0011907388512160126,0.06803816424761398,0.06186269950328628,0.08084644042047727
2017-04-12,116743.98429535852,-0.00439116068718803,0.061061230734766325,0.060156562424246,0.07978190719836352
2017-04-13,115985.74003385888,-0.006516116036226049,0.06424331500347612,0.060771963439668,0.08376131659907815
2017-04-17,117013.34764539024,0.008820757922916728,0.07306684753468527,0.06413758136257358,0.09209630530776615
2017-04-18,116664.18201070176,-0.002988442192645942,0.07357105657641703,0.0710157364949413,0.10054529723610486
2017-04-19,116449.66303466904,-0.0018404658594564623,0.05781396192877955,0.06982602835343175,0.09857306656945672
2017-04-20,117397.4596074536,0.008106165703816021,0.06425114301235843,0.0680760602409125,0.09556634260176637
2017-04-21,117023.32730801732,-0.0031919747563287455,0.06525299665682385,0.07314248427695674,0.10135559065178243
2017-04-24,118310.33611513328,0.010937845605836842,0.07556789681473643,0.07199226911863228,0.09954105950033965
2017-04-25,118998.75775460328,0.005801914788791032,0.07736123809838338,0.08173626476365997,0.11244662327961619
2017-04-26,118923.9102849,-0.0006291747885069249,0.07395827971556289,0.08239502808383564,0.11056524378963091
2017-04-27,119023.70691117106,0.0008388117796555434,0.07395418436588591,0.07992239755404631,0.10518713187331151
2017-04-28,118764.2882074064,-0.0021819335879936174,0.07396646758929747,0.07755625547684303,0.10011848289925755
2017-05-01,119063.56428304936,0.0025167467180758885,0.07361333805007941,0.07567072228155412,0.09724374711419803
2017-05-02,119108.4815189614,0.00037718310974167686,0.07309466058072506,0.07401530254146575,0.09371128673880688
2017-05-03,118963.83768949848,-0.0012151252841271745,0.07341937581260692,0.07177548459057823,0.09009528804468998
2017-05-04,119103.49168764784,0.0011732312412112908,0.07218032234130274,0.06974913692868324,0.08770898524658303
2017-05-05,119572.43078204166,0.003929509880599495,0.07269400024426607,0.06777800399778816,0.08488154476759004
2017-05-08,119552.47145678746,-0.00016693640113331714,0.07245836976303649,0.0674662508269348,0.08447529327148073
2017-05-09,119442.68641379922,-0.000918721966490151,0.07275238946490382,0.06541417782993302,0.08224371567662792
2017-05-10,119657.20538983191,0.0017943883786314234,0.07240524429750567,0.06352193178956392,0.08075511977637082
2017-05-11,119412.77368818794,-0.0020448555503250745,0.07053755383474446,0.06198078326013837,0.0790827668794429
2017-05-12,119213.22420609593,-0.0016724877454102715,0.06548841958845181,0.06061636519422676,0.07919040872697505
2017-05-15,119871.73311995466,0.005508590639943238,0.06142104051396285,0.05912847875861099,0.07884886025273896
2017-05-16,119761.96558514652,-0.0009161277656566822,0.059967019357632545,0.06119817228779575,0.08210634719812124
2017-05-17,117636.90147778408,-0.01790337835857058,0.09049630667837663,0.0594406710926096,0.08063604761521688
2017-05-18,118110.79538713137,0.004020353572521743,0.08704214359553386,0.0903749403412994,0.13540280198972254
2017-05-19,118879.01931125816,0.006483203642573734,0.08865022493813399,0.08900539468512524,0.12836919078691542
2017-05-22,119482.60506430772,0.005064464925800517,0.08192662687389447,0.08990086451016127,0.1252627466327191
2017-05-23,119747.01359938596,0.0022105008921591333,0.07980428736151758,0.0893590814895835,0.12057320638463488
2017-05-24,120026.38287431483,0.002330278550136972,0.08003176490323877,0.0870621834587162,0.11403794594135509
2017-05-25,120600.03839357306,0.004768026744771566,0.08147975023403006,0.08489487002685252,0.10831779902485662
2017-05-26,120575.0979910953,-0.00020682399471629595,0.08086606356305384,0.08437090668311635,0.10553253664067372
2017-05-30,120470.30277942069,-0.0008695060593738084,0.08078178015675598,0.08180458224617305,0.10058938189705123
2017-05-31,120440.39880789944,-0.0002482577276791277,0.08083384568226597,0.07938451758741391,0.09656786065780085
2017-06-01,121398.19255149116,0.00792097527541143,0.08459657548153528,0.07697219893539127,0.09275490407387278
2017-06-02,121802.21131426856,0.003322520259207159,0.08499371135152509,0.0807334689334932,0.09867258077619365
2017-06-05,121712.44687516472,-0.0007372405738282693,0.08456111527227275,0.07933304000018254,0.09558405909621122
2017-06-06,121323.36258996784,-0.0032018706910722766,0.08574078536738967,0.07696963972453978,0.0921319944568923
2017-06-07,121547.81745817755,0.0018483455473569234,0.0855953156232068,0.07565630039138725,0.09173997059641445
2017-06-08,121607.6866798502,0.0004924356789266376,0.08553428649206579,0.07370277421010094,0.08857330484678355
2017-06-09,121423.10669169883,-0.001518984661005645,0.08532172360943313,0.07148314125236212,0.08561473155309432
2017-06-12,121398.19255149116,-0.00020520555958438084,0.08490781800060883,0.06955670857681844,0.08413500302267057
2017-06-13,121991.7986419136,0.004877828085650273,0.08448299439765632,0.06744245145679305,0.0819666415173659
2017-06-14,121837.18390391364,-0.0012682229742257776,0.08459126349752115,0.0680832467668011,0.08347324878990592
2017-06-15,121602.68809444664,-0.0019265199251811112,0.049196939441560526,0.0661931086316195,0.08208245877737352
2017-06-16,121629.26551175886,0.0002185355749846659,0.048623031246331154,0.06461233268744278,0.08156807673570134
2017-06-19,122641.85110480938,0.00829071735667494,0.05143773215367885,0.0626497439826591,0.07962113471114939
2017-06-20,121814.72090891264,-0.00676711896547116,0.05752566222349555,0.06876611977904401,0.08960052922963782
2017-06-21,121784.668117861,-0.00024673946288756427,0.05748214030259663,0.07167605060256607,0.09725826111507242
2017-06-22,121729.50859662112,-0.00045302924805026195,0.05737636859595693,0.06949913213317423,0.09335661739803984
2017-06-23,121874.89652373602,0.0011936396987991397,0.05538721065099986,0.06740493131798542,0.0900480315932971
2017-06-26,121955.11025062394,0.0006579479764836907,0.05532052556718917,0.06551611930715445,0.08691224060579908
2017-06-27,120972.61246498514,-0.00808885154546952,0.06318654449269744,0.06357173551419133,0.08416283526854981
2017-06-28,122055.35333548624,0.008910480987325236,0.07027518153331352,0.06919666144473839,0.09706572375340418
2017-06-29,120982.61838988228,-0.008827772092233446,0.07245614527598163,0.07550738341212207,0.10462904904838173
2017-06-30,121208.2025357051,0.0018628634247739764,0.07170393417099535,0.08085529049889202,0.11459869223134402
2017-07-03,121413.72230719335,0.0016941570369428667,0.07200109529477179,0.07872606718786185,0.10861522849229235
2017-07-05,121694.43095789586,0.0023093324652784853,0.07153136926816113,0.07661150681673685,0.10327995708798737
2017-07-06,120581.57601771296,-0.009186735251109152,0.07845205487053303,0.07481843894807699,0.09885406382831281
2017-07-07,121363.57887953716,0.00646432110048273,0.0821298240327236,0.08085789991947569,0.11132261070272512
2017-07-10,121493.9272799912,0.001073455912745832,0.08205145337004725,0.08232585367702956,0.11072782783656766
2017-07-11,121403.6901200261,-0.000743005757589001,0.08209402310554355,0.07992694353904263,0.10501779815021961
2017-07-12,122315.99761185428,0.00748656591061215,0.08463195675948564,0.07754588600001655,0.10036994556039902
2017-07-13,122521.54364561263,0.0016790405669971234,0.08463150692938191,0.08062269188448797,0.10372551922717617
2017-07-14,123092.99313418489,0.004653230441290432,0.08557368548573673,0.07843878695868786,0.0989750589090594
2017-07-17,123077.95360752405,-0.00012218766575509412,0.08560285011778328,0.07817206221597614,0.09738293502444334
2017-07-18,123143.14531593112,0.0005295379657996517,0.0806340271161203,0.07579211549624774,0.09342085190127399
2017-07-19,123809.8305498721,0.005399302043064649,0.07821216976294691,0.07351202548716759,0.08982316900670498
2017-07-20,123864.95505475187,0.0004451361946709715,0.0781264293810801,0.07430048486747795,0.09086516495511403
2017-07-21,123754.68853681232,-0.0008906120986908213,0.0782383547071292,0.07205778444744668,0.08760926870050957
2017-07-24,123724.58322122056,-0.00024329565483532164,0.07831478042133187,0.06994839435577106,0.08533176189925648
2017-07-25,124025.3737544376,0.0024281794812695125,0.07853801268116267,0.06782408270917818,0.083012469196873
2017-07-26,124030.38109393124,4.037269360970611e-05,0.07123988427601814,0.06643228269592293,0.08137894154607175
2017-07-27,123915.063466048,-0.0009301855608013145,0.0655372539886385,0.06440867905841514,0.079509342808847
2017-07-28,123769.7105552932,-0.0011736928764805338,0.055564808129517126,0.06255119318487122,0.07843630276454881
2017-07-31,123699.5377696626,-0.0005671232929859833,0.055813761835194924,0.06081711349481105,0.07772552523268837
2017-08-01,123975.23032678149,0.0022262475350467506,0.05593118006023694,0.0590056018028079,0.07667323288664372
2017-08-02,124035.39718751491,0.0004851958362979447,0.05575833148463051,0.05785930170806452,0.07584734142136472
2017-08-03,123794.78226912132,-0.0019417731490490933,0.04268187975165999,0.0561283915793915,0.07468128228226975
2017-08-04,124020.35766085408,0.0018205139048242326,0.03819874220133829,0.054939805816940614,0.07539456868265602
2017-08-07,124250.90537572032,0.001857224862153967,0.038297400432630864,0.05373444987232258,0.07453047268164315
2017-08-08,123945.16878163983,-0.0024636711097220996,0.039863728212444945,0.05259563493131301,0.07381721980273141
2017-08-09,123940.16144214624,-4.040045039977733e-05,0.031859306421611645,0.05188541467591727,0.07539893395856868
2017-08-10,122190.70032134408,-0.014215938391266112,0.06138857864063375,0.050305021215936614,0.07443632046809752
2017-08-11,122371.1571330943,0.0014757562473501876,0.05909459224715978,0.07371841129357783,0.1149426246820731
2017-08-14,123584.22889586944,0.009864240980151567,0.06924077934574105,0.07170264363420813,0.10880897192669507
2017-08-15,123569.18936920856,-0.00012170195164619275,0.0692389145892876,0.0793978469457293,0.11637596814583621
2017-08-16,123784.76759013408,0.0017430752122050554,0.06674994023339018,0.07698052326062567,0.11012844692057948
2017-08-17,121854.84965758174,-0.015713732707416526,0.08689297161070357,0.074942512428297,0.10462897717330755
2017-08-18,121664.34315048426,-0.001564612166821152,0.08693336198719032,0.09493602509266712,0.13921206731677851
2017-08-21,121759.596404033,0.0007826120847833943,0.08710470365737978,0.09224473892102557,0.13107243614908942
2017-08-22,123032.81751936156,0.010402549462172101,0.0952440504374575,0.08948635130577984,0.12307083174076347
2017-08-23,122591.71643124336,-0.0035916734799368148,0.09589081750482205,0.09572627507508984,0.12908805071742138
2017-08-24,122306.00044104725,-0.0023333506206382033,0.09608728325061393,0.0938549857246287,0.12400642703471672
2017-08-25,122591.71643124336,0.0023333506206383472,0.09664029207436674,0.09144700139668219,0.11820763283273493
2017-08-28,122596.74127891703,4.0987636378141636e-05,0.09665697318429727,0.08912419447251609,0.11200117134442134
2017-08-29,122737.0956042683,0.0011441906460740268,0.09633572177884062,0.08640925945375166,0.10621729321834142
2017-08-30,123318.55977182774,0.0047262904732441515,0.09807267800088529,0.08389494142301801,0.10104792571277439
2017-08-31,124060.451393163,0.005998033883768471,0.10032264541153971,0.08338949207033222,0.09925030211296074
2017-09-01,124235.9096195096,0.0014132970361397739,0.10024078657493073,0.08414595813704981,0.09977181269820647
2017-09-05,123343.64023974587,-0.00720797209149119,0.10323727232160826,0.08176741741831471,0.09543532317216759
2017-09-06,123764.6944617096,0.003407854534442643,0.10375775824426085,0.08408515580446768,0.10296388227598645
2017-09-07,123749.67244322876,-0.00012138300242629416,0.10375782045894763,0.08259352472006555,0.09938048623019552
2017-09-08,123604.31077838392,-0.0011753332587189909,0.08954018933745467,0.08007878421718324,0.09516640262966006
2017-09-11,124922.64171960505,0.010609258219209968,0.09636779466148382,0.07777365796867289,0.09205638469851218
2017-09-12,125343.70469565871,0.0033649220471091493,0.09108375778988037,0.08595155335432846,0.10589910832512853
2017-09-13,125403.85404821212,0.0004797602338259491,0.0910362023730562,0.08435406678028892,0.10189322965058403
2017-09-14,125363.75156181316,-0.0003198378565945119,0.09102830204796912,0.08180557582491722,0.0972383041006222
2017-09-15,125532.53917156169,0.0013454773262555433,0.06749390105113755,0.07932319850618551,0.09336807530873197
2017-09-18,125799.53016319696,0.002124608234628967,0.06654554254015957,0.07708444400536908,0.08982776494205742
2017-09-19,125925.47525636909,0.0010006562794299709,0.06651141908639474,0.07519136848493811,0.08704954241757432
2017-09-20,125970.8039345122,0.0003598995489571994,0.05806423674215773,0.07300450145957896,0.08428895215170562
2017-09-21,125633.28123955536,-0.0026829683404355855,0.05715629325849389,0.07079432362811512,0.0819313364411265
2017-09-22,125658.46675655375,0.00020044842127566647,0.055754322310670526,0.06942596536970264,0.0824299411931533
2017-09-25,125401.56047662588,-0.00204657326320962,0.05688806505641868,0.06731548337905977,0.08036565096008386
2017-09-26,125477.11702762116,0.000602335392001375,0.0567799308540002,0.06574816645111065,0.08026708546670687
2017-09-27,125965.75282456842,0.0038866595211099904,0.05759768426344614,0.06378822590415703,0.07844339410616538
2017-09-28,126116.892188829,0.0011991256467723571,0.05615615561953358,0.06366479455965654,0.07903124145374239
2017-09-29,126560.2080617232,0.0035089553214355993,0.0539409503761056,0.061901169499235596,0.07741818259734298
2017-10-02,127109.2733421047,0.004328988531108226,0.055216880583332156,0.06154688084754512,0.07768778309563751
2017-10-03,127381.3417059537,0.0021381414591473426,0.045597098550759496,0.06200071267396445,0.07905404050290232
2017-10-04,127532.45480794416,0.0011856017348456508,0.045115091551545666,0.06068415280048422,0.07781248159247127
2017-10-05,128288.09910470677,0.005907629257108911,0.047266849522802336,0.059015810316623125,0.07637448284462368
2017-10-06,128142.02835856998,-0.00113926365346242,0.04723689053076958,0.061656979952738965,0.08097236757116488
2017-10-09,127930.45075678529,-0.001652482536677497,0.035515122836157376,0.059942578873127136,0.07984528888473938
2017-10-10,128267.95594356208,0.0026347188209570192,0.03501295744316208,0.058470626455322396,0.07937878150899415
2017-10-11,128469.47509590944,0.0015698466165769496,0.03494866977278739,0.05760767715129307,0.07844382955809098
2017-10-12,128278.04940935948,-0.0014911592420554086,0.035863008340543075,0.056185298833086025,0.07701777275376355
2017-10-13,128434.20486720366,0.0012165798437965365,0.03585656188981214,0.05478139010329253,0.07683169777663561
2017-10-16,128605.46988442884,0.0013325961662160452,0.0356786401417587,0.05332278373525813,0.07554418509843766
2017-10-17,128696.1535029852,0.0007048818512470877,0.035705328835273394,0.051957390186563,0.07447547943477559
2017-10-18,128822.10735024732,0.0009782130159514113,0.03560537020907913,0.05044907006747494,0.0734966936579889
2017-10-19,128857.333808503,0.0002734130306765129,0.03285882331965795,0.04905986637859725,0.072675043673296
2017-10-20,129522.30324079929,0.005147239217728266,0.03532830819819517,0.04757718518978467,0.07203114121290254
2017-10-23,129018.57539265098,-0.0038967028208969795,0.03828805231843296,0.050282836033815975,0.07593059375519015
2017-10-24,129245.26255381672,0.0017554700741913198,0.03817937058522972,0.05105142791233296,0.07965187991489936
2017-10-25,128605.46988442884,-0.004962514368897744,0.043350645736433546,0.04996467074961393,0.07812263331772394
2017-10-26,128771.71880807044,0.001291870096239913,0.043356496748638756,0.05214435388914525,0.0837446071298144
2017-10-27,129824.56446114033,0.00814281982099078,0.04953410355408805,0.050804781473305076,0.08148169392742097
2017-10-30,129340.97102004677,-0.0037319314194968773,0.05117584606926667,0.05855593610071079,0.09056950944331289
2017-10-31,129542.463910124,0.0015566305416028264,0.0510261725792576,0.05859736131196091,0.09128810968346476
2017-11-01,129713.75518961932,0.0013214055579040046,0.051040605678658084,0.05713378124230839,0.08807490863507261
2017-11-02,129764.14373179615,0.00038838408218717376,0.047415227725032226,0.05563105288187544,0.08522675233023451
2017-11-03,130197.39240116307,0.00333317826114183,0.047929305580144944,0.053957445603495184,0.08273517962893046
2017-11-06,130398.89404533044,0.001546466276044363,0.04710010988817358,0.05389532399918927,0.08195352431888164
2017-11-07,130308.18416450404,-0.0006958758857621263,0.04700893853215069,0.05259832647657359,0.08001266429394976
2017-11-08,130529.83772390614,0.0016995498673902036,0.047039756300004044,0.051067706715336586,0.07869942751272921
2017-11-09,130056.32899451988,-0.0036341856246394134,0.04899586928140378,0.049951072978067404,0.07728592206434
2017-11-10,130015.9901476903,-0.0003102125384671329,0.04907723085735085,0.05044895999021347,0.0802212616645399
2017-11-13,130136.90163909877,0.0009295418496725873,0.04901956321920859,0.04892695305608276,0.07865915888623773
2017-11-14,129834.6754351178,-0.002325072175460087,0.05009502186788624,0.04757394599727276,0.07706521767850072
2017-11-15,129184.80680811252,-0.00501792363256664,0.053637512086889334,0.047002357835297486,0.07787774684559791
2017-11-16,130282.98113932558,0.008464872632404988,0.0612479106890933,0.049572000708027156,0.08368619180984736
2017-11-17,129900.13852031568,-0.002942872664540009,0.059911903884216154,0.058252465848488956,0.09314704756056363
2017-11-20,130121.79207971776,0.001704883988664409,0.05817341250359121,0.05762547651448468,0.09221948354835884
2017-11-21,130973.1448427103,0.006521426959031101,0.06195528626742359,0.056261905830339416,0.08893342618466356
2017-11-22,130857.2932153356,-0.0008849363412012628,0.05864613748612707,0.060154106673458,0.09234516249535091
2017-11-24,131159.58945203674,0.002307457197044,0.05885394578664231,0.05842299389024749,0.08941334295378521
2017-11-27,131094.05633411874,-0.0004997689857509822,0.05242859930398839,0.05734941800910186,0.08679683178492123
2017-11-28,132423.97769053126,0.010093674632929178,0.060084263756958696,0.05563627332141512,0.08439668380564476
2017-11-29,132343.38753777236,-0.0006087619988833795,0.06039404782963374,0.06670930295387982,0.09868759884062188
2017-11-30,133502.03512286965,0.008716756601188895,0.06622654256087968,0.06472037216415547,0.0947649693826173
2017-12-01,133224.94191134698,-0.0020777299265871615,0.06731518533667147,0.07131793943199467,0.10231953384931966
2017-12-04,133063.79662218926,-0.0012103050975128555,0.06744129100280444,0.0696157025092141,0.0990379993697584
2017-12-05,132585.17550422912,-0.0036034141748833327,0.069426089235599,0.06765880305435344,0.0954410343937744
2017-12-06,132610.37852940758,0.0001900712502227941,0.06923857529898872,0.06707740208061924,0.09514647013741938
2017-12-07,133028.50013121334,0.003148047825076151,0.06965682893439606,0.06503815371875186,0.0913817778614044
2017-12-08,133753.95157148395,0.005438537832889729,0.06918409884312095,0.06423399453593816,0.08913916190139545
2017-12-11,134156.94610572862,0.0030084243805262776,0.06909779170827803,0.0657697530818546,0.09036924802547704
2017-12-12,134393.6917163317,0.0017631361731478678,0.06905903585825082,0.06483028712023271,0.08814363392981064
2017-12-13,134378.5996651307,-0.00011230362430068001,0.06782262628661222,0.0632280866054165,0.0854238594835261
2017-12-14,133829.48186020908,-0.004094720554587858,0.06667565039572203,0.06130345972820844,0.08303940952524397
2017-12-15,134943.92129068632,0.008292828115909928,0.06644880871007265,0.06153162096712612,0.08577161966104449
2017-12-18,135799.64234460075,0.00632128713886321,0.06589188901949512,0.06781437493843874,0.09424152917021457
2017-12-19,135278.1612018842,-0.003847469465852691,0.06932645451317927,0.07019285710315598,0.09624738157027139
2017-12-20,135207.27058087164,-0.0005241733143887654,0.0676459060319627,0.06967952811924563,0.0962223197568437
2017-12-21,135485.7556927081,0.002057572106084649,0.0670210452178027,0.06758754897507292,0.09257425561262898
2017-12-22,135450.3278903819,-0.0002615214781258198,0.06735107447357062,0.06601518194175549,0.08939317380129032
2017-12-26,135288.25466768167,-0.001197267419583789,0.06768547235585608,0.06401217151031305,0.08652632649629789
2017-12-27,135354.09417875053,0.00048654257287007036,0.059776728306070115,0.062236471368487964,0.08463083373613514
2017-12-28,135632.579290587,0.002055342473546126,0.05951750421771751,0.06037014931458954,0.08220705986967247
2017-12-29,135121.14784321774,-0.003777839448775865,0.05501971674600186,0.05907414878561818,0.08045560287069668
2018-01-02,136088.2909549548,0.007132105841545105,0.05866059069395357,0.05912836428888953,0.08306054898732683
2018-01-03,136949.05436472298,0.0063051174216513135,0.06082340024655583,0.06368282102532895,0.08909749772875233
2018-01-04,137526.2377822608,0.004205728419475707,0.05850931617501239,0.06643236950700836,0.09201811832854893
2018-01-05,138442.7559913904,0.0066422069105904905,0.0605581786353986,0.06645230610352919,0.0908668133681797
2018-01-08,138695.88925851803,0.0018267631877382812,0.06045148856983194,0.06941204799206062,0.09416774501991561
2018-01-09,139009.8634513109,0.0022612014588039766,0.05915255328369098,0.06767131494123212,0.09067365414085461
2018-01-10,138797.1828341832,-0.0015311394114865414,0.060236830827232676,0.0661963103075,0.08785763511249164
2018-01-11,139809.85596813395,0.007269576519003692,0.06340123148757992,0.0644552678486097,0.08606139469814104
2018-01-12,140721.26178868968,0.006497739249160408,0.06483956752296269,0.0685875747555378,0.09178715597566214
2018-01-16,140240.2595582431,-0.003423975625303162,0.06399964233843108,0.07113631836332901,0.09460546361554609
2018-01-17,141576.93031806397,0.009486155077982002,0.06559227109151294,0.07024253848062112,0.09416100852211329
2018-01-18,141338.9591348576,-0.0016822755327675254,0.06539713360020051,0.07745049314563418,0.10401446537337147
2018-01-19,141982.01707982438,0.00453943832766987,0.06214806094780218,0.07537542388491235,0.10014193482390517
2018-01-22,143136.5064721604,0.008098356343570857,0.06423501819611364,0.07518069924708642,0.09822345667130124
2018-01-23,143440.24713371546,0.002119786559595689,0.06422522411280589,0.07940169975505512,0.10344229712284364
2018-01-24,143384.5973834343,-0.000388039962668727,0.06430810457464352,0.07742282463093833,0.09890043927290403
2018-01-25,143445.3420141093,0.0004235585149217377,0.06320429718402036,0.07507937693930326,0.09484749772512739
2018-01-26,145106.14171115065,0.011511415677454815,0.06937206198308779,0.07281078647116547,0.0910791310411947
2018-01-29,144144.09347980737,-0.00665203800596456,0.0780802362722825,0.08358778544351957,0.10821144880856488
2018-01-30,142665.58019933116,-0.010310156966245312,0.08840880572846432,0.08506913012649558,0.11172772385371012
2018-01-31,142736.41829580357,0.000496409263429137,0.0871418495291616,0.09170494783205216,0.12444184792293093
2018-02-01,142574.4238599135,-0.0011355646499363308,0.08670360553604788,0.08893219615233695,0.11717507367786911
2018-02-02,139470.5912092624,-0.022010372740479456,0.1210465390460585,0.08633595270042921,0.11128218624243479
2018-02-05,133637.58345279784,-0.042722228521622226,0.19385055375487797,0.11971485007538918,0.1708259014524664
2018-02-06,136270.55110924994,0.019510721187600832,0.20785522775756163,0.20265389562958486,0.301632273752077
2018-02-07,135531.30322310186,-0.005439622263017577,0.20810795050053876,0.21061858687416823,0.2986098599429513
2018-02-08,130447.64557267282,-0.03823067081940329,0.2460413185588582,0.2052948389097196,0.2771130459852925
2018-02-09,132407.18734586565,0.0149099642031338,0.25174173558827995,0.24842778750065272,0.3434819688641304
2018-02-12,134351.5407728672,0.014577876226926578,0.2572396718669906,0.24773910873801683,0.3263835322469775
2018-02-13,134685.71065134494,0.002484191676515838,0.2577565436253348,0.24679020423176623,0.3108205804886457
2018-02-14,136503.44492024256,0.013405856794900441,0.26043894935624873,0.2394668855598845,0.28597682946123054
2018-02-15,138245.2549663639,0.012679465871988243,0.26548364277807873,0.23795177433382397,0.27350671972826246
2018-02-16,138285.73387863388,0.00029276221611317636,0.26471263564284125,0.23591229128355684,0.2614234931610263
2018-02-20,137419.91935892202,-0.006280737124822686,0.26284207620819994,0.22872828543674234,0.2408553130988879
2018-02-21,136736.40000986535,-0.004986357906091882,0.2625614310782987,0.22310105209709025,0.2260113802902708
2018-02-22,136913.5652837666,0.0012948315083024435,0.262799732002924,0.21717176337948185,0.21142152522953586
2018-02-23,139095.91615624467,0.015813923066150936,0.2704879984441718,0.2106160258407513,0.19546720027336742
2018-02-26,140711.05451972198,0.0115447895999917,0.2705093809090942,0.21325753393762212,0.20154533926937718
2018-02-27,138954.1524223996,-0.0125644890149453,0.272796391314145,0.21157806029439066,0.19700809668772146
2018-02-28,137546.52100884597,-0.010181845540007504,0.2727438854649797,0.21087033644224504,0.19863341479067467
2018-03-01,135546.4653070231,-0.014647695562139006,0.27630704766795133,0.20824459402402337,0.19488708931374793
2018-03-02,136245.2605431713,0.005142149002065445,0.2776389564138174,0.2097806799046729,0.2020948351864506
2018-03-05,137819.97251891874,0.011491638596593594,0.27144575711815755,0.20437038946614938,0.1887585207619558
2018-03-06,138169.26071086753,0.0025311739472396377,0.22117078357033562,0.20312049138516233,0.1859890829560276
2018-03-07,138118.67082462012,-0.0003662113399716198,0.210918412947202,0.1971784202786165,0.17273879638023537
2018-03-08,138787.0193356656,0.0048272739250063935,0.21011866444343097,0.1911768746805659,0.1606101368209979
2018-03-09,141202.29028140634,0.017253021987909616,0.15787430306754086,0.18630087621882624,0.1514384749377251
2018-03-12,141025.06372887493,-0.0012559135272209637,0.15336887025348536,0.1926817506121519,0.17147237671530624
2018-03-13,140113.61413786912,-0.006484008470204285,0.15075899928868744,0.18687570911677653,0.15977712197307048
2018-03-14,139394.64072421615,-0.005144570772976655,0.15291750120859524,0.18292856362512228,0.15483194192691824
2018-03-15,139242.76601639364,-0.0010901244354760836,0.14675581181642347,0.17848042734747818,0.1485119889035926
2018-03-16,139393.73905294377,0.0010836559357982546,0.1401319061772549,0.17309510490824587,0.139111362766771
2018-03-19,137507.6703573205,-0.01362288381318217,0.1487330125510442,0.1678748223904799,0.1302654265141396
2018-03-20,137741.56213457583,0.0016994912678454164,0.14715333555368412,0.17116381930622915,0.1489256700982794
2018-03-21,137477.17986176762,-0.0019212525441740932,0.14614224203668771,0.16608100586200794,0.13915226659701496
2018-03-22,134040.67428203285,-0.02531464538098282,0.17191826573637695,0.16119471949504482,0.13125751810692543
2018-03-23,131183.6456914221,-0.021545076312193007,0.17441135613880587,0.18469997875329203,0.19711603049420306
2018-03-26,134772.6825357312,0.02699130913136562,0.19838296520359505,0.19770127657515932,0.22500121884181287
2018-03-27,132479.9776044134,-0.0171580045413472,0.20221260157903867,0.21853153615780468,0.2589435334330379
2018-03-28,132088.52971491005,-0.0029591441484360303,0.20013384278746435,0.22213049049996442,0.2609697049700472
2018-03-29,133776.29200922462,0.012696564787847274,0.20079476185614967,0.2156706663332517,0.24143305409739718
2018-04-02,130888.78167715111,-0.021820974457515047,0.2129106037046988,0.21484969590320704,0.2334985436428763
2018-04-03,132566.38922703805,0.012735602942332891,0.21399952473688294,0.22492272185176054,0.2533375748345983
2018-04-04,133984.73564678078,0.010642309666245423,0.21814551261298432,0.22362292852330712,0.24390123238856024
2018-04-05,135042.08965621292,0.007860624699240659,0.22067145212495368,0.22072438398996044,0.23231288218687096
2018-04-06,132032.6085878381,-0.022537578243179437,0.23196886293480562,0.21617204839409007,0.21842079875545548
2018-04-09,132683.32636157566,0.0049163574874811,0.22195688779142284,0.22717091104378356,0.2441638333269069
2018-04-10,134793.03579503638,0.015775249579905583,0.2318574756286604,0.2210784577648372,0.22647076820140571
2018-04-11,134086.40564831693,-0.005256123486087076,0.23160159761742155,0.22294816421751454,0.2270200208000344
2018-04-12,135189.57856493353,0.008193668601650444,0.23417637094354996,0.21712035515789235,0.21258519749720503
2018-04-13,134793.03579503638,-0.002937545115563245,0.23422199711652458,0.2129034361591646,0.20130455133945088
2018-04-16,135901.24231341667,0.008187928592348083,0.23665611706063977,0.20673333986278786,0.1875638773013135
2018-04-17,137355.16535501607,0.010641556584137925,0.23552667095269791,0.20294834579919702,0.17925867917074137
2018-04-18,137456.8966351824,0.0007403698664211794,0.23545647928649582,0.20106958801384603,0.17622495133650493
2018-04-19,136694.327853211,-0.005563139468674171,0.23618315568255943,0.19496545453337513,0.16361310466751836
2018-04-20,135535.24256361247,-0.008515550254383678,0.21951058981428673,0.19025976555075902,0.15676931217168133
2018-04-23,135514.92432066728,-0.00014992237943841318,0.20349533844799822,0.18741203904163733,0.15602740006109292
2018-04-24,133689.89789477986,-0.01355885359384719,0.18666190482408,0.18170364851340706,0.14552597476963527
2018-04-25,134020.3210227274,0.0024685146280294936,0.17599256797174562,0.18388839466666462,0.1601261379299629
2018-04-26,135382.74631539825,0.010114486973824008,0.1786065800808775,0.1785446159542937,0.1494416460148537
2018-04-27,135509.8119320934,0.0009381256305908343,0.1733966746213502,0.17751706435116127,0.14997861267735288
2018-04-30,134467.70754748269,-0.007719972849770418,0.1554634680429125,0.17214783313404933,0.13999403201326738
2018-05-01,134706.5979101416,0.0017749868433615853,0.14957252584109595,0.16958155953787432,0.14029390950156304
2018-05-02,133801.71388665357,-0.006740107545264328,0.14710935616784074,0.16456022532491454,0.13144272423955647
2018-05-03,133506.86738056267,-0.002206039359218192,0.14422459203528126,0.1616853454251188,0.1311202049260608
2018-05-04,135235.29242303767,0.012863250605980791,0.12634924894977284,0.1569942833599377,0.1243638086377227
2018-05-07,135692.81618404048,0.0033774583100883797,0.1258657962405813,0.1602191515876321,0.13707295978704417
2018-05-08,135692.81618404048,0.0,0.1133392428918988,0.15589240898720869,0.12934163469728763
2018-05-09,137004.41523003325,0.009619526779030694,0.11588211261494408,0.15114329819427996,0.12161366388057318
2018-05-10,138285.4887641131,0.009307154116646212,0.11685249436585994,0.15123747042629335,0.12594582635866636
2018-05-11,138707.43590325926,0.003046629916827636,0.11601597409949556,0.15103028720651532,0.12873253726267764
2018-05-14,138773.52928293878,0.0004763813682506643,0.1132558074174497,0.14690773273274355,0.12172188574969868
2018-05-15,137817.76648823262,-0.006911038875392262,0.11063901604643053,0.14244437630633194,0.11475862217932181
2018-05-16,138397.33977234695,0.004196541909171765,0.11155251980808202,0.14069521914720526,0.11765222485350325
2018-05-17,138280.42890007937,-0.0008451049738237569,0.10947846040691055,0.13738163554506944,0.11294593238113416
2018-05-18,137934.7123768603,-0.0025032422346496844,0.1048375152074265,0.13323696821257125,0.10739087499879502
2018-05-21,138971.80066788738,0.007490565164013173,0.10732304527163515,0.12954423795928288,0.1038756715766469
2018-05-22,138585.4126424178,-0.002784206329654707,0.09351876768353928,0.12893086728268877,0.10658630315885959
2018-05-23,138966.71454158355,0.002747607398408644,0.09355054213398825,0.1254710552910431,0.10350253978123732
2018-05-24,138682.04028810028,-0.0020506078149878223,0.08909123543416544,0.12211696315706455,0.0993178776533382
2018-05-25,138351.55588152254,-0.0023858807590030374,0.0899994430709839,0.11866498647248173,0.09641667344895756
2018-05-29,136760.3862165303,-0.011567563337961132,0.09581366377435113,0.11542341950326056,0.09428853338824393
2018-05-30,138585.41264241774,0.013256444513542819,0.10547217801261255,0.12060844360944054,0.11619195893537854
2018-05-31,137736.45850009168,-0.006144695025386508,0.10488076724217428,0.1277916299502615,0.1322048278428798
2018-06-01,139088.70278606485,0.009769740838628515,0.10791616937966697,0.12618141175222142,0.13062131030859153
2018-06-04,139749.6015665001,0.004740381846529223,0.10073176906164824,0.1281000196432951,0.13363641070438015
2018-06-05,139851.21904349612,0.0007268754165201898,0.10056529010320216,0.1255579666043756,0.12751840773115206
2018-06-06,141020.51160206232,0.008326215750200821,0.10321598304234555,0.12176577277284296,0.11990276500060706
2018-06-07,141005.2269608808,-0.00010839181752964618,0.0993001412634339,0.12241526191149214,0.12156996965236702
2018-06-08,141422.0967278132,0.0029520519773078256,0.09509488466325017,0.11868674824753439,0.11472884768566445
2018-06-11,141610.20461424414,0.0013292328348086001,0.09482876993190745,0.11564219158012919,0.10929646021048005
2018-06-12,141793.24388255135,0.0012917224171327042,0.09480916526859767,0.11223833751074755,0.1037904993936219
2018-06-13,141340.7537233122,-0.0031962996199518634,0.09151823032104651,0.10893496303026906,0.09893579549398623
2018-06-14,141696.668761409,0.002514969381584053,0.0909962662405624,0.10634513401580982,0.09748657340642175
2018-06-15,141515.8442778778,-0.0012769528165394496,0.0911364115489306,0.10356816765050704,0.0939212426462888
2018-06-18,141224.7620304971,-0.002059006338129676,0.09091318425866407,0.10053575597720953,0.09105663750542783
2018-06-19,140683.49664432683,-0.003840015569793906,0.08936279376200915,0.09780129489671088,0.08933315579418101
2018-06-20,140923.5075305088,0.0017045807862612588,0.08851660668139971,0.09599032746302122,0.09045162923963257
2018-06-21,140040.044765309,-0.006288827641003915,0.09168410963886375,0.09330180595681284,0.0873992194024175
2018-06-22,140295.39281721262,0.0018217327407798552,0.0913496641964109,0.093706454387946,0.09428598816181578
2018-06-25,138385.626799895,-0.013705963299469581,0.10416078014678173,0.09112751788689569,0.09077450816491725
2018-06-26,138691.9586720971,0.002211164042672576,0.09491674662771722,0.10318098132090515,0.12227128200876823
2018-06-27,137543.03688101622,-0.008318485599218734,0.08768594477569268,0.10040648095560979,0.11554282551989771
2018-06-28,138329.41678785233,0.00570105515276112,0.08743390278864727,0.10258087266689513,0.12171515260618196
2018-06-29,138528.59859816337,0.0014388736002324052,0.08004778173707629,0.1018964965162227,0.11835454785266009
2018-07-02,138824.7494636678,0.0021355500492453716,0.07843248990552928,0.0989506242707641,0.11182316915856531
2018-07-03,138334.5291764262,-0.0035374662602043853,0.07912651210599525,0.09629490308439753,0.10627329593322453
2018-07-05,139463.00141321155,0.00812446706517197,0.07882918871954167,0.09436923498507242,0.10422679644400237
2018-07-06,140642.67632254594,0.00842312011371621,0.08504288956437578,0.09679485871251053,0.10831296935013807
2018-07-09,141909.07800174595,0.008964093409055868,0.09043798735331625,0.09939737498460285,0.11231585517395373
2018-07-10,142419.7390891931,0.003592049808756877,0.09117573795041188,0.10247933948251084,0.11684344740083084
2018-07-11,141377.9673600033,-0.007341683070933403,0.09498219343594294,0.10033436492834191,0.11165533452579615
2018-07-12,142659.714959015,0.00902525530384439,0.09957389194707535,0.10138016763838677,0.11614705869732551
2018-07-13,142772.02993402007,0.0007869831076004858,0.09929044141076589,0.10436889007004758,0.1200855160203141
2018-07-16,142644.3690392033,-0.0008945589937316448,0.09921515464989644,0.10123565458301033,0.11329140781203967
2018-07-17,143221.46491584092,0.004037535039587476,0.09957286504025127,0.09821322649477376,0.10772156353152286
2018-07-18,143522.71941582923,0.002101208165939934,0.09820234298496665,0.09650683461623256,0.10413971881846774
2018-07-19,142981.41901329887,-0.0037786612756662255,0.09959874071993843,0.09392289883423613,0.09950299018062919
2018-07-20,142817.98015255496,-0.0011437314356673384,0.09641692627059743,0.09223940524075501,0.09884636573554327
2018-07-23,143083.50921115623,0.001857486895486363,0.09642113919065849,0.08953993636899553,0.09522698755560031
2018-07-24,143803.55062379214,0.005019696078152868,0.08011512654870577,0.08711213513097657,0.09160804324052457
2018-07-25,145029.14073530128,0.008486556431573838,0.08344497344144737,0.08668446547366063,0.09171019548324721
2018-07-26,144686.97837263183,-0.002362053742873966,0.07578119378995639,0.09029015427492232,0.09933221500416635
2018-07-27,143706.58156859872,-0.006799046282212832,0.08161311626457825,0.08802006717481756,0.09676348620314827
2018-07-30,142955.9271031497,-0.0052372121118783675,0.08547015490581751,0.08933998539729361,0.10292794842978906
2018-07-31,143660.59633370384,0.00491716696529576,0.08627947839134552,0.088980066749795,0.10434254698337266
2018-08-01,143420.55043116174,-0.0016723213014233807,0.08501916424086631,0.08836280060214699,0.10232853650516067
2018-08-02,144201.87047396408,0.0054329698095516256,0.08287566465129942,0.08591734944405373,0.09866763701423657
2018-08-03,144819.74290193245,0.004275620511730159,0.079638154149486,0.08593708717980156,0.09830465072263624
2018-08-06,145350.86229776515,0.0036607428832864538,0.07510943686847593,0.08496163633586655,0.09631119151823508
2018-08-07,145830.87531603902,0.003297002463329232,0.07499192532289535,0.08359422570616853,0.09388532641588794
2018-08-08,145769.59668587256,-0.0004202917138494764,0.06828026472804807,0.08205530270985652,0.0914310807729389
2018-08-09,145570.40612147152,-0.0013674098545961362,0.06290207058693309,0.0795723520761058,0.08836193395047105
2018-08-10,144595.0604273821,-0.006722711555380973,0.06864150962767271,0.07733126912737348,0.08634614050576193
2018-08-13,144053.76002485174,-0.003750585477651614,0.07021586212721527,0.07940191317399642,0.09463772457855553
2018-08-14,144972.93072325853,0.0063604769153382265,0.0722271074343728,0.07835225194656503,0.09471286617863332
2018-08-15,143890.36493455787,-0.007495385348388353,0.07744009138619491,0.07989005282787869,0.09671257042474508
2018-08-16,145054.67641590058,0.008059095097353943,0.08084506622636402,0.08275825655114899,0.1047358068188183
2018-08-17,145565.32874925763,0.003514230609178565,0.08111132065275707,0.08613955174146279,0.1085704869845421
2018-08-20,145876.8605509339,0.0021378642610256154,0.08115889399823488,0.0846259431935455,0.10435414987933106
2018-08-21,146218.93537270307,0.0023422108974305955,0.07993270130136153,0.0824679492610538,0.09970815196579946
2018-08-22,146132.14732420733,-0.0005937248478411813,0.07473020800404005,0.08047268162893247,0.09575140750782916
2018-08-23,145938.10416474027,-0.0013287432528810191,0.07431641767500693,0.07805530909724198,0.09219939380985598
2018-08-24,146816.4107709161,0.006000312183477591,0.07164170289667351,0.07585360009971201,0.08961224904531613
2018-08-27,147975.56609323478,0.007864266244980421,0.07143651431010595,0.0771551629720627,0.09181760602809702
2018-08-28,148047.06950054903,0.00048309419691123135,0.07053726798488397,0.08081377282653329,0.09779216816904171
2018-08-29,148843.62165999276,0.005365975387342286,0.07075797788307497,0.07837437483895951,0.0936442157134196
2018-08-30,148241.09515183608,-0.004056266109891783,0.0723935639966036,0.07879943333806544,0.09398425157684752
2018-08-31,148246.22504859,3.460449337899958e-05,0.07170666888899235,0.07801002159607807,0.09469299109491987
2018-09-04,147990.81571805623,-0.001724358258232531,0.07177279409898601,0.07563364176751163,0.0910258504071175
2018-09-05,147592.57465469447,-0.002694612196080319,0.07226821963315073,0.07363544582199968,0.08895849111630091
2018-09-06,147148.2520614475,-0.003015007691888152,0.07333333679181768,0.07215700578610378,0.08833699175785714
2018-09-07,146862.3434812709,-0.0019448868485275957,0.07355362940666091,0.07093433849887439,0.08827251714221777
2018-09-10,147117.6477627244,0.001736882463026289,0.0685866165549322,0.06918794865121079,0.08683396044260888
2018-09-11,147602.7819236622,0.0032921681040295452,0.06683453781246008,0.06741933940559781,0.08428225645257513
2018-09-12,147638.51611913927,0.00024206773163819092,0.06406044433096021,0.06660721772609053,0.08322015109579553
2018-09-13,148511.7365990113,0.0058971620147992105,0.05811432246241637,0.06458495296454965,0.08103503629586967
2018-09-14,148537.31605006073,0.00017222375149537222,0.052968564893576105,0.06668406226586995,0.08466000441638297
2018-09-17,147750.95365140468,-0.005308102449167252,0.05693482091360132,0.06465606534032883,0.08229172743372637
2018-09-18,148552.5481667021,0.005410644598794904,0.059139168347546414,0.0659969905869308,0.08783761569390003
2018-09-19,148710.89214705222,0.0010653445654746924,0.058901897559457586,0.06735655672726679,0.08924482183313007
2018-09-20,149915.98017972565,0.008070905105404513,0.06391183156981337,0.06543586150450896,0.08619724611439525
2018-09-21,149779.03119539368,-0.0009139224122274795,0.0637040392443981,0.07078029550658972,0.09396023506714592
2018-09-24,149281.5012429822,-0.003327289009763495,0.06317600125990162,0.06871599712741422,0.09083047481238414
2018-09-25,149142.94150608583,-0.0009286085655504161,0.057665196235604156,0.06786726935804802,0.09084050553168105
2018-09-26,148696.69301303366,-0.002996571142684709,0.058902559103726805,0.06589875917492787,0.08814178199804826
2018-09-27,149112.23215828242,0.0027906444689935637,0.056581467868145226,0.06494502894739959,0.08808138227758852
2018-09-28,149127.60434036417,0.00010308604159551183,0.05442390515481373,0.06389472082849255,0.08599519355229768
2018-10-01,149645.67138797144,0.003467964566558775,0.05555619106640931,0.061949527076107326,0.0834617928386662
2018-10-02,149558.46314315454,-0.0005829347741005764,0.055104196300589346,0.06155748660859985,0.0827171105790642
2018-10-03,149640.52398303745,0.0005485368966567556,0.053776019318389386,0.059725226495433326,0.080939015070312
2018-10-04,148471.01257222064,-0.007846173443374826,0.06050312449811733,0.057945025819021855,0.07902440369518816
2018-10-05,147640.05683898347,-0.005612474509231526,0.06374055660632154,0.06392959028661385,0.09258400322112431
2018-10-08,147640.05683898347,0.0,0.06350600814731472,0.0657118786790263,0.0967219521972503
2018-10-09,147424.513634418,-0.0014609903355003056,0.06264930994506165,0.06371003013306027,0.09280549558292321
2018-10-10,142756.65775193844,-0.032174786118310456,0.13002139670243684,0.06202985888843978,0.0902455419032301
2018-10-11,139612.27615629713,-0.02227236214724208,0.1457432139806286,0.13881397674547405,0.21290063200938622
2018-10-12,141551.17578521388,0.013792193480087657,0.15734337532329556,0.16004236826428841,0.23915275851316417
2018-10-15,140756.11182107424,-0.0056326287070384935,0.15742688409571443,0.16417351195690866,0.23356649983537917
2018-10-16,143833.83977527448,0.02163005356501611,0.17739532267535682,0.16067193370211796,0.2188174504187721
2018-10-17,143859.53302949425,0.0001786155449992286,0.17724555032452466,0.17703269027852506,0.23660183378513505
2018-10-18,141781.9948768709,-0.014546727871868616,0.17895370112030548,0.17164096656314984,0.21831297856951687
2018-10-19,141705.0639337419,-0.0005427474914744832,0.17901013111802008,0.17576258524001848,0.22100363380191265
2018-10-22,141069.00050670415,-0.0044987470902288235,0.17910671441964582,0.17042121687047285,0.2042782327841848
2018-10-23,140350.85873160345,-0.005103714683707057,0.17913223523017235,0.16615293322060082,0.19151626400205826
2018-10-24,136098.43694529234,-0.030766996303375618,0.20438914850194875,0.16230906840580378,0.18078164708282637
2018-10-25,138540.09271836476,0.017781336860912596,0.21789055167269405,0.19767724592354344,0.25044853154258684
2018-10-26,136103.54933386625,-0.017743773662756847,0.22293496701912588,0.2037456653866485,0.2516922305266978
2018-10-29,135349.50703557802,-0.005555614276902387,0.22091204538288509,0.20924139631392213,0.2564096680564041
2018-10-30,137355.2003713762,0.014709900103501842,0.23140669100633807,0.2040140209579256,0.2392124216689195
2018-10-31,138822.24579392123,0.010624033509503207,0.23688014538040272,0.20590313416198236,0.23545050196959696
2018-11-01,140299.56851815418,0.010585604159722194,0.24164249062016663,0.20386007541691603,0.22486326693553463
2018-11-02,139468.56026037686,-0.005940710297502769,0.2416954140903359,0.20189023344703264,0.21553404739705578
2018-11-05,140238.0447734671,0.0055020971293677536,0.2433384894697092,0.19709820396660896,0.2030713514442175
2018-11-06,141125.38560054742,0.006307456286908472,0.24536282752248467,0.19228772386063722,0.18993404685025844
2018-11-07,144146.73721499453,0.02118303437733338,0.2315737493821802,0.18803624324954127,0.1789893282017857
2018-11-08,143885.14749690393,-0.001816394669457797,0.21575555339006144,0.2000520725806101,0.20510343897270533
2018-11-09,142479.617064956,-0.009816443170228024,0.21419590145867665,0.19408623624010485,0.19033544359323612
2018-11-12,139817.3757314644,-0.018861839336119915,0.22400080397028768,0.1920059919025322,0.18709223453582982
2018-11-13,139555.7772592838,-0.0018727536689676796,0.20842907397049537,0.2000838571599112,0.2085311783286757
2018-11-14,138601.67774168213,-0.006860166731147084,0.2091690824086253,0.19412512939224152,0.19345676383925883
2018-11-15,140048.22108539147,0.010382608028075321,0.20783123730135658,0.19009226088943704,0.1847518764593387
2018-11-16,140412.4087385607,0.002597069386135544,0.20814435705201395,0.1886713482724918,0.18042987243860892
2018-11-19,138037.44162328943,-0.0170589045466535,0.21600469071917008,0.18320219953018008,0.16775148308477758
2018-11-20,135482.8843511803,-0.01867964687849901,0.22455970996973004,0.18960294636379338,0.18811569046138693
2018-11-21,135944.51378040426,0.0034014979880183723,0.19710661701478902,0.19765659678119407,0.20870862766352066
2018-11-23,135036.61834994805,-0.006700826883701859,0.18659804779769007,0.19209108174801093,0.19360465630701904
2018-11-26,137216.67565083987,0.01601526185642627,0.18556930067489902,0.18805304839189638,0.18465501372821996
2018-11-27,137678.32258824387,0.0033587178693477355,0.18446468548642547,0.1926660839051439,0.1933641059877298
2018-11-28,140848.40619219496,0.022764210198961642,0.1944354740405067,0.1872527041147298,0.17974139565029376
2018-11-29,140540.6824196791,-0.0021871771695664757,0.19154496425816966,0.20197793143815831,0.21124319927737129
2018-11-30,141397.2788825959,0.0060765077161089665,0.1890848774735534,0.19600946382661671,0.19606253756575018
2018-12-03,143269.6036568818,0.01315468632900954,0.19271986308730016,0.1915014814013295,0.18420582938043334
2018-12-04,138627.33597954176,-0.032938898896256445,0.22698138486862438,0.1925847876003677,0.18575424991214198
2018-12-06,138417.01896672044,-0.0015182915621159215,0.22552814804705495,0.22642510643676603,0.2630185673900514
2018-12-07,135200.74002971387,-0.023510367849728778,0.22309013497546284,0.2196066571384683,0.2426665562888362
2018-12-10,135457.22611332056,0.0018952788572107802,0.2237842005460088,0.23171285735145505,0.26568856418244385
2018-12-11,135488.0142479342,0.00022726462886080715,0.2225739006189252,0.2247747976203953,0.24480557181630552
2018-12-12,136170.22923757732,0.005022607928642546,0.21533860493497667,0.21792904350418885,0.22575833609977428
2018-12-13,136124.0514127019,-0.0003391758740421783,0.2153553477895319,0.21219073959391613,0.20994025689296056
2018-12-14,133610.57708507442,-0.018637184959870153,0.22333772855675105,0.20573078228642436,0.19421285774277255
2018-12-17,130989.35741743422,-0.01981334895461628,0.22711941309244638,0.21222039676097737,0.2132008485111254
2018-12-18,130845.72030832406,-0.0010971572240542392,0.2262145859744084,0.21970636586334966,0.23145303424477656
2018-12-19,128886.2223055814,-0.015088904046822763,0.2247551304807002,0.21305594272143308,0.21389612964573457
2018-12-20,126788.21709048245,-0.016411905010358278,0.22285042267856897,0.21473637565218645,0.21870391620827118
2018-12-21,124190.37084320578,-0.020702475480363847,0.2295377996749056,0.21775580321246632,0.2260397410174743
2018-12-24,120908.90895188211,-0.02677819354397734,0.24274946159261038,0.22594878381370362,0.24412046232782153
2018-12-26,127017.8018554461,0.04928980521847763,0.3031350735793915,0.2425526851481887,0.27762011400216124
2018-12-27,127992.972467735,0.007648111091065546,0.3048675959284107,0.30337387566036345,0.3835800148534324
2018-12-28,127827.8703298865,-0.0012907639500021732,0.2887598752441702,0.2956315091604899,0.35446411047589466
2018-12-31,128947.50093574788,0.008720756170195614,0.2926635030066316,0.28666932318998944,0.3258097652871796
2019-01-02,129081.62234900217,0.0010395836223912542,0.2908342609796773,0.2799972193076136,0.30309811891277083
2019-01-03,126001.36446278512,-0.024152199696611927,0.29085068838497574,0.27149747135195984,0.27876968311197636
2019-01-04,130221.8950991396,0.03294714479769217,0.30487046788757005,0.2794783623758291,0.2957329807740794
2019-01-07,131248.63605575857,0.007853628701351678,0.3073316492044094,0.29972427781369093,0.33165254105843167
2019-01-08,132481.7634387782,0.009351492067863591,0.29980522727474784,0.2921936993554381,0.3076255791169013
2019-01-09,133100.9052098,0.0046625248236712045,0.30032207150969487,0.2856164886230001,0.28737090509561597
2019-01-10,133570.44833640545,0.0035215151953724984,0.3007101844159975,0.27750831991389086,0.2654354906861581
2019-01-11,133622.0449430056,0.0003862130002847019,0.29998683376948065,0.2694025236175892,0.2450214596424887
2019-01-14,132806.8203095412,-0.00611966107266483,0.300533351718986,0.2611997546976562,0.22594292563760365
2019-01-15,134328.90269606572,0.011395696847081676,0.2963449999554305,0.25435809589578723,0.21253698083292516
2019-01-16,134653.95081273868,0.0024168698536504245,0.28671469929408355,0.25055871670951924,0.2061890328499758
2019-01-17,135675.5443644237,0.007558172032274531,0.28736839560997623,0.24310740453039037,0.190948027467771
2019-01-18,137481.38182497898,0.013222170820164586,0.28281981090878106,0.23752659243131255,0.1813724766870374
2019-01-22,135623.92149555346,-0.013602730872722279,0.28039788850872893,0.23595998664904377,0.18356256466584014
2019-01-23,135907.69407776426,0.0020901631283219576,0.26573553796042115,0.2348067435229471,0.190182913278615
2019-01-24,135979.9678450006,0.0005316443447822524,0.23947473918852966,0.2277986180335458,0.17638926774748798
2019-01-25,137130.51789682588,0.00842557806002573,0.17699270173334572,0.22086862918585543,0.16376762298072098
2019-01-28,136088.29970904486,-0.0076292200669130315,0.18088682082904486,0.21663182731421032,0.1589179592138117
2019-01-29,135907.6940777643,-0.0013280023378946563,0.18089876573673863,0.2121170603027125,0.15610047839100963
2019-01-30,138059.23930744868,0.01570692810597116,0.18543871461143,0.20571994049956274,0.1460175435139887
2019-01-31,139271.71579210222,0.008743951495568062,0.18614561017466422,0.20859451347710553,0.16237008163616667
2019-02-01,139338.80713804453,0.00048161387828099197,0.1550211801134758,0.20507802395300395,0.15825910836423754
2019-02-04,140319.1339093574,0.007010927586370072,0.11533077021930524,0.1988393403406588,0.1474397797579939
2019-02-05,140907.30370987506,0.004182897334113704,0.11432334630884937,0.1946999055677128,0.14253338314950337
2019-02-06,140721.57693593053,-0.0013189471224909306,0.11341282123693168,0.18946798959618655,0.13481964242710573
2019-02-07,139380.0826725065,-0.009578697407838661,0.1216398254834658,0.18376761143896864,0.12701895277655204
2019-02-08,139550.36723164906,0.0012209823657191373,0.12160874023853877,0.18202083602404553,0.13415871875246344
2019-02-11,139627.77089563932,0.0005545109405258517,0.12157709762629133,0.17653960044956588,0.1258529353703211
2019-02-12,141423.22600542643,0.012776894976682081,0.1229259834291077,0.17117507362029155,0.11842648436630779
2019-02-13,141882.4393058038,0.0032418250587775733,0.1190106620725541,0.17323734309693273,0.1323222517184205
2019-02-14,141567.73852353892,-0.0022205024811130236,0.12030662395565331,0.16843220890889157,0.125033287653394
2019-02-15,143110.42803797944,0.01083823627467165,0.12267453373502901,0.1635291888405078,0.11900963824951238
2019-02-19,143358.1337692923,0.001729375059415725,0.11617054022851056,0.16405302323856755,0.12703685986296928
2019-02-20,143647.07126461717,0.0020134658735860463,0.10033220861060203,0.15919739548027984,0.11960522244106396
2019-02-21,143136.26135763965,-0.0035623440351345227,0.10289127023398953,0.1545460424656117,0.11310005529924715
2019-02-22,144023.70723380023,0.006180866405424476,0.1033446521904363,0.1504768678171118,0.11011448874115212
2019-02-25,144219.78134215286,0.001360475753079565,0.1013337876598996,0.14785912720942798,0.10921204486004647
2019-02-26,144116.6056371326,-0.0007156620813960367,0.09491815631969924,0.1434523186658881,0.10372198118534111
2019-02-27,144054.6879583944,-0.00042972829748919055,0.09444411286495465,0.13911002016630333,0.09922037781533187
2019-02-28,143786.3400828055,-0.0018645566628168696,0.08273870207207941,0.13488251926822564,0.09514506185932738
2019-03-01,144684.09827701413,0.006224284870940523,0.0804804043317979,0.13097428039776876,0.09263405142462276
2019-03-04,144157.85490932467,-0.0036438193562046244,0.08274928382876467,0.12927018696183737,0.0947357504889845
2019-03-05,143961.71076825188,-0.0013615470432400568,0.0809393576528387,0.12613044416701835,0.09461955553135122
2019-03-06,143089.8121559735,-0.006074876626903862,0.08418714776992772,0.12240255398287092,0.0917274781796424
2019-03-07,141892.812902482,-0.008400556297251921,0.09006377020158131,0.12100178715144354,0.0971378794196046
2019-03-08,141609.02281209113,-0.002002034198225021,0.08262183415731089,0.12177830290037109,0.10764660354511572
2019-03-11,143662.51347941914,0.014396992867925278,0.09572518457054184,0.11832481077412083,0.10358873696919547
2019-03-12,144204.26034054073,0.0037638765565007003,0.09600354240046102,0.1276506523957895,0.12725042872363032
2019-03-13,145158.78005446354,0.0065974090872422285,0.08870047012429952,0.1246242722211166,0.12095231948686934
2019-03-14,145065.89915931123,-0.0006400620276323003,0.08864567644653384,0.12352103816682615,0.11911139383000528
2019-03-15,145782.59650955806,0.004928330808244464,0.08871595246426381,0.11978394888355472,0.11273689534859052
2019-03-18,146311.16846519386,0.0036191976411663307,0.08205245294115371,0.11770532709783699,0.10954802111258373
2019-03-19,146347.55046333265,0.0002486308862378453,0.08207158272274727,0.1149840079752464,0.10530313744514498
2019-03-20,145907.01839106603,-0.0030147169821300368,0.08320689632094469,0.1114853238883505,0.10026840741267513
2019-03-21,147554.9495757724,0.011231087409541514,0.08931204290377165,0.1087228457841038,0.09837162395121148
2019-03-22,144715.07900160828,-0.019433808974155364,0.11435419990888736,0.11409914157700705,0.112518974422706
2019-03-25,144606.24815443266,-0.0007523182157252086,0.11432541467075728,0.1339698174310244,0.15988051906501238
2019-03-26,145684.21804587083,0.00742687047541403,0.11714185055236076,0.12992149522669946,0.14916062812395242
2019-03-27,144922.37585337143,-0.005243129053305469,0.11890364213677641,0.12923163045907335,0.14467066633933062
2019-03-28,145471.67749418353,0.003783151132911938,0.11922942372738336,0.12694258676567313,0.13981219148541693
2019-03-29,146388.9222927851,0.006285519999112499,0.11926804550480648,0.12395142625234674,0.13207440621335623
2019-04-01,148125.0509344811,0.01178992448553199,0.12447739361473036,0.12263554159410417,0.1281484786068199
2019-04-02,148197.55230805805,0.0004893408348218843,0.12411403539038449,0.12743163880017255,0.13684896597412083
2019-04-03,148430.77877447158,0.0015725167830243898,0.12089132119700036,0.12356420907602439,0.1282408910511853
2019-04-04,148824.60777646137,0.0026497701992312245,0.11468997475987755,0.11995589110704738,0.12063725749646388
2019-04-05,149544.96433633807,0.004828628833747177,0.11378407141591386,0.1167570668015119,0.11431567270297222
2019-04-08,149658.97760480782,0.000762110774667038,0.10520555858510208,0.11474673247717453,0.11078182275419389
2019-04-09,148891.99676146443,-0.005138034014390999,0.1079847527562845,0.11129054653190389,0.10505102402263565
2019-04-10,149399.85654010397,0.0034051232960745706,0.1066109301861523,0.10973426735868436,0.10590612602851401
2019-04-11,149358.39716975135,-0.00027754460406657016,0.10652485536348404,0.10721206658051045,0.10193509747248608
2019-04-12,150368.93430573633,0.006743068508397777,0.10749927592479062,0.10395155744896536,0.09745792021944555
2019-04-15,150270.4858093289,-0.0006549274202877453,0.10747806497003808,0.10413962544912898,0.09974372404465
2019-04-16,150368.93430573633,0.0006549274202876898,0.10743325993078581,0.10099922432297463,0.09571034600167334
2019-04-17,150001.01741021694,-0.0024497595542863973,0.1071467950015762,0.09795549058368688,0.09181125999777354
2019-04-18,150296.39791579932,0.0019672537009620002,0.10070690419067536,0.09544789905541894,0.09043437889419363
2019-04-22,150425.9409399712,0.0008615457879030357,0.06613552747169817,0.09285579715538464,0.08749481156828373
2019-04-23,151778.5178813653,0.008951462717272205,0.06977523740090057,0.09008934515217315,0.08466547835951281
2019-04-24,151441.67800543032,-0.002221751842804423,0.06899436116272299,0.09402483936282317,0.09530367103752206
2019-04-25,151348.3769139569,-0.0006162758182478716,0.06440963078204767,0.09156890985857379,0.09314730629620134
2019-04-26,152053.20371813144,0.004646172710278801,0.06476828375928166,0.08881168758274334,0.0899490979481008
2019-04-29,152291.57758947895,0.0015664728605995324,0.06297351020796017,0.08798101581321768,0.08973926587333994
2019-04-30,152369.29640071007,0.000510198844367983,0.05130807693948093,0.08551796076688103,0.08673442118239674
2019-05-01,151223.99880289903,-0.00754498237657807,0.06035396390465329,0.0829364702417306,0.08402085281179777
2019-05-02,150897.5237695522,-0.0021612174971423824,0.06134020617088273,0.08559487839478873,0.0952720257534148
2019-05-03,152374.4963301842,0.009740326439042964,0.06884387898140105,0.0834117355912899,0.09305306605165267
2019-05-06,151747.45836996095,-0.00412360133196317,0.06987497775596027,0.0893003966311106,0.10392983004706813
2019-05-07,149213.2893735172,-0.016840926330559444,0.09366067447894524,0.08805219473637879,0.1031425198142942
2019-05-08,149006.01002993414,-0.0013901137678001964,0.0919419538314861,0.10759313950735938,0.1430312041755463
2019-05-09,148555.12186916935,-0.0030305604967823434,0.09165379504938133,0.10445537220829285,0.13437099603881103
2019-05-10,149301.40804369657,0.005011055063258493,0.09356104022946526,0.10195653910212646,0.12799990903326744
2019-05-13,145549.37879723468,-0.025451733255473116,0.12664396641549464,0.10075267285382161,0.12289329518387726
2019-05-14,146865.75757638045,0.009003553564523545,0.13214997757236735,0.13905621451290529,0.19319265599516722
2019-05-15,147725.98698665717,0.005840162673765161,0.13435059869733232,0.13929149391126855,0.18539774702912706
2019-05-16,149094.09368375345,0.009218489413050703,0.13885869563096567,0.13694414357802345,0.1744674106890449
2019-05-17,148130.23335577527,-0.006485765928523763,0.14026028883796215,0.1375259336424376,0.16949914278521663
2019-05-20,147150.7907475547,-0.006633993520493517,0.14165179336276806,0.135700422597449,0.16326471584164465
2019-05-21,148477.4205661183,0.008975048205473431,0.1416740150398338,0.13407146469846415,0.1580923134098323
2019-05-22,148021.3674922395,-0.0030762583315432235,0.1417962109321003,0.13459044067392556,0.1550080257201152
2019-05-23,146212.71996878655,-0.012294090869091398,0.14717856567466697,0.13103739008858464,0.14628261254702465
2019-05-24,146544.42119387756,0.00226605141527103,0.1460499599659591,0.13574187695789416,0.15690836954796525
2019-05-28,145181.4706558053,-0.009344117152603719,0.14779424543129444,0.13190127658359008,0.146478287799164
2019-05-29,144207.21046887888,-0.006733254831880199,0.14814472905564313,0.1329444821795362,0.14929723664877542
2019-05-30,144601.0919954088,0.0027276346793031385,0.14822500290733684,0.1315266985725986,0.14624530287867954
2019-05-31,142652.5366051958,-0.013567002009907275,0.15357807857446173,0.12796018425366573,0.13712508566288717
2019-06-03,142289.75836052035,-0.0025463291838369686,0.14628098033636536,0.13481254024479697,0.15381631553043326
2019-06-04,145378.42892725032,0.021474666996653822,0.1708196451424385,0.1310800926402789,0.14476909542232294
2019-06-05,146637.72228535105,0.00862487337955487,0.16559733268611027,0.15206521773029066,0.18221857849993384
2019-06-06,147591.24403301117,0.006481517423081858,0.16761480991856176,0.1511990537068833,0.17524190737870038
2019-06-07,149068.16406910302,0.009957090171452907,0.17129023036060356,0.14874366151572294,0.1661653433281474
2019-06-10,149752.22617174115,0.004578424497921136,0.1711349533353691,0.14931928253991938,0.16374840728864154
2019-06-11,149715.9317145026,-0.00024239276504341641,0.14203502992613626,0.14586095519259273,0.1540076920391545
2019-06-12,149451.7157694049,-0.0017663408193707227,0.13952207627317323,0.1414205837882601,0.14373427261670735
2019-06-13,150068.3188543198,0.004117280212949426,0.1388408800936963,0.13728426137547964,0.13522599923619777
2019-06-14,149902.4988810894,-0.00110557414466045,0.13531673537350006,0.1340614206286348,0.12829945624541686
2019-06-17,149959.54053168435,0.00038045263344899555,0.13294402072977315,0.1300484437394486,0.12110827951223828
2019-06-18,151529.7791674297,0.010416639871002704,0.13438445064117283,0.12609532262660897,0.11422370852041905
2019-06-19,151871.8189728388,0.0022547010457908945,0.1314901720085166,0.1287891498705803,0.12212532627981107
2019-06-20,153322.80939428022,0.009508695233798506,0.13371991177891962,0.12517312654970575,0.11543253557558374
2019-06-21,153099.98278681494,-0.001454373841816293,0.12377635281666614,0.12686722202192252,0.12069501578424044
2019-06-24,152912.4876866856,-0.001225408384838133,0.12440844021133322,0.1231322718689751,0.11459069581990845
2019-06-25,151412.7544919918,-0.00985620072041413,0.12504632053589576,0.11947622179248855,0.10906062844651931
2019-06-26,151261.72893090156,-0.00099794057243272,0.12127238292453024,0.12201197183929434,0.12103598220881587
2019-06-27,151798.07451847848,0.003539539994630295,0.12133676637848081,0.11835862360987445,0.11461450881012797
2019-06-28,152579.21947948032,0.005132752615605624,0.10580261504794733,0.11557537154456021,0.10965664038088914
2019-07-01,153964.3616357629,0.009037224517582676,0.1052088684230354,0.11381803537369639,0.10717927786435462
2019-07-02,154365.36899157218,0.00260116065418591,0.08234014063177164,0.115810813146718,0.11291492038797553
2019-07-03,155599.53811130463,0.007963324966581836,0.08177218139657776,0.1127373862161303,0.107475791431308
2019-07-05,155422.49539466365,-0.0011384578370038263,0.08190061688819052,0.11360441483053298,0.11057326047258212
2019-07-08,154568.44637194375,-0.0055101686438647525,0.08183769124672377,0.11023249116706779,0.10547341615897761
2019-07-09,154761.14140154718,0.0012458882832135862,0.08119581050622107,0.10900093024666961,0.10699751264119488
2019-07-10,155500.70443493608,0.004767356631349237,0.08159759765329193,0.10579130616307002,0.10174961997316176
2019-07-11,155865.10218626593,0.0023406418427895145,0.08044725377743706,0.10423020240589678,0.0999057420471125
2019-07-12,156562.94322660152,0.004467218683426215,0.08057307876187081,0.10146396150363617,0.09592288700652395
2019-07-15,156615.01255406297,0.0003325223054823272,0.07996933239177435,0.09989481829197062,0.0945315725358002
2019-07-16,156109.88405151086,-0.0032305003364546977,0.08205327513221793,0.0968602502220357,0.09081750329744094
2019-07-17,155047.57522712526,-0.006828137459544539,0.08144996986368833,0.09474591237060949,0.090679249235068
2019-07-18,155615.17291608703,0.003654112531525541,0.08185275680767423,0.09561970178325888,0.09825583108720937
2019-07-19,154750.74154259893,-0.005570415876604434,0.07904694445290555,0.09378928567525793,0.09555138380195423
2019-07-22,155130.86163961148,0.0024533259397450627,0.07900646410894877,0.09347625816519474,0.099015920990077
2019-07-23,156240.0748783445,0.007124736452786323,0.08187298394590675,0.09112928491770114,0.09521354615239284
2019-07-24,156974.31542499896,0.004688430125519304,0.07176839502114701,0.09259477978051675,0.09874188086742933
2019-07-25,156224.422565382,-0.004788616310533097,0.07492302837256412,0.09160635386761896,0.09723346096849007
2019-07-26,157271.20163406545,0.006678134418383888,0.07679767817518449,0.09074654273782091,0.09875212682427728
2019-07-29,156984.73279212724,-0.0018231567961367874,0.07672836896048808,0.09173414198052098,0.10067142559976189
2019-07-30,156599.41276564056,-0.0024575236080711803,0.07232193988037343,0.08922163983721734,0.09736529619588943
2019-07-31,154886.11479072666,-0.011000930072072814,0.08324235682712283,0.08702980535003578,0.09518533091904978
2019-08-01,153537.37214076295,-0.00874609946836596,0.08361966338226849,0.0946021415738715,0.11475062438960068
2019-08-02,152381.3420285827,-0.00755779598540936,0.08713055843214673,0.09782220825716723,0.12222335973556268
2019-08-05,147798.73347475473,-0.03053476882929952,0.13595613375326562,0.09929094620651459,0.12523640746993298
2019-08-06,149871.3518287847,0.013925832331063903,0.14724861394247118,0.15285495328397558,0.21904007265122974
2019-08-07,149959.8381707451,0.0005902410921922722,0.14558809112270304,0.157781374335714,0.21669193839848103
2019-08-08,152902.07031955724,0.019430140475966782,0.1635823491056348,0.15299193422001048,0.20022333154547728
2019-08-09,151860.57872124817,-0.006834798529137012,0.16352880377540593,0.16646440774833565,0.21548149155288926
2019-08-12,150011.92500638656,-0.01224806368561423,0.16767849897597947,0.16356679951843642,0.20411865051121134
2019-08-13,152344.88999772377,0.015432172687332763,0.17880596851421562,0.16558103695414722,0.20384893690641578
2019-08-14,147840.38543508787,-0.030013748666598047,0.2054111722911643,0.17138527519340485,0.20743698156488558
2019-08-15,148230.94040740875,0.0026382507508508034,0.2050467082441911,0.20305421307705074,0.26412181046032585
2019-08-16,150418.09727530985,0.014647266154883466,0.21333224632559608,0.19713546964168652,0.24353927366362413
2019-08-19,152230.26394295236,0.011975537007531902,0.21824628939425927,0.19943553084461846,0.23901068006263798
2019-08-20,151063.83397182391,-0.007691779892718857,0.21731630660788775,0.19888808667980598,0.2301460854084887
2019-08-21,152292.85568662238,0.008102860303477875,0.21897599992180788,0.19513491370814567,0.21821459443164543
2019-08-22,152245.93376409492,-0.000308150715272683,0.21866463010210913,0.1917959864358199,0.20617573659311209
2019-08-23,148335.1490950518,-0.026022964094913288,0.23318760858306242,0.18595696850585972,0.1907985334679836
2019-08-26,149975.4554673475,0.010997415976241752,0.23837399372496093,0.2067471348078308,0.23710716121033
2019-08-27,149387.0930768493,-0.003930773244173417,0.23844558302427338,0.20495944876357497,0.22689147805828924
2019-08-28,150438.96702592657,0.0070165899805255914,0.2383602806577452,0.19930251350916955,0.2113023029834691
2019-08-29,152360.48978614612,0.012691889042796407,0.24178733679628095,0.19514763207921612,0.19876922961187687
2019-08-30,152292.8556866224,-0.0004440069452044576,0.2403022594806572,0.19553320230992585,0.1969411164182152
2019-09-03,151402.31961668338,-0.00586468732349364,0.2131913631000675,0.18958433480330292,0.18247374881623038
2019-09-04,153120.74748835125,0.011286147408572813,0.21129976027935388,0.18521806745176264,0.17372533044287444
2019-09-05,155089.22718745837,0.012773801156221141,0.21531853252343347,0.18486030040182136,0.1728457762491711
2019-09-06,155208.93061444355,0.0007715381475103405,0.20485158469597017,0.1859840347018263,0.17545437539144587
2019-09-09,155287.10463835587,0.0005035428262422579,0.20289528154515388,0.18034316730434077,0.16291776689516618
2019-09-10,155250.6701156769,-0.00023465436934360412,0.19679004185539525,0.17486015060920257,0.15162918327077712
2019-09-11,156354.66591675577,0.007085889057087789,0.19122605339082896,0.16953566138846765,0.14159819083614414
2019-09-12,156896.15890926667,0.003457252073735211,0.15126755904277606,0.16666425108063074,0.13760126046835092
2019-09-13,156792.09028706397,-0.0006635162540349059,0.1518173719026246,0.16214523558378097,0.12986708064437721
2019-09-16,156307.79651876845,-0.0030935441047966797,0.14643223432914174,0.15722680883016574,0.1222912204137046
2019-09-17,156703.51640420334,0.0025284715275296172,0.14158792795497754,0.15291092792460148,0.11748908179003148
2019-09-18,156797.29021653807,0.0005982365158305717,0.13748884853571527,0.1485783008053723,0.11146671462249702
2019-09-19,156786.83783304968,-6.666398301004634e-05,0.13561638551779867,0.1440707882686964,0.10566139868952419
2019-09-20,156046.11925977765,-0.0047355621633141136,0.13727982965215754,0.1396820521935857,0.10065839312860068
2019-09-23,156009.45713075806,-0.00023497179324491702,0.0926308564604318,0.13667291415503802,0.10148540502538146
2019-09-24,154785.23265729265,-0.007878067710730192,0.09394730828370731,0.13251245653664456,0.09704823539171555
2019-09-25,155700.75290015954,0.005897354076138003,0.09277342122091843,0.13207719336077245,0.10606262495389959
2019-09-26,155376.43137295856,-0.0020851522458487154,0.09195852316412986,0.13009064968858208,0.10530823452750288
2019-09-27,154539.3827930648,-0.005401793500113191,0.0852335871893301,0.12638790349446288,0.10163562980378782
2019-09-30,155256.11515967172,0.004627140485504524,0.08621809353326977,0.12432481707516098,0.10361317471611589
2019-10-01,153409.3698364353,-0.01196614101035349,0.09490927865480803,0.12187282806230247,0.10130902924342318
2019-10-02,150699.43622049413,-0.017822603585973786,0.10713474122781023,0.1269914077037728,0.1224682791176273
2019-10-03,151934.09556926793,0.008159480487637379,0.10042438034115989,0.14128695614005604,0.15920510404591862
2019-10-04,153990.06364407265,0.01344123349888797,0.11274886991264886,0.14060913846135392,0.15453647647992924
2019-10-07,153325.64571944784,-0.004324015594420417,0.11353850314118508,0.14600121715329828,0.16228175416579585
2019-10-08,150945.32110108202,-0.01564640362264259,0.12537887906725112,0.14254849842016945,0.15401389022127343
2019-10-09,152378.7683261158,0.009451658778603626,0.1277626872094422,0.15100462352568117,0.1732121866676068
2019-10-10,153409.36983643525,0.006740650037907448,0.1298939001275669,0.1509469456928895,0.1688286961025202
2019-10-11,154999.7778955954,0.01031371584685662,0.13610555633703225,0.14867709775458546,0.16083421802101378
2019-10-14,154827.14724032648,-0.0011143684368803072,0.1358007595119301,0.14962266666390103,0.15995407406568882
2019-10-15,156359.98840349025,0.00985165120960413,0.14036092547127635,0.14512926000665108,0.1493708942245528
2019-10-16,156108.83356070804,-0.0016075517249376041,0.14043172902818551,0.14582943482231409,0.14935743300884596
2019-10-17,156569.26367959872,0.0029450764588149895,0.14088155147470108,0.14152499447762176,0.14014069945870564
2019-10-18,155883.85344709692,-0.004387290728418727,0.14073390661279958,0.1376906226489052,0.13179512743082009
2019-10-21,156940.64719476757,0.006756489761718348,0.14278654480344405,0.13458164699892747,0.12740829947831556
2019-10-22,156427.95515843487,-0.0032721369653946142,0.14020134541619836,0.13310040140201826,0.1248835245559438
2019-10-23,156883.1328233113,0.0029055976795770186,0.1390793642123018,0.12967136103480462,0.11995663471094026
2019-10-24,157139.45257920754,0.001632492850746779,0.1388318481738671,0.126227701904693,0.11387046568396277
2019-10-25,157782.93072049547,0.004086588130467904,0.1375029989261907,0.12254681579713388,0.10789976073154467
2019-10-28,158672.2587260112,0.0056205767918764155,0.13789153990352088,0.11987145532120082,0.10434782898800161
2019-10-29,158625.24926258353,-0.0002963115851091315,0.12918562498539304,0.11825679689087976,0.103400775630979
2019-10-30,159111.73155338498,0.003062172175824936,0.10670019863755159,0.11466000765147388,0.09874985928756057
2019-10-31,158687.99857987397,-0.0026666682469152284,0.1062942364211741,0.11180286676863863,0.09542209957455518
2019-11-01,160158.05540938716,0.009221172585868421,0.10129978513360088,0.10889172734444101,0.09378166637207624
2019-11-04,160801.51604249503,0.004009610881969766,0.09872564537995915,0.1114971647520747,0.10296250964324455
2019-11-05,160623.68545775194,-0.0011065131300053068,0.07387672688968604,0.1092190670706784,0.0999944534572939
2019-11-06,160660.27755405134,0.00022778663531537993,0.07055122813267942,0.10597919054815395,0.0962002235623597
2019-11-07,161225.26652418607,0.0035104996838410483,0.06897904292695452,0.10275445502344888,0.09229321918117318
2019-11-08,161622.87729306612,0.0024631454603208634,0.062484263874976576,0.10055497152778359,0.09027919137128367
2019-11-11,161314.27811154787,-0.0019112032808151545,0.06308770870680312,0.09796100496964953,0.08764373544925731
2019-11-12,161654.25195171137,0.002105307075395767,0.055977658344857975,0.09526702356246115,0.0862620675009712
2019-11-13,161706.60141005355,0.0003237835270119723,0.05488937171223314,0.09272687894087114,0.0839635275160842
2019-11-14,161941.98138261292,0.0014545406751209544,0.05471782259098856,0.08991086002428307,0.08165765541524345
2019-11-15,163113.85639773615,0.007210331001341193,0.05310459944732492,0.0873551040097294,0.07972989141819863
2019-11-18,163234.15510284292,0.000737241878707412,0.05059408668448566,0.0892139625101867,0.08671193704872955
2019-11-19,163187.09311487508,-0.0002883512550171599,0.047511624944188376,0.08654363839849342,0.08398696950057954
2019-11-20,162580.22457806664,-0.003725783440307197,0.0516951360010278,0.08391466165505189,0.08187553771175911
2019-11-21,162318.63485997607,-0.0016102843516812696,0.05308366010057231,0.08263811422927814,0.08411743278719187
2019-11-22,162679.67104073678,0.00222177360755579,0.05234258667875443,0.08036492297794595,0.08294988078854869
2019-11-25,163940.47010232156,0.00772031583526426,0.054984001642638905,0.07839417145005216,0.08118880034689589
2019-11-26,164311.8711256704,0.0022629004286525384,0.05454156319305984,0.08171969708971512,0.08917825561649804
2019-11-27,165044.29082159995,0.004447591925629332,0.055197656835494394,0.0797172981249405,0.08656702581163904
2019-11-29,164432.20484713733,-0.0037155104334524757,0.05644252079470308,0.07920004167326228,0.08660839228804205
2019-12-02,163035.4372593032,-0.00853077299208144,0.06042709698228106,0.07813462531959718,0.08798005328176067
2019-12-03,161941.98138261298,-0.00672945220461055,0.0649305392009769,0.08269862575388597,0.10124923136317816
2019-12-04,162941.1907261072,0.006151211142332483,0.06781310499624042,0.08434118867632455,0.10630950227574879
2019-12-05,163234.15510284298,0.0017963617377160651,0.0678917831234023,0.08519818898592088,0.10595448611252649
2019-12-06,164725.2042402332,0.00909295233356192,0.07351272826136429,0.08289751796249349,0.10097224240722029
2019-12-09,164207.29476624637,-0.0031490345498544647,0.0747940249383351,0.08780562123944403,0.10816482341436887
2019-12-10,164024.14169476886,-0.0011159996888863,0.07446521097947033,0.08600682381732405,0.10531716781244206
2019-12-11,164489.77174313364,0.002834767972566628,0.07467524455471881,0.08349954851839711,0.1008520630162687
2019-12-12,165907.46160612465,0.008581782294752514,0.07947400447229422,0.08170279724476341,0.0970697477665219
2019-12-13,166006.92557697484,0.0005993351157304561,0.07950739609455182,0.08595562053619439,0.10375824288445824
2019-12-16,167147.39091709274,0.006846495684111835,0.07915471489606375,0.08336964509148662,0.09886652383172659
2019-12-17,167184.01802975222,0.00021910662190788207,0.07921808883429554,0.08510117711868825,0.10111247587348601
2019-12-18,167194.4704132406,6.251827706066909e-05,0.07914067500785021,0.0825130511056829,0.09659335620715369
2019-12-19,167879.7931048422,0.004090577652973081,0.07751801841355864,0.07999974052240162,0.09267573972286189
2019-12-20,168615.8194858615,0.004374663605103742,0.07713690114453937,0.07917677245708955,0.09127722364135782
2019-12-23,168873.38232254115,0.0015263474226966604,0.07713829213905023,0.07862687432159986,0.09046702354172462
2019-12-24,168878.6697929155,3.130977497646908e-05,0.07417315530298567,0.07646227735848406,0.08735313854359578
2019-12-26,169777.66231381748,0.00530918543291785,0.07537595770938012,0.07413302833070678,0.08465576606462766
2019-12-27,169735.60766534324,-0.0002477349335529353,0.07489428681874663,0.07478073133852352,0.08644398254311164
2019-12-30,168799.81294998128,-0.00552850332267268,0.07678966412483197,0.07250900817432397,0.08397275300000072
2019-12-31,169209.8545266951,0.0024262133146528936,0.06744573403601709,0.07351350792303024,0.08969121483998634
2020-01-02,170792.2963639336,0.009308489721957915,0.0643136647541197,0.07189565872407898,0.0871120137996269
2020-01-03,169499.01962836063,-0.007601034181327879,0.07242799878575729,0.07854275313504408,0.09819454588037865
2020-01-06,170145.70176659728,0.0038079962911425156,0.07271439558348064,0.08168473003989996,0.10617298774310317
2020-01-07,169667.23822225758,-0.0028160426177051183,0.06969147345009497,0.08056862944707813,0.10255448038470026
2020-01-08,170571.535721714,0.005315676507551198,0.0687077878127018,0.07887793645764125,0.10007178679305202
2020-01-09,171728.0735711156,0.0067574850743270755,0.06979748154157132,0.07921907692739595,0.09929789927561834
2020-01-10,171233.9226974533,-0.0028816674791454218,0.07212189706635495,0.08117608096456015,0.10128204936811899
2020-01-13,172411.55790381218,0.006853806511367184,0.07027033449267132,0.07949678827675771,0.09906384756252955
2020-01-14,172148.6725803981,-0.001525918264297367,0.07119997100008672,0.08155251008162033,0.10128936617144511
2020-01-15,172537.70434105484,0.0022573095538165754,0.06872023744325637,0.07929040923088793,0.09764152425661672
2020-01-16,173972.91989227338,0.008283865822103342,0.07245240132685062,0.07737437564296376,0.0939026422351194
2020-01-17,174514.4654093244,0.003107980235816573,0.07218368013688871,0.08164041616812329,0.10050152125397838
2020-01-21,174172.7582593362,-0.0019599643243640038,0.07320583412385614,0.08007059610811605,0.09697983708789273
2020-01-22,174193.7330590332,0.00012041800945292234,0.07280864050477057,0.07800452049049808,0.094309016723306
2020-01-23,174393.5189015559,0.001146260302257781,0.07282812539020671,0.07562963804918037,0.0906682898093945
2020-01-24,172842.60929658308,-0.008932940971461405,0.08180112411267873,0.07346099633201739,0.08744334507698807
2020-01-27,170072.06236131722,-0.016159164076489624,0.10067671497581646,0.07924180784970314,0.1021686965335619
2020-01-28,171854.2550247183,0.010424519623565255,0.1071272471935234,0.09925029596637848,0.13954014212386653
2020-01-29,171712.31620907277,-0.0008262667884779302,0.10482315998155559,0.10441591635524829,0.1424828117874938
2020-01-30,172269.6190881666,0.003240306013354019,0.10502460692849612,0.1012859578180048,0.133605711894774
2020-01-31,169141.52009996955,-0.018325040780089584,0.12035461232660397,0.09900539496367815,0.12617037514434515
2020-02-03,170397.9946410826,0.007401084244692556,0.12037212360839317,0.11954642523400398,0.16363334491817302
2020-02-04,172995.08803661724,0.015126355455052913,0.13102464721977478,0.1194239538985824,0.15719345268363016
2020-02-05,174992.84141276384,0.011481865631283313,0.13550014006755043,0.12986882672410627,0.16914979662129098
2020-02-06,175581.6590159433,0.0033591613545332637,0.13495495832696425,0.13359369741736263,0.16942799010149076
2020-02-07,174645.8818087614,-0.00534383693447625,0.13547500664402518,0.1301808472132167,0.1582179830578942
2020-02-10,175949.66345236293,0.007437559725776875,0.1366594741062137,0.12791405509637235,0.1517470299443527
2020-02-11,176254.5859160712,0.0017315097159562819,0.13512850685852776,0.12734473941708124,0.14692335899010467
2020-02-12,177390.13145759574,0.00642197883015463,0.13602040424646394,0.12364874993838962,0.13736530100777924
2020-02-13,177200.85052310154,-0.0010676016147676002,0.13628653580748248,0.12245508874082174,0.13292513865505398
2020-02-14,177484.7806789328,0.0016010246342281892,0.13380816039297655,0.11879716833289393,0.12519774928715324
2020-02-18,177027.44950791053,-0.002580060069998751,0.1341421344945141,0.11534625248986509,0.11793602289346389
2020-02-19,177873.7949314095,0.004769479065757288,0.13448878355202862,0.11228144076523143,0.11312937777155278
2020-02-20,177143.03851258452,-0.004116748176608375,0.13571322412801426,0.11042935902170538,0.1096816172916754
2020-02-21,175318.7912007092,-0.010351552694623971,0.14138679842139004,0.1082553124840444,0.10800572812001306
2020-02-24,169504.28959055492,-0.03372774689079705,0.18380922777676628,0.11241102314801434,0.12178943332046543
2020-02-25,164367.9148100027,-0.030770935633629582,0.20581848262643204,0.17052268119478134,0.2336048105262519
2020-02-26,163763.39236932062,-0.0036846415529458968,0.20082227715973827,0.20408254449573224,0.2847259467692012
2020-02-27,156408.45104586193,-0.04595179516114122,0.25315991207299154,0.19838342120850638,0.2633550531069635
2020-02-28,155751.33403231698,-0.004210138625071901,0.25144883664512074,0.2625290901541469,0.36710357584150766
2020-03-02,162496.37790381897,0.0423949888523183,0.297125914512512,0.2550573226301065,0.33838996075952
2020-03-03,157843.6841052606,-0.029050509498636048,0.3097283278110005,0.29719806520904785,0.3960903248580581
2020-03-04,164478.32139338265,0.04117357447830065,0.34289281753269607,0.3094953019843309,0.40386194171569284
2020-03-05,159010.83191177098,-0.0338064515473052,0.35579842637450476,0.3401065738138427,0.4405822113703691
2020-03-06,156382.11874307046,-0.016669833843345402,0.3568168383513638,0.3549822816586178,0.45269894043893216
2020-03-09,144169.62040631688,-0.08131196542627535,0.4462460824125248,0.3502188908137019,0.4277912987619508
2020-03-10,151629.59330188087,0.050450134773296296,0.4918055789346359,0.46396336849222053,0.6231531073286153
2020-03-11,144237.93732486246,-0.04997638214100907,0.5128201714079451,0.49074428603498055,0.6417273495965058
2020-03-12,130437.65715595592,-0.10056888881982214,0.6004535869585383,0.5139498567473435,0.6597487577664168
2020-03-13,141588.3106350951,0.08202823616605258,0.6921548829870968,0.6334200826309494,0.8499612184446297
2020-03-16,126095.16453739008,-0.11588672985818231,0.7829751785237107,0.6920149201617796,0.914011627264181
2020-03-17,132903.3166438735,0.05258502536185608,0.8201405798997699,0.8082135554419636,1.0833829343540344
2020-03-18,126174.00387214424,-0.05195998396010311,0.8273044843300202,0.8098309685976539,1.0379039374102548
2020-03-19,126442.13289548256,0.002122818656477449,0.8289052037556391,0.8107392957213891,0.9999055581127141
2020-03-20,120993.18457654124,-0.04405053784334829,0.8340119424091028,0.7860842508522959,0.9155994052992233
2020-03-23,117899.620473488,-0.025900629712915187,0.8325834726214757,0.7811480939758945,0.8791174267545675
2020-03-24,128581.7287922845,0.08673113540525657,0.9098510438972237,0.7640182880311628,0.8202945211005904
2020-03-25,130506.6131230732,0.014859176862375784,0.9145427064033627,0.8139026540633844,0.9062270050036343
2020-03-26,138126.8558987925,0.05674860780170703,0.9354254047589353,0.7912203870893303,0.8340125762330204
2020-03-27,134012.6699480469,-0.030238161220835353,0.939240386432766,0.7982232987949008,0.8320600870058462
2020-03-30,138364.85334426898,0.03195971377594312,0.9325924409183851,0.7827871525084027,0.7836653853890666
2020-03-31,136302.45976738678,-0.015017675852588806,0.9297248009134583,0.769047659726262,0.7409406716632473
2020-04-01,130168.18000275386,-0.046049078570054684,0.9208740216334165,0.7479025787128809,0.6850542887828441
2020-04-02,133171.874617623,0.022813277605758367,0.9247682722902972,0.7468995902290874,0.6856376376084139
2020-04-03,131246.97277865425,-0.014559747629165455,0.9245624309926391,0.72955917924065,0.6414207444785555
2020-04-06,140062.35018669,0.06500684528085428,0.9181393526649457,0.7095959641718174,0.5946128821393195
2020-04-07,140205.1206408878,0.0010188158199430466,0.8976194757776993,0.7329463160555031,0.6635827788902637
2020-04-08,144911.59081446225,0.03301734018274376,0.8894424132264044,0.7106288612416322,0.6079599871306606
2020-04-09,147116.75484554225,0.015102684232853438,0.8064739548940052,0.7008400419391565,0.5886451564788675
2020-04-13,145773.56228865363,-0.009172047656069804,0.7558522400550663,0.6820226502956084,0.5460239520468032
2020-04-14,150072.835964772,0.029066274819787585,0.6203732072959836,0.662206609626734,0.5039238181450075
2020-04-15,146884.0711327102,-0.021477105447411757,0.6064390665001772,0.6519053957298198,0.49121431828780077
2020-04-16,147592.66219559495,0.004812552913742623,0.5679773029277384,0.6375391353366083,0.46914159809488487
2020-04-17,151579.99262780603,0.026657292939618934,0.5713685837976856,0.6184003310184144,0.4309126834948853
2020-04-20,148909.46992515193,-0.01777495285190971,0.5460210083180503,0.6084556463658773,0.4237707542518969
2020-04-21,144388.0437065001,-0.03083411368215765,0.5506301728530234,0.5939548175459369,0.4039180781985912
2020-04-22,147592.662195595,0.021951773594448706,0.4737570285792198,0.5882096678696438,0.4149214089115337
2020-04-23,147582.10476302635,-7.153343547579921e-05,0.47339218028840074,0.5766430504875609,0.4006919530092712
2020-04-24,149639.19336135415,0.013842355564052888,0.4355517270824627,0.5590762493476122,0.3677913866127874
2020-04-27,151796.76140497485,0.014315511178683146,0.4174317526365366,0.5447104119069602,0.34641086378356656
2020-04-28,151098.72777465876,-0.004609080629999269,0.4076035068758733,0.5310418691942295,0.328095973785279
2020-04-29,155054.26335190344,0.02584169230884434,0.40758828950731907,0.5151760305233357,0.30320927628922106
2020-04-30,153610.60885790197,-0.009354255380923769,0.36331487048102934,0.5094889527441936,0.3156048988628238
2020-05-01,149544.03640279573,-0.026829979078461918,0.37935628826802653,0.4953052443165664,0.29624410868407797
2020-05-04,149956.51161653615,0.0027544221688420036,0.37193913509385257,0.49141809728395897,0.317436039221633
2020-05-05,151341.96892005956,0.009196641589437813,0.30201118697041124,0.4765678908625051,0.2920596699699889
2020-05-06,150316.04209381278,-0.006801946205882808,0.3042589125652275,0.46343150514279885,0.27326045558483103
2020-05-07,152129.95957946003,0.011995127889922462,0.28578230326640647,0.45009130564904626,0.2555422028426959
2020-05-08,154647.0581003574,0.016410323219752884,0.2865879021433323,0.4388653150833599,0.2446037042262102
2020-05-11,154678.81793896365,0.00020534873528542218,0.28343998630029793,0.4302538731538118,0.24365886028151504
2020-05-12,151595.83753074918,-0.020132808822532957,0.27707925511114423,0.41714737110971184,0.22471867624147146
2020-05-13,148914.73988734634,-0.01784408926363173,0.27353391836189606,0.4119463592939244,0.2413637969305714
2020-05-14,150696.8450098472,0.011896243198419514,0.27609483108111066,0.4053790781067921,0.2482129313007986
2020-05-15,151389.55615342883,0.004586186965514361,0.2595546531712559,0.39574241199866017,0.23803656141391083
2020-05-18,156000.8255979947,0.03000494271992508,0.2714491548475683,0.38410070800740787,0.22073252680419062
2020-05-19,154398.54699276228,-0.01032407265261367,0.24686829275768687,0.39024842993046027,0.26695773149286733
2020-05-20,157021.4824620471,0.016845400078500807,0.24239028568145257,0.38048363218222814,0.25443484819191575
2020-05-21,155937.35844532226,-0.0069282487763005305,0.24478891739499853,0.37466290362750637,0.25290076685909707
2020-05-22,156233.52681900674,0.0018974765202368095,0.24125885494447571,0.36424678916312475,0.2374773545914295
2020-05-26,158158.42865797546,0.012245388971029766,0.2399836092415415,0.35322743143467383,0.21917890518036728
2020-05-27,160511.6681218077,0.014769394834674444,0.2426918097213149,0.345761013462716,0.21346724276764814
2020-05-28,160215.51725630328,-0.0018467467877609106,0.2275926595311515,0.34011151007354945,0.21385114862682947
2020-05-29,160929.4308059225,0.004446059201285705,0.22399642800603717,0.32982852406933344,0.19824991596211985
2020-06-01,161579.8596946893,0.004033556798363104,0.19571847668199216,0.320247603740887,0.18478627641371964
2020-06-02,162917.74727302347,0.008245947769575839,0.19627309970740664,0.31088745889149527,0.17241457984529188
2020-06-03,165085.9427819331,0.01322074815499928,0.19815751899708667,0.30311721440407063,0.16611911795824438
2020-06-04,164652.23014579495,-0.0026306501452736425,0.1955814533027227,0.2983455048035422,0.17103808957097133
2020-06-05,168872.27930719813,0.025307131963330464,0.20763494204269486,0.28943751150035213,0.16020044720331592
2020-06-08,170913.47047804273,0.012014722374372318,0.2050633559787323,0.29737391734015933,0.2077775862536714
2020-06-09,169639.01503602084,-0.007484669446501027,0.20922301654597134,0.29207532871474207,0.20324507480558338
2020-06-10,168692.45278992958,-0.005595487300486059,0.19207645299025694,0.28466918408786845,0.19424500940611247
2020-06-11,158967.51667433316,-0.05937736738488167,0.2901280412923007,0.276853302339744,0.18377503255334732
2020-06-12,160871.23361544433,0.011904370069497364,0.29013124889425673,0.35405796549397345,0.3935040376967676
2020-06-15,162373.10280810395,0.00929253713533007,0.2908950931996361,0.3463788914446594,0.36710729176528245
2020-06-16,165498.38297931335,0.019064633343892884,0.28006560752456566,0.33776510639476504,0.3408312895037149
2020-06-17,164810.94179792603,-0.004162414575390303,0.2770283433216617,0.33576132887721816,0.33119384354580117
2020-06-18,164874.3914424184,0.00038491033041786,0.27244837376273534,0.32593480065974045,0.3057553802052374
2020-06-19,163932.188733159,-0.0057310610246725,0.2719350401799347,0.31600905800687246,0.28119520082502825
2020-06-22,164983.8000595355,0.0063944286411086095,0.27227119947450706,0.3071915340176735,0.2616536017219728
2020-06-23,165743.33992635875,0.0045931591958046705,0.2700682738890222,0.2988693320978493,0.24331215496960948
2020-06-24,161515.44710029426,-0.025839661050305805,0.2834232705374109,0.2903144731714826,0.22550356072694977
2020-06-25,163247.00610699778,0.0106636429058198,0.2856299731642729,0.29886616996704246,0.26073311886015527
2020-06-26,159369.60953730537,-0.024038335844752446,0.2985906936825178,0.29271329503742793,0.2471820834428852
2020-06-29,161711.95891314803,0.014590628428372554,0.30302909144519075,0.29879286060708865,0.27082196479928955
2020-06-30,163783.4042191148,0.01272812768435491,0.30504968972593743,0.2951938110434495,0.26234832428450516
2020-07-01,164930.69774945127,0.00698052308805757,0.3023266280040194,0.2904488630671756,0.25174188425243477
2020-07-02,165838.98711395852,0.005491988468421813,0.3027804974740791,0.2829057659303669,0.23490230248344987
2020-07-06,168399.05070869255,0.015319104171681417,0.2938080004393158,0.2751173941163814,0.21851675391981135
2020-07-07,166662.20423161468,-0.010367429885235603,0.29226462008301185,0.27330658791240686,0.21932807836255497
2020-07-08,167936.95731269737,0.007619620101412718,0.29291457880036137,0.26802957598969007,0.21300001825100323
2020-07-09,166980.87061666025,-0.005709396236640862,0.29294111644427206,0.2615479087653098,0.20096480546635542
2020-07-10,168685.9222387718,0.010159278924086121,0.19533509195423673,0.25455007328654883,0.18986519168007945
2020-07-13,167225.23228558406,-0.008696937510521982,0.1965179657648816,0.2499370820011063,0.1844236830987464
2020-07-14,169392.32477915066,0.012875872858366829,0.19869643888083002,0.24467132954077467,0.17990729885951062
2020-07-15,170948.57437903798,0.009145303725398422,0.19042178717831557,0.24244366774467738,0.18153879158303682
2020-07-16,170385.5463250686,-0.003298987885784509,0.1900984249133392,0.23773258338056313,0.17548780514690535
2020-07-17,170879.50460875037,0.0028948679467079557,0.1900833467337935,0.23084698426302946,0.16471098014201652
2020-07-20,172260.4798181816,0.008049092078856603,0.18914429325614554,0.224097344634915,0.1537426729146372
2020-07-21,172626.97855111712,0.0021253244326410446,0.18857800081786705,0.2195131783640304,0.1496440462819426
2020-07-22,173609.5726317462,0.0056758693740846635,0.18879438221526748,0.21298631516269512,0.13991649269492576
2020-07-23,171538.12732577944,-0.012003383928253657,0.16649552776769397,0.20767397159066708,0.1341200399455808
2020-07-24,170433.34365659844,-0.006461284677142058,0.1671503260653921,0.20668642408414273,0.1466362397113861
2020-07-27,171676.24935817462,0.007266157953059042,0.13615045831798814,0.20195879284100562,0.14348725947020094
2020-07-28,170587.3631164768,-0.006362872801795826,0.13426253486893497,0.19783428464904246,0.13951855365893823
2020-07-29,172685.40334793585,0.012223902162484512,0.13377265203667857,0.1933966145620315,0.13723440805598144
2020-07-30,172069.2554757022,-0.0035744174152809354,0.13448176286666091,0.19343578548932183,0.1452112061880724
2020-07-31,173428.9757545557,0.007871110043347902,0.13553433746180596,0.18805727583494786,0.13811944609455298
2020-08-03,174634.7115898909,0.006928276072550508,0.1278475925201335,0.18487930327462046,0.13595903540622756
2020-08-04,175309.23173440318,0.003855023027132881,0.11956807326184671,0.18126033938435945,0.13249429550548988
2020-08-05,176398.10046792094,0.0061919221622350395,0.11886724450106576,0.17637656697563261,0.12565679668431223
2020-08-06,177577.22386958386,0.006662203164270869,0.11566201387814228,0.17269010123449022,0.12247849966676976
2020-08-07,177704.68342033008,0.0007175122267651827,0.1128139513895644,0.16942154308017127,0.12052011222237713
2020-08-10,178235.86409479295,0.002984661750358668,0.10461592103889737,0.1642839731680336,0.11367785968872407
2020-08-11,176764.58169267644,-0.00828895199136733,0.10559270289661664,0.1597014792687756,0.10839557554491998
2020-08-12,179229.0856407109,0.013845995290868997,0.11091879461547065,0.1581554122233531,0.11599661984293048
2020-08-13,178905.09676893082,-0.0018093160389493607,0.11003236161882757,0.16251469325817683,0.1340288675785983
2020-08-14,178910.40174748524,2.9652033390452092e-05,0.11034471731639724,0.15772083310769947,0.12663160381544558
2020-08-17,179478.717271829,0.0031715025403796305,0.10831160040540107,0.15291606461902887,0.11919407995748708
2020-08-18,179866.4884435223,0.00215821063446278,0.10831195680211016,0.14876964369895795,0.11338221624018256
2020-08-19,179117.55853380795,-0.0041725029431189335,0.10957829044162185,0.14448145041857022,0.10765815897735298
2020-08-20,179675.24659286282,0.003108693932598077,0.09719636215117505,0.14101642468167605,0.10637637254704498
2020-08-21,180312.6143793142,0.0035410552496411155,0.091534417055403,0.13725382856247476,0.10209446440525259
2020-08-24,182139.75054089737,0.010082161496295329,0.0938657596464477,0.1337829862898966,0.09875282237192326
2020-08-25,182777.08331098864,0.003493033803823181,0.08716549591393659,0.13550262683659417,0.10924408749906758
2020-08-26,184609.5944838464,0.009976008828478851,0.08448891927968025,0.1320749317561004,0.10492222102132019
2020-08-27,185013.2455748428,0.002184125047018985,0.08062395056502056,0.13379803479469232,0.11365981213854527
2020-08-28,186208.3714530692,0.006438903083820819,0.07977975765731135,0.1299997221135805,0.10791471147467899
2020-08-31,185533.69373493665,-0.003629820362484956,0.08261116317639187,0.1285021373955506,0.10781824523773835
2020-09-01,187281.23771002356,0.009374929096834841,0.0856140125676966,0.12538439442679378,0.10568015129189244
2020-09-02,189990.10332698177,0.014360551015789194,0.09378963364171866,0.12691279578063064,0.11260722619027534
2020-09-03,183451.6909964012,-0.035020614541444374,0.16560740512604996,0.13512429353043146,0.13338459303231828
2020-09-04,181953.8661933325,-0.008198196019229092,0.16924109408139382,0.1889626552417751,0.24537629516273227
2020-09-08,176982.36594428812,-0.027703072313184668,0.19758695661476755,0.18595884891868567,0.23236035980543995
2020-09-09,180477.2788126616,0.019554790517974232,0.20723788545761632,0.21002345188432325,0.2723616237475953
2020-09-10,177343.55969866924,-0.017516024210731968,0.2113917569160004,0.21735913503649737,0.27413793816226023
2020-09-11,177433.8493831745,0.0005089934372553695,0.21136567184173582,0.22147071558909945,0.2744832410718822
2020-09-14,179770.84125592263,0.013085075749124838,0.21674016095415352,0.21473294669295803,0.2527216980935097
2020-09-15,180679.1481286099,0.005039860297040367,0.21717636510932278,0.21431859113712598,0.24397038948722577
2020-09-16,179962.04809022203,-0.003976811251658788,0.21758408673922797,0.2087116716832226,0.22637575654070802
2020-09-17,178379.27359756263,-0.008833950705588638,0.21939881383286236,0.2029434684888739,0.21087436102743357
2020-09-18,176325.7041434244,-0.011579157483772431,0.2226261915058473,0.19973691005018743,0.2030173841373183
2020-09-21,174363.19473371352,-0.011192426694900353,0.2248241736823366,0.19881746852147322,0.20146604856475245
2020-09-22,176138.96189503712,0.01013278989238348,0.22485936610649299,0.1976126800627405,0.19933862258477872
2020-09-23,172054.1809326813,-0.02346380709218496,0.2366902464265682,0.19560201256391127,0.19257045548243948
2020-09-24,172512.75518448694,0.002661744204005999,0.23275373284843195,0.21044918188957046,0.22857765770198568
2020-09-25,175301.75574152288,0.01603763067983449,0.24215773425223294,0.20430039179475018,0.2112931778044167
2020-09-28,178213.43611615204,0.016473103758812203,0.2496806434030088,0.20766145458731472,0.21505463427914398
2020-09-29,177242.9051715757,-0.005460773904512241,0.24990475920442193,0.21127918432127415,0.219227028612101
2020-09-30,178586.69300658588,0.007553021054268158,0.24885873173766515,0.20594037798487827,0.2058317779833492
2020-10-01,179733.25119336034,0.006399655495011787,0.24329963063569415,0.20181506536534896,0.19452614616765895
2020-10-02,178026.74639230486,-0.009540014284634163,0.2134954754598808,0.19724302243575553,0.18317150750782546
2020-10-05,181183.69886122027,0.017577627792484014,0.22219915141135416,0.1947989240693796,0.18044707856153572
2020-10-06,178608.05298624389,-0.014317670492955787,0.20461890081933187,0.2008519238431551,0.19453254526645564
2020-10-07,181716.99802546887,0.017256764039605094,0.20191899094692728,0.2025352818661011,0.20093905717625626
2020-10-08,183327.4704589635,0.008823488758166458,0.19244572300219848,0.20751381173777206,0.20980542022556947
2020-10-09,184964.59034249056,0.008890393471908498,0.1940740682656299,0.2040965823346127,0.1996961099063419
2020-10-12,187940.2631151936,0.015959759745426395,0.19648965646335206,0.20087598452338626,0.19091460327889542
2020-10-13,186713.74507014183,-0.0065474939541798035,0.1985795562524288,0.20440490729788544,0.19824290882479817
2020-10-14,185540.539433335,-0.006303269405080203,0.19962171581897653,0.1998065906752318,0.18852322363347557
2020-10-15,185311.2172910721,-0.0012367322917252914,0.1961840881141259,0.19526404963316343,0.17963774571999552
2020-10-16,185199.2699878481,-0.0006042868446328491,0.18994718513845602,0.1893765885124829,0.16711540915957873
2020-10-19,182383.58696441964,-0.015320290610278672,0.19439387255302543,0.18362244960352345,0.15561373388133126
2020-10-20,183114.15079326413,0.003997643357597176,0.19230221953144908,0.18773120859561815,0.17334560561025747
2020-10-21,182767.54135286255,-0.0018946536627956027,0.16824441909008794,0.18267474183486088,0.16213134889126235
2020-10-22,183770.07725056584,0.00547031653418045,0.16846027088597545,0.17726289538196224,0.15173295597427794
2020-10-23,184393.99875474063,0.003389369806181752,0.16147518069689162,0.17317408120952948,0.14424441375325245
2020-10-26,180986.41668844447,-0.018652783349371357,0.1691958882092265,0.16841497146384177,0.13572531863002069
2020-10-27,180362.5126924497,-0.003453197534283542,0.16836304015839526,0.17866849894639195,0.1712047662474623
2020-10-28,174197.86498952424,-0.03477697673965494,0.20837883904303933,0.1737451757942029,0.16102918519088044
2020-10-29,175968.34468047353,0.010112310835801759,0.21059012032682323,0.2160158493852906,0.2577263296875029
2020-10-30,174133.90760781054,-0.01047953190183053,0.21111773230690453,0.21309441539083215,0.2437719061231452
2020-11-02,176085.6494867922,0.011145934286710686,0.2047056705695582,0.21058291332015264,0.23438983315095327
2020-11-03,179194.61203419726,0.01750191183907571,0.20923986146133886,0.20871712715646668,0.22475057903697654
2020-11-04,183199.485662816,0.022103211403346087,0.21511554074276676,0.21349609040646664,0.22976532416502232
2020-11-05,186772.43248966133,0.019315292506903715,0.22361634269562752,0.2241264181915007,0.24655224931507524
2020-11-06,186729.7475467054,-0.00022856596519789442,0.22164537688823063,0.22991230890022918,0.25223449781837187
2020-11-09,189076.123803959,0.012487334158099236,0.2187516396525705,0.2229100255751165,0.23256081155800598
2020-11-10,188798.8292483657,-0.0014676527413520443,0.217381121250148,0.22150679779444862,0.22544844351260923
2020-11-11,190201.2869947153,0.007400863944964477,0.21708905081304972,0.21483462088333893,0.2085820797985981
2020-11-12,188356.2049485834,-0.00974803931243496,0.2204534368120192,0.21026850456432283,0.19678485933763898
2020-11-13,190963.87328486683,0.013749387741337837,0.2250673471168613,0.20735679477658245,0.1924699265598269
2020-11-16,193347.5769819819,0.01240522115226084,0.21896673556094534,0.20802740287792093,0.19400070670721226
2020-11-17,192307.7136444172,-0.0053927218575714,0.22088180669472413,0.207378122631614,0.1923078201978082
2020-11-18,189993.34234029052,-0.012107733113419141,0.22645065336775186,0.20215107249485684,0.18181744351692272
2020-11-19,190793.22105394336,0.004201198083331574,0.22623284612423342,0.20156810865187952,0.18498204841593235
2020-11-20,189486.69062607436,-0.006871441422880322,0.2282449659479451,0.19610912591676408,0.17270308848912044
2020-11-23,190622.5688230198,0.005976605672290031,0.21601546574912772,0.1920030690511365,0.16665448264243377
2020-11-24,193694.18642238335,0.015985163090239098,0.21978547420237005,0.18759891103582224,0.15798781567240805
2020-11-25,193395.6019198523,-0.0015427147434100494,0.16858357785449005,0.19221158907444288,0.17234798904385892
2020-11-27,193934.24107901557,0.0027812961801135056,0.16777256009984845,0.18645257414151653,0.16069945785287026
2020-11-30,193075.62242130315,-0.004437199913750648,0.1617062218716492,0.18109569586103788,0.15009017385464352
2020-12-01,195187.4415904596,0.010878397616654233,0.16157767062973294,0.17642450450863595,0.1434252245034807
2020-12-02,195597.9909043949,0.0021011503031546303,0.15507925915696757,0.1762026197546614,0.14674411316848848
2020-12-03,195544.73102069012,-0.00027232966918982955,0.14084808113264263,0.17103003737577713,0.13731134010764942
2020-12-04,197229.78830118745,0.008580330625884262,0.12930004640730075,0.16582315464077627,0.12879183020709745
2020-12-07,196824.5439658066,-0.0020567949394784965,0.13001461902153613,0.1641969708968406,0.12948616425166534
2020-12-08,197400.458040291,0.002921755247647602,0.12472428655882102,0.15939564067625178,0.12279845791729974
2020-12-09,195630.01336570183,-0.009009258968356568,0.13037386944026055,0.15495685288154187,0.11639054269268584
2020-12-10,195566.003459448,-0.00032725234446187075,0.1288293996324649,0.15426655469251094,0.12422853858096972
2020-12-11,195336.68131718505,-0.0011732954389989596,0.12243306744503461,0.1495723870426677,0.11715477781560353
2020-12-14,194462.13021562944,-0.0044871997712727305,0.11579807709897397,0.14508755823699424,0.11128705705824368
2020-12-15,197091.15853157072,0.013428914532763543,0.11719476512378067,0.14174560382631599,0.109969224504213
2020-12-16,197400.4580402909,0.0015680919903260278,0.11477080080276107,0.1470135493899427,0.12825724097563185
2020-12-17,198504.3312841093,0.005576472597366067,0.10401920306264877,0.14266528463093628,0.12065080555148373
2020-12-18,197711.75348153643,-0.004000740455567662,0.10597304651177747,0.14000845609294324,0.11725870758943571
2020-12-21,197004.79067939604,-0.003582132892873073,0.10301290997536151,0.13663175064630187,0.11430935635512703
2020-12-22,196672.7830611542,-0.0016866985528254156,0.10262632487563358,0.13319968509592406,0.11118249778686567
2020-12-23,196849.51063055423,0.0008981833258956799,0.08733886202205661,0.1293083230787433,0.10640155348316326
2020-12-24,197615.33593401453,0.0038828619193872764,0.08752526909363187,0.12541770879620084,0.10118957739527334
2020-12-28,199312.98159596595,0.008553967748882145,0.09133009188368675,0.1225307472562905,0.09832484139658659
2020-12-29,198932.73894169304,-0.0019095887298259235,0.08962402482941416,0.12336649824501565,0.10467155173489645
2020-12-30,199216.58155662403,0.0014258101089403676,0.08249417291122635,0.11983851983453996,0.10091552235911462
2020-12-31,200228.7644615335,0.005067952757089164,0.08367287828791192,0.11631995768183025,0.09644027456042172
2021-01-04,197502.8283690289,-0.013707630094896386,0.0989421852655439,0.11448518190768488,0.09584494057384058
2021-01-05,198863.1264178239,0.00686387603669185,0.09725578923623347,0.12313196254776992,0.12547739046125167
2021-01-06,200052.05440031347,0.00596082355355414,0.09870921284742513,0.12232798877537891,0.12341761923494414
2021-01-07,203024.3130779072,0.014748136042033538,0.11030524589764498,0.12084503986180381,0.1202025609405103
2021-01-08,204181.07853364933,0.005681499268990274,0.10405949392078,0.13044549011893644,0.14015680505698327
2021-01-11,202804.7780082909,-0.0067634083575823884,0.10849606728180336,0.12838664019302654,0.13433719740257455
2021-01-12,202847.5680003271,0.00021096878948669,0.10810054490693347,0.1272233714752719,0.13360057471631484
2021-01-13,203393.82321781092,0.0026893150649890465,0.10545765586004613,0.12335036292186013,0.125371797084642
2021-01-14,202681.52042075613,-0.0035082333304931094,0.09854582909516876,0.12004893766136059,0.11852819843323906
2021-01-15,201203.4448447812,-0.007319322588197095,0.10327884012597052,0.11718845944995543,0.11472653211971237
2021-01-19,202783.33048773272,0.007821511958684411,0.10490614585625851,0.11712883023315827,0.11857457429710516
2021-01-20,205589.5065693953,0.013743422659290041,0.11219384103917672,0.11756272778902659,0.11940639702584682
2021-01-21,205776.9841613446,0.0009114870032124894,0.11037225302093226,0.12588735465935522,0.13617366880710743
2021-01-22,205048.67888772624,-0.003545572256505625,0.11142777607931957,0.12210376867535536,0.12762846716853088
2021-01-25,205857.3291995828,0.003935943207860719,0.11152023628608179,0.11918408146454744,0.12267759335289688
2021-01-26,205536.00157116997,-0.0015621434268526001,0.11212776169863002,0.116562379393953,0.11708490570155267
2021-01-27,200512.62458464465,-0.02474399844580973,0.14395498204711757,0.11317454753133434,0.11148585272878941
2021-01-28,202237.07527024893,0.008563438902130288,0.14659877093919618,0.14593636715284777,0.18387629772965447
2021-01-29,198188.39617515125,-0.02022257503254897,0.1644702274848762,0.14535599419377923,0.17659190041701847
2021-02-01,201487.28745971213,0.016508215723134472,0.1741149488730607,0.16138161470346618,0.2054479143011171
2021-02-02,204336.37609067129,0.014041248435895035,0.17232981281823864,0.16912097554184896,0.2114591899261305
2021-02-03,204497.04865896775,0.0007860050907866234,0.17126177199382306,0.17282013415579672,0.21054122791895874
2021-02-04,206821.3295930013,0.011301735087746753,0.1741740941573882,0.1675832093020401,0.19464575318768557
2021-02-05,207635.30239159235,0.0039279084097282755,0.167500260094563,0.16831621984644388,0.19063705254800006
2021-02-08,209134.82548812567,0.007195955117127971,0.16813200057164765,0.1639018219985912,0.1776040442902094
2021-02-09,208995.6004403876,-0.0006659407890452406,0.16567747371843938,0.16135339842194812,0.16914544527182854
2021-02-10,208904.55790414012,-0.00043571430098758774,0.16576026755522877,0.15645935384516665,0.15745950466545877
2021-02-11,209241.9230254765,0.001613622067502724,0.16569938495776862,0.1517024328322515,0.14688478687457032
2021-02-12,210275.5884673044,0.00492788741976274,0.16507804704331575,0.1472147395316873,0.13730402565184455
2021-02-16,210093.45087026968,-0.000866560528431864,0.16188812095266525,0.144010499507911,0.1309435827532762
2021-02-17,210141.7034144807,0.00022964544460918392,0.16060574313629083,0.13966401307747972,0.12333735330727481
2021-02-18,209247.29803675128,-0.004265284643141731,0.15545617962533997,0.1354122289155197,0.11622581431860822
2021-02-19,208877.82291320764,-0.0017672950090647991,0.15573993643456022,0.1323304815609492,0.11381974619125867
2021-02-22,207271.1322466033,-0.007721747850001695,0.15795662007145872,0.12848307181756444,0.10877675502410215
2021-02-23,207522.82984296692,0.001213603139197333,0.1574749811889449,0.12813649618170828,0.11479629947729682
2021-02-24,209809.6082553386,0.010959135168551449,0.16162039443586504,0.124322536907445,0.10863191494962449
2021-02-25,204754.10375842603,-0.024390726818259937,0.1608763689632776,0.12784631228155421,0.11935053286835502
2021-02-26,203699.09584512023,-0.0051658807448149505,0.1597457317097379,0.15607370379908542,0.18630269100036426
2021-03-01,208636.77029031276,0.023950914234565513,0.16120489071992294,0.15264651379386257,0.17623150358119236
2021-03-02,207008.7371522304,-0.007833797958772988,0.15637208269662398,0.17486118102142614,0.21316707225011716
2021-03-03,204266.74605862217,-0.013334282413112283,0.1570991651193723,0.17224905437840202,0.20346213170090469
2021-03-04,201739.020072436,-0.012451836190119575,0.1631140296998709,0.17486547747564332,0.2058033006907053
2021-03-05,205450.2990298372,0.018229268579254103,0.1715006139749144,0.17631672709797525,0.20571545484712728
2021-03-08,204427.40111873863,-0.004991245116813806,0.1714841505125449,0.18505891818888448,0.21631578313264735
2021-03-09,207346.137289927,0.014176651883230109,0.17747524677660054,0.18046792631862738,0.202752561158957
2021-03-10,208636.7702903128,0.006205241216334536,0.17902304219000612,0.1834484430521812,0.20354897251939635
2021-03-11,210752.178636379,0.01008813556942641,0.18261179944496034,0.17948907282420568,0.1910125645891604
2021-03-12,211036.00374313,0.001345818405765375,0.18259145012744604,0.17838754797915232,0.18528877078027087
2021-03-15,212294.54424948856,0.0059459172988449065,0.18295967827266454,0.17303229754168648,0.1718289743480376
2021-03-16,212026.7916520213,-0.0012620276679521322,0.18300359831670787,0.16934673570156272,0.1625307270012735
2021-03-17,212749.7744389051,0.003404064831903389,0.183297727230116,0.16426107181066596,0.15174941160330224
2021-03-18,209654.32820649684,-0.014656588917270836,0.19053684261867096,0.1598061422762843,0.14242488803160794
2021-03-19,209266.41696936305,-0.0018519557814712445,0.19054806689324902,0.16508705211150002,0.1613334620042087
2021-03-22,210937.4151812821,0.00795331642569945,0.19014500893226893,0.1602197502196501,0.15099281376991702
2021-03-23,209277.11446737213,-0.007902198693812987,0.19266729829425416,0.15838739066096716,0.14711659243720354
2021-03-24,208213.2999395024,-0.0050962455356220225,0.18942155190876042,0.15660630932825637,0.1466430547910481
2021-03-25,209384.59718468404,0.0056097040950359904,0.16767403620886492,0.15312314109483843,0.14130824485991242
2021-03-26,212758.80865980973,0.01598643157394335,0.1738567053987017,0.15005233257945982,0.1352540539101932
2021-03-29,212651.3609588579,-0.0005051487289689044,0.1537401214305339,0.15820530395074123,0.15530905852150279
2021-03-30,212087.21238136545,-0.0026564524376016304,0.1508874722170288,0.15339830949479827,0.14497503226468517
2021-03-31,212946.89903806068,0.004045265101956728,0.14094985609237215,0.14908345574393955,0.13700770233099446
2021-04-01,215246.52845458724,0.010741180870238802,0.13305545871278113,0.1453951526582228,0.12980950173717337
2021-04-05,218335.98688941932,0.014251085376897869,0.1277554086416773,0.1470231432285532,0.13535795141591112
2021-04-06,218207.004127009,-0.0005909281276667546,0.1250111767461067,0.15293668328605892,0.14971326122507536
2021-04-07,218459.54211601493,0.001156662993004364,0.11829614561842668,0.14829541865201074,0.1399853824288671
2021-04-08,219496.51660387177,0.0047355272524465765,0.11781787799597634,0.14384807230230423,0.13105402415878564
2021-04-09,221092.3346906666,0.007244055589049879,0.1158157890529232,0.14067622802864244,0.12524790512840464
2021-04-12,221172.92484342548,0.000364442614080766,0.11598595325636242,0.13926900353649607,0.12389360057347483
2021-04-13,221828.41359622608,0.0029593103870996047,0.11523852216094005,0.13503374481876848,0.11670104740664798
2021-04-14,221070.83464556825,-0.003421002372481806,0.1163473892144056,0.13142480426866712,0.1110366889744192
2021-04-15,223445.66169539912,0.01068509116790472,0.12024460341850984,0.12811355773605623,0.10814734366592316
2021-04-16,224192.4731153278,0.0033366777972331026,0.10184296769355729,0.13097544348094772,0.1181742958940905
2021-04-19,223091.05101671597,-0.004924949234421852,0.10447581834776304,0.12764650437209005,0.11261084492183296
2021-04-20,221457.67788371904,-0.007348487925033085,0.10924962731830781,0.12523078600379797,0.11184098217871895
2021-04-21,223553.16192089117,0.009417745986279797,0.10472182170844054,0.12473279012385148,0.1163131042074802
2021-04-22,221511.39298010492,-0.009175222974258134,0.10993052801816953,0.12635594628201208,0.12117467029245559
2021-04-23,223913.1125944888,0.010784062664479612,0.11299184800034597,0.12759603664134303,0.1284471010584927
2021-04-26,224380.5634935786,0.0020854680466955403,0.10268368893468807,0.13062273648473963,0.13437565204109744
2021-04-27,224332.1883921072,-0.0002156172359957299,0.1025704305416448,0.1269028009359908,0.12625530551067782
2021-04-28,224267.7407813522,-0.00028732778142491326,0.10127410954795281,0.12303968698374397,0.11892165045245513
2021-04-29,225696.9510268144,0.006352565335919847,0.10198146307201157,0.11929663433791579,0.11243369659777512
2021-04-30,224213.955652246,-0.006592419625590026,0.10287878213635337,0.11827068382342996,0.1114681574026579
2021-05-03,224697.54909333968,0.0021545165274187653,0.09224841959534179,0.11749805326182382,0.11424404496035805
2021-05-04,223311.30392171416,-0.00618849197478723,0.09594544453880033,0.11422622782915981,0.10841703396365483
2021-05-05,223381.196576464,0.0003129340888520242,0.09599211465304415,0.11333062446847764,0.1108530955730117
2021-05-06,225164.9999924295,0.007953752962538335,0.09825553479906439,0.10988485465867877,0.10514961395448251
2021-05-07,226803.76564488088,0.007251708341626066,0.09826170464760157,0.1109356780370338,0.10866165475738562
2021-05-10,224557.8338165602,-0.009951889427072532,0.10604518904138763,0.11119101026067267,0.11001456247873016
2021-05-11,222553.70746287628,-0.008964831327174969,0.11109132430179738,0.11453873003020455,0.12204848189772986
2021-05-12,217825.55340831284,-0.021473925610159858,0.13477434625531032,0.11639218457986597,0.1285792944884552
2021-05-13,220442.2209491406,0.011941095313655477,0.1362520979278494,0.14038016223024766,0.17837298020937614
2021-05-14,223827.18244681545,0.015238623119043008,0.14702572794614635,0.14380595148026754,0.17815695100857348
2021-05-17,223257.60633350827,-0.0025479570575671095,0.14622709994430114,0.15149403610336465,0.1860455910052119
2021-05-18,221334.0701325833,-0.00865310038391993,0.14717135380291446,0.14721269212986512,0.17359090452565293
2021-05-19,220753.814029447,-0.0026250727836548433,0.14307112586877263,0.14664040866022754,0.17055534721861812
2021-05-20,223128.65858745796,0.010700432498695256,0.1447122038186952,0.14253910660784583,0.15976461095049233
2021-05-21,222945.9957450218,-0.0008189788452305003,0.13939416803991964,0.14432457116989877,0.15987392683626891
2021-05-24,225218.73259699528,0.010142504268281931,0.144016118380059,0.13996409652181718,0.14917899247746216
2021-05-25,224719.03163025787,-0.0022212012945610747,0.14426611933473976,0.14131507971862048,0.14982022377288257
2021-05-26,225164.9999924293,0.0019825931880382373,0.1444131133775364,0.1372820189486393,0.1409618551666966
2021-05-27,225283.19771593044,0.0005248005289631776,0.14258998633655426,0.13332292893702283,0.13210016767494448
2021-05-28,225686.16598790503,0.0017871208630005418,0.14061179020745007,0.12927748242182424,0.12399681432999583
2021-06-01,225487.39561982517,-0.0008811260138191906,0.140501405995914,0.12553166008799382,0.11691912733039314
2021-06-02,225842.0062985084,0.001571405497388266,0.13852582283446457,0.12175567639798346,0.11091413109667352
2021-06-03,225003.8196869116,-0.0037182891755623533,0.1393590726323916,0.11820454347193864,0.1052720164944659
2021-06-04,227061.69615334144,0.009104391328574796,0.1402474729569763,0.11551198833189827,0.10363966538786855
2021-06-07,226841.3557074429,-0.0009708701552139304,0.13795298489299782,0.11745524337558695,0.11028795047418537
2021-06-08,226889.73080891435,0.00021323247664657068,0.1328430891377052,0.11393964230315334,0.10512140351620473
2021-06-09,226551.2626722349,-0.0014928875174841673,0.12834136352326456,0.11047169338969799,0.10011525972156035
2021-06-10,227604.3446857355,0.004637546619751206,0.09783673542282198,0.10726347691846876,0.09659468419090186
2021-06-11,227980.40288497703,0.0016508818025897333,0.09080808411137566,0.10554766540380739,0.095337620005533
2021-06-14,228490.87138244367,0.0022365863485264066,0.07550015544110396,0.10253340578582865,0.09162784519709863
2021-06-15,228071.8130930054,-0.001835710281927293,0.07509357659318336,0.09978952048965094,0.08866880698961077
2021-06-16,226798.3906336063,-0.00559907321139311,0.07049215625597523,0.09701249073721126,0.0870552880038509
2021-06-17,226723.175492122,-0.00033169378389840754,0.0692931159791676,0.09654400149358082,0.09228891389015054
2021-06-18,223664.61899507383,-0.013582088825676877,0.07872676204070367,0.09361176787624026,0.08906594623829849
2021-06-21,226866.56748671152,0.014214342978623647,0.09311866120016339,0.10500765271766178,0.12070073983097171
2021-06-22,228079.41164314604,0.005331828767982228,0.08820220713982427,0.11584459245810125,0.1386933718773927
2021-06-23,227804.51570821935,-0.0012059910505796386,0.08783964920392692,0.11421299752481819,0.1326260562996884
2021-06-24,229152.13783466004,0.005898266380061258,0.08968890410305455,0.11083286074684141,0.12500546595811227
2021-06-25,229966.11063325105,0.003545812670843194,0.09017105327777078,0.10987677452472042,0.12147702830925379
2021-06-28,230429.70973273023,0.0020139160073243843,0.09019994305868642,0.10741802359059284,0.11568470340309717
2021-06-29,230553.7201720071,0.0005380255958177756,0.0899393383671484,0.10443964023670858,0.10963098340035987
2021-06-30,230747.7633314742,0.0008412857007875873,0.08992710448990786,0.10127959792237559,0.10404431906365474
2021-07-01,232025.3177213645,0.005521313523648579,0.08937492989652751,0.09824868901847938,0.09911319792639446
2021-07-02,233798.8613438221,0.007614684989888896,0.08784521957813944,0.09764511423506259,0.09882555401593589
2021-07-06,233372.9398478052,-0.0018234046358932777,0.08820973974937976,0.09919276010711535,0.10276976536783236
2021-07-07,234197.68017712547,0.0035277716320689092,0.08839309698693472,0.09643195778234812,0.0991848489368411
2021-07-08,232289.428617382,-0.00818141452533401,0.09446224426148458,0.09449521757144849,0.09622370057524746
2021-07-09,234769.1296656977,0.010618473009688966,0.09955488370870125,0.09698273452016758,0.10630873455365736
2021-07-12,235610.0300452019,0.0035754189272903083,0.09981487459779362,0.10269431103745738,0.11657244907604565
2021-07-13,234806.82477734005,-0.003414869344771541,0.10137500409986447,0.10053179880184984,0.11140324086236407
2021-07-14,235157.2159846319,0.0014911407759978736,0.10066793801233238,0.09836952457778989,0.10845440690530536
2021-07-15,234354.0807494904,-0.0034211573782090064,0.09890377241923194,0.09554888223326373,0.10308248832652209
2021-07-16,232515.84440175697,-0.007874766602337803,0.10437002873866189,0.0935883691892236,0.10133721676497447
2021-07-19,229082.1051144697,-0.014877893757231286,0.10688533536586002,0.09576469363054889,0.1093619541178867
2021-07-20,232364.9413979272,0.014228682115281657,0.10690850751430608,0.1093958957176814,0.13890390462278718
2021-07-21,234246.2303603974,0.008063669582768036,0.10873393922896292,0.11962666863336104,0.1523408454968421
2021-07-22,234736.77454897,0.002091949440951749,0.10834164861845762,0.12014595996776042,0.1484631178667822
2021-07-23,237151.71283928983,0.010235296844481925,0.11171862005822338,0.11676950600233052,0.13884755109434954
2021-07-26,237733.8948422313,0.00245188434934551,0.11154829503696875,0.12000417225540908,0.1414714278292458
2021-07-27,236650.45364452832,-0.004567785952305771,0.1136979509994507,0.11673833448591567,0.13273278523833656
2021-07-28,236553.38829434465,-0.0004102475210147466,0.1138355125146951,0.11456719513911805,0.1284779891895813
2021-07-29,237534.47667148957,0.004138852099607276,0.11426620891943708,0.1110884711016988,0.12096028716884012
2021-07-30,236380.8626881559,-0.004868448712597108,0.11530250295409464,0.10890003016138625,0.11577732571670506
2021-08-02,235884.94348830884,-0.0021001706057951577,0.11296534226355205,0.10726618611265003,0.11441984562644542
2021-08-03,237803.9450706015,0.008102415433551653,0.11578215760748713,0.10431856324142388,0.10958951672154434
2021-08-04,236634.2410698042,-0.004930911570657629,0.1171601038918048,0.10593411071378492,0.11260970610647332
2021-08-05,238132.8187246149,0.006312917464612827,0.11414463492143453,0.10448128858504767,0.11185059514816753
2021-08-06,238526.31507118372,0.0016510600891020096,0.10868242190363148,0.10423020454495663,0.11090665380708634
2021-08-09,238332.30692807672,-0.0008136925489484756,0.10830858510217005,0.1012586614483522,0.10528735044514513
2021-08-10,238628.72041628184,0.001242925561509145,0.10729033978131744,0.09822488692864047,0.10064421372868101
2021-08-11,239221.68745813257,0.002481811614843697,0.1074316244348045,0.0953551207348694,0.09616567328564861
2021-08-12,239938.64743108003,0.002992570360286757,0.10645206960796454,0.0929525312585968,0.09275215442279518
2021-08-13,240375.3014414662,0.0018182029970367631,0.10093735703441484,0.09086896885648006,0.09017966987688056
2021-08-16,240941.2883778636,0.002351829167107483,0.07980818860775109,0.08838395763095619,0.08720807058788217
2021-08-17,239361.89296395343,-0.006576683928108799,0.07323613850200476,0.08617801788762974,0.08492473687308025
2021-08-18,236742.05644253697,-0.011005424203571385,0.08134337078057158,0.08737867947016992,0.09315022981413429
2021-08-19,237108.6252081927,0.0015471913536270288,0.08122752697229488,0.09491183466949757,0.11335927919306575
2021-08-20,238995.3066901177,0.007925544114981545,0.07790264204911297,0.09221689243902921,0.10742550741934857
2021-08-23,241097.60140932823,0.008757922148415658,0.08315797037252663,0.09456991799068452,0.11044712361500027
2021-08-24,241480.347733348,0.0015862573288136172,0.08082138521509691,0.09780891255324066,0.11483817898267253
2021-08-25,241987.0519721044,0.0020961265416969397,0.08072676372284669,0.09502964538780746,0.10874317840159267
2021-08-26,240558.55956202405,-0.005920669668676526,0.08360883807393728,0.09249448058743853,0.10354363955973718
2021-08-27,242709.4044645065,0.008901310511431696,0.08584975685653057,0.09258475394034649,0.1062822128279712
2021-08-30,243776.7381365657,0.004387937460616821,0.08550893184032395,0.09620617648693462,0.11185688589750996
2021-08-31,243415.56189036465,-0.0014826848139726035,0.08262963077731876,0.09482305150845104,0.10811751751754473
2021-09-01,243544.94734091623,0.000531400190132607,0.0794994496856903,0.09211495832874585,0.10356036726589565
2021-09-02,244294.1748896914,0.003071619735702808,0.07767564287716379,0.08933266644292406,0.09869765641862291
2021-09-03,244234.9447165905,-0.0002424836965250996,0.07784539657575434,0.08743089085055718,0.09538473129444987
2021-09-07,243361.65420399836,-0.0035820243549017586,0.07939180875946397,0.08477263748034561,0.09172145100051021
2021-09-08,243065.1356667129,-0.0012191704083258825,0.07979007643898534,0.08336197722256704,0.09199564742699332
2021-09-09,242024.76459192685,-0.0042894014877520835,0.08163220775795577,0.08096134944598346,0.089349259568413
2021-09-10,240116.56555672348,-0.007915558692962102,0.08640421352249009,0.08024741771876207,0.09129732622040795
2021-09-13,240731.06766003268,0.002555913330498284,0.08664525331899126,0.08366976118738624,0.10180653743539599
2021-09-14,239431.94319232384,-0.005411194149984631,0.08830436901016421,0.08172738536362603,0.09771069905522693
2021-09-15,241431.85007461623,0.008318024527251784,0.0901037413688781,0.08198373400778983,0.10042075399844158
2021-09-16,241049.12125877663,-0.0015865035881479316,0.07987015376568654,0.08581490784084186,0.10573280214750087
2021-09-17,238700.99418351825,-0.009789037044357537,0.08834193189738415,0.08342903239899509,0.10155911734901545
2021-09-20,234720.8771214868,-0.01681464705580261,0.1026393296107131,0.08939606794260235,0.11522469559127564
2021-09-21,234499.1710375446,-0.0009449984130519067,0.09609731779683822,0.10856827696258237,0.1504520000248015
2021-09-22,236786.6672852983,0.009707544871942283,0.10347153808448825,0.1053249685949001,0.1407824482970723
2021-09-23,239663.6114307131,0.012076723385624976,0.11303208099540317,0.10886965992346159,0.14188029538365496
2021-09-24,240058.40338260544,0.0016459200488098914,0.11138270135948378,0.11552773288895025,0.1485130925244897
2021-09-27,239371.62751205996,-0.002864970052132865,0.10648847391915453,0.11219099126452159,0.13877039832838406
2021-09-28,234547.8437780768,-0.020357679397074467,0.12538172893714833,0.10934219303207353,0.13171055979172738
2021-09-29,234942.6357299692,0.001681789353253892,0.12603282508958247,0.1323050684448732,0.1755448481906864
2021-09-30,232071.0841040091,-0.012297659333003728,0.13105101300481478,0.12844111066676683,0.16308658213134775
2021-10-01,234829.0426578206,0.011814049615396484,0.13931715320660082,0.13339387557838467,0.1702297744452787
2021-10-04,231800.67026317443,-0.012979948892170353,0.14445723417684356,0.1372465504711715,0.17106705811423023
2021-10-05,234212.509605626,0.010351041477469148,0.1515112455085607,0.14231592415011468,0.17846127832544087
2021-10-06,235185.9293999101,0.004147526317902528,0.1530286039777057,0.14373103740279486,0.17498565091536605
2021-10-07,237219.2769060934,0.0086085421419224,0.15687580077769459,0.14028253027880178,0.1637053853511613
2021-10-08,236786.66728529823,-0.001825334665998331,0.15479208543549933,0.14006760799775758,0.15917381855020077
2021-10-11,235072.4063604817,-0.00726601887128232,0.15597525069236956,0.13598594134263015,0.1490441996372047
2021-10-12,234493.74350172983,-0.0024646714924008027,0.15526651384780485,0.13483659193804468,0.14701202404652355
2021-10-13,235337.3926655016,0.0035912905959858865,0.15236670023558838,0.13107974736811337,0.13865360242157893
2021-10-14,239295.88712517425,0.016680609695924296,0.16513859410343235,0.127851454298466,0.13089911792077918
2021-10-15,241118.3135863246,0.0075869331100171045,0.16349699895689032,0.13990091111373995,0.15459888448048192
2021-10-18,241832.15710322364,0.0029561790704374594,0.1502458485627436,0.1388101571620294,0.14962702765720112
2021-10-19,243697.86378545163,0.007685274997937886,0.15150677974596052,0.1350714542280397,0.1402648408368952
2021-10-20,244655.0359886516,0.003920007147854747,0.1489341500474987,0.13432304073972193,0.1374579602597009
2021-10-21,245293.1741350251,0.002604922291926686,0.1438337787395454,0.13112001880896862,0.1301003863041547
2021-10-22,245038.99037709463,-0.0010367819983918309,0.1440288892168689,0.12752846877908755,0.12267794362855394
2021-10-25,246353.08433874417,0.005348466781844431,0.1440361933878825,0.12370914465755024,0.11608849599069558
2021-10-26,246574.8079308664,0.000899618830880123,0.11895480094209647,0.12173019144388918,0.11300703989133278
2021-10-27,245482.38503679895,-0.00444023460890914,0.12147181893967196,0.118073629429801,0.10702040391813694
2021-10-28,247851.04920725315,0.00960276440973382,0.11126483165824416,0.11577132711280712,0.10628208598937793
2021-10-29,248353.98918729933,0.0020271464953357716,0.1066470686817794,0.11829235818649814,0.11368932617737204
2021-11-01,248781.18878045972,0.001718646023240208,0.08912501044187024,0.11495925385742686,0.1078735760845828
2021-11-02,249787.033724192,0.004034939504715848,0.08546290146761673,0.1116573009534321,0.10263448148740704
2021-11-03,251312.04873087464,0.006086699290791265,0.08601773935643271,0.10938682016289962,0.09974022233543745
2021-11-04,252496.3720620116,0.004701491534413286,0.08392180048652008,0.10866329744982009,0.10034209304165817
2021-11-05,253372.39385069115,0.0034634384385652476,0.08186227258534633,0.10692736928564253,0.09861421416301955
2021-11-08,253588.7424315388,0.0008535115554145662,0.07237452408698047,0.10454102113606589,0.09566762296845535
2021-11-09,252750.5558199421,-0.0033107735469876474,0.07339955259959006,0.10141060221508653,0.09177220994261351
2021-11-10,250717.17329739864,-0.008077552784094128,0.08456866918615509,0.09916046236226388,0.09160426122175128
2021-11-11,250798.30620373908,0.00032355095850251437,0.06825559053945367,0.10114030831433655,0.10252034257477802
2021-11-12,252691.0455159604,0.007518523368339928,0.06818633782634313,0.09806723758999158,0.09780975920936694
2021-11-15,252777.5884499355,0.00034242652859273507,0.06850555600770859,0.09947290279800265,0.10172962214735484
2021-11-16,253778.02336603316,0.003949956109481151,0.0657771080759538,0.09645174854413366,0.09711271516368265
2021-11-17,253161.57785473863,-0.002432028642679005,0.067201005490374,0.09476638627056523,0.09489578013423214
2021-11-18,254021.369560514,0.0033904630815485342,0.06739748052866722,0.09236481532572605,0.09304203515051845
2021-11-19,253567.13733736015,-0.0017897660732390302,0.06786156200110892,0.09051625042468996,0.09079799033789158
2021-11-22,252853.2938204612,-0.0028191753166605066,0.06824634553347499,0.08803427415475104,0.08882811828590434
2021-11-23,253188.57546837183,0.0013251144512713402,0.06822976769284077,0.08605347983854912,0.08840032868296292
2021-11-24,253864.531283648,0.002666214669452084,0.06484689751708954,0.08359090228497215,0.08550933180891988
2021-11-26,248202.560938068,-0.022555592579007556,0.10235251547168628,0.08170481113227342,0.08369164279950823
2021-11-29,251247.12839925825,0.012191839291835501,0.11092952028206676,0.11818421007932652,0.15984221051439745
2021-11-30,246358.511874559,-0.019649189701415125,0.13195610565632224,0.12400366185946783,0.1633608284897003
2021-12-01,243622.1759231061,-0.011169274490386448,0.13601637730192373,0.14244993640864656,0.1939466751275886
2021-12-02,247353.57177938195,0.015200211893446041,0.14601532204480944,0.14477819598475025,0.19294054162718954
2021-12-03,245201.23868159548,-0.00873952198424106,0.14709689202484086,0.15230398769474288,0.19791395737568038
2021-12-06,248105.1979488236,0.011773585732664623,0.15360416890688156,0.1515241517537525,0.19161231318183236
2021-12-07,253237.24820890417,0.0204739477788712,0.17156820222674157,0.1538762111061978,0.18898153956267327
2021-12-08,253907.86402926577,0.002644671889966,0.17137814765022655,0.1691013158228895,0.2101399672541054
2021-12-09,252193.56808808903,-0.00677454118389987,0.17060121279925936,0.16427201030018163,0.19459388913877979
2021-12-10,254567.57225345768,0.009369390599554809,0.17361736820018628,0.16143140716339807,0.18562777055554144
2021-12-13,252312.48364697208,-0.00889797678528512,0.17489832362603638,0.16069788339103833,0.1794037496289092
2021-12-14,250576.56510343667,-0.006903810861302187,0.17655252778040254,0.15959790689340148,0.1759845945498753
2021-12-15,254491.849374752,0.015504286506064302,0.18492589364726278,0.157047320735911,0.16955659264512943
2021-12-16,252247.65085625584,-0.008857463015105482,0.18750000611358977,0.16376391159913034,0.17993759725319305
2021-12-17,249562.9815441234,-0.010700032055428636,0.19058605419011618,0.16246764583079304,0.1763634647880664
2021-12-20,246909.26669431492,-0.010690386551725767,0.19373890032463012,0.1629205050244397,0.1771714233337429
2021-12-21,251294.1028463257,0.017603049862700077,0.2048982486001856,0.16333549856999305,0.17782376187148313
2021-12-22,253806.754289491,0.009949189886161251,0.20807283330839768,0.17251947872135634,0.1925755593405248
2021-12-23,255385.9571134207,0.0062027906206411736,0.20902292241663578,0.17167954555619466,0.18639975215176768
2021-12-27,259000.2232451783,0.014052965457094842,0.19591655451170592,0.16818790237787426,0.1757360611875076
2021-12-28,258788.56685658335,-0.0008175395235655951,0.19246620528107242,0.17197652790001405,0.18097519797608605
2021-12-29,259119.5940167425,0.0012783239587456643,0.17559275279577813,0.16676773173256643,0.16816352545182672
2021-12-30,258403.24683009667,-0.0027683711233823798,0.1693231834268008,0.16176370279516197,0.15637248503662102
2021-12-31,257752.04758140785,-0.002523270036165472,0.16391061981595628,0.15720471893386115,0.14722532527455157
2022-01-03,259244.40983230164,0.00577321710635182,0.15925894093999984,0.15273110893954128,0.1388910462996385
2022-01-04,259157.5692592657,-0.0003350317990699187,0.1559601550226225,0.14977027168391882,0.13334984288881355
2022-01-05,254181.18422798807,-0.01938891577625378,0.15811515804581167,0.14521350965943544,0.12527524726839812
2022-01-06,253942.40766849948,-0.00093983661011755,0.157887680213065,0.15970537879367644,0.16745059197032736
2022-01-07,252938.43610003236,-0.003961376302582986,0.15659562947746353,0.1548832299593535,0.1560311507687889
2022-01-10,252623.72656367745,-0.0012449886492558904,0.15279149376153714,0.1509528292570521,0.14808636023917024
2022-01-11,254924.6340773476,0.009066813941919724,0.15282043056057495,0.1464342419372131,0.1388062198091137
2022-01-12,255613.8786012798,0.002700070320077429,0.15042027963134574,0.14628526774316825,0.1388654779939933
2022-01-13,252091.8980865529,-0.013874323176047806,0.14897755804195273,0.14221690239467824,0.13052616603189343
2022-01-14,252194.95123431284,0.00040870845366397247,0.14565534585775183,0.14806302969433546,0.14996587935260827
2022-01-18,247728.719553261,-0.01786812975357498,0.15458150078400398,0.14356123014464311,0.13999627568692768
2022-01-19,245156.4177406736,-0.010437828093785077,0.15436027833613894,0.15556542197181975,0.1710522140486387
2022-01-20,242443.01750508303,-0.011129743181538494,0.143322043555839,0.15619174787050402,0.17215456875833943
2022-01-21,237683.68138185496,-0.01982598355439188,0.1497921928051182,0.1574961671532739,0.1746719886272715
2022-01-24,238693.0629779568,0.004237751395873119,0.1482969217280446,0.171055408629037,0.20265815595004305
2022-01-25,235778.8439172208,-0.012284207621249162,0.13620885530229734,0.1666609994263732,0.18861267395418707
2022-01-26,235187.34756249405,-0.0025118434249607174,0.1357006911341092,0.1684962016487757,0.19101327611024602
2022-01-27,234026.01247175943,-0.0049501466117266415,0.1337994555577295,0.16365484794414356,0.1780295783111599
2022-01-28,239838.1329694272,0.024531976251654486,0.17022496479296023,0.15983251999084747,0.16865693912085938
2022-01-31,244157.8561998411,0.017850717908620306,0.18670244956574342,0.18197014701609898,0.21023767018608894
2022-02-01,245807.6344975425,0.00673428869541072,0.18731174475482423,0.18958983639461396,0.21889227186744104
2022-02-02,248195.4351087886,0.00966722416990884,0.19225872685442053,0.18567000145713716,0.20524282342176556
2022-02-03,242361.60446786185,-0.023785636375065086,0.19803096481601787,0.1838966868887934,0.19694929674656486
2022-02-04,243501.26443169755,0.004691291007985945,0.1995771749590605,0.20085604349381364,0.23285733090361183
2022-02-07,242719.75179891472,-0.003214642229367481,0.1995023554822353,0.19558968620735642,0.21612061211889366
2022-02-08,244716.8048478593,0.008194150380778736,0.20280129959191456,0.1900427708979025,0.20108469216745314
2022-02-09,248298.5582892687,0.014530242772771347,0.20748227979019032,0.18698796293696895,0.1911508991022351
2022-02-10,243837.68411131128,-0.018129111293146344,0.21516518828505493,0.1898917667158259,0.1947765119829724
2022-02-11,239029.53518211065,-0.019915652413991382,0.2204573109962058,0.19714147201391438,0.2120410269377041
2022-02-14,238248.0750738679,-0.0032746594006323473,0.22016473102018905,0.2062279528579892,0.23087701497950847
2022-02-15,242090.26269348463,0.015998179887735223,0.22232258396114152,0.20035046330805495,0.21442276311784011
2022-02-16,242361.60446786185,0.00112020128786617,0.2196891661866467,0.20396501922108753,0.2175378598132248
2022-02-17,237184.41811961852,-0.021592870168693677,0.22928730384733448,0.197799389958357,0.20099737268183082
2022-02-18,235648.63558220683,-0.006496110735701016,0.21951965588886785,0.20934864132520628,0.22802231208709295
2022-02-22,233119.71903977744,-0.010789726105743164,0.2217512619849726,0.20453678926331928,0.21482119998974133
2022-02-23,228984.49701070465,-0.01789783460964414,0.2263272016451304,0.20269539535151113,0.20991289553262046
2022-02-24,232430.5445485654,0.01493714465396094,0.23361155807949927,0.20847955547885605,0.2231375313931945
2022-02-25,237558.9005826559,0.02182414790712604,0.24598746566563054,0.2103079886750659,0.22233573011235866
2022-02-28,236951.06909594475,-0.002561934871808108,0.22949182291280237,0.22085569900825494,0.23992349881367075
2022-03-01,233342.1954836417,-0.015347634010423501,0.22427709969472015,0.2143591511293714,0.22217483630079013
2022-03-02,237634.8335595221,0.018229156334913864,0.23390008177267468,0.21622758603532802,0.22614862737122154
2022-03-03,236451.78832552853,-0.004990850342724292,0.23021778923077307,0.22129960504263932,0.2327750170667253
2022-03-04,234530.68576163024,-0.008157896838643921,0.2173060742846128,0.21543379985070993,0.21748605034274196
2022-03-07,227616.91555900985,-0.02992241452452388,0.23770324429119552,0.2112658849818819,0.20773197855370534
2022-03-08,225891.22179262232,-0.007610457028047924,0.23817609081190896,0.2355694869445658,0.26394635032361663
2022-03-09,231947.4763528733,0.02645738710516674,0.25814867947955933,0.2303022803142512,0.2481114483255824
2022-03-10,230900.17203878847,-0.004525489564990597,0.25003378613883664,0.2458468854495596,0.2743124118610298
2022-03-11,227964.24283479335,-0.012796674455954395,0.24662644663099664,0.23900608373820292,0.2544893429033063
2022-03-14,226298.19943782783,-0.007335190903079696,0.23936549829864262,0.23700727272020883,0.24781451872608976
2022-03-15,231274.6545018257,0.021752388691265077,0.25461880835606077,0.23155049658719076,0.23342226065733904
2022-03-16,236402.94050319603,0.021931739359777238,0.2608182733632441,0.2399020022798464,0.24837667439245809
2022-03-17,239360.56234226996,0.012433320009712662,0.2652012027041145,0.247734798664108,0.26074705169877865
2022-03-18,241982.20220623133,0.010893134708701574,0.2560439594276689,0.2450051853156007,0.24986074683151685
2022-03-21,241911.4691588392,-0.0002923495473556866,0.25457738201760616,0.24128827858895788,0.23792518360106407
2022-03-22,244742.19170892847,0.011633548469243693,0.2528775849563972,0.23394042759090553,0.21957663366707045
2022-03-23,241590.29910404675,-0.012962065232207824,0.24817776927787435,0.2312807141236008,0.21269601695964502
2022-03-24,245232.08809483924,0.014961747947610623,0.2481939011897764,0.22982974447286328,0.2126347476538597
2022-03-25,246429.71764281244,0.004871771216405611,0.23793429039819441,0.23029780665631433,0.21359679255801373
2022-03-28,248182.5841046338,0.0070878698082639715,0.23803575087040674,0.22408417031556638,0.19888527697070138
2022-03-29,251252.80104959363,0.012294906255476103,0.23094845739421924,0.21899883444198642,0.187813290618898
2022-03-30,249701.36619921937,-0.006193939133963797,0.22680089763801703,0.21764298904760418,0.18685450363933226
2022-03-31,245858.1105806197,-0.015511085363736358,0.2343438180433858,0.21238276638288986,0.17802134283984666
2022-04-01,246554.9536546925,0.0028303210855679345,0.23128335995097818,0.21456428146077414,0.19111736275603755
2022-04-04,248667.0704629098,0.008530031024710689,0.19761425421955137,0.20831870553038787,0.17747743964793458
2022-04-05,245526.0679460177,-0.012711810702761533,0.20250333534684456,0.2046778808278434,0.17096715199096763
2022-04-06,243070.9833988488,-0.010049611240663484,0.19030219659137676,0.20450597935529916,0.17766771900392941
2022-04-07,244295.80315043585,0.005026285598432882,0.18874435913455676,0.2020900133856285,0.17683936183493237
2022-04-08,243642.55544468143,-0.0026775845126063265,0.1808945458989191,0.19690590628261137,0.16606782013708882
2022-04-11,239478.12977128933,-0.01724011803585769,0.19172908041794545,0.19119106148203904,0.15579432740255297
2022-04-12,238590.8677310193,-0.0037118619430418836,0.17930131882644332,0.19711613916656476,0.17992424219377834
2022-04-13,241323.52696466213,0.01138823422437376,0.16688706810149914,0.19165544113666516,0.16903682530351957
2022-04-14,238318.63303945973,-0.012529896198768467,0.16778583486356163,0.1910205246483744,0.16912852457854774
2022-04-18,238416.62632318595,0.00041110147899413166,0.16262534902503964,0.1915028058902864,0.1757058733526501
2022-04-19,242265.32698578047,0.01601384401269007,0.1731815041659392,0.18567574028650902,0.16315894418014543
2022-04-20,242085.6405339523,-0.0007419680030439817,0.167709670312037,0.1904845738742002,0.17642358939782904
2022-04-21,238465.64922731905,-0.015066278499236647,0.16992753679996175,0.18470418057190455,0.16403698157984067
2022-04-22,231922.3346063252,-0.027822720566110456,0.1849886025308516,0.1884166303925447,0.17894702760192355
2022-04-25,233266.9103094375,0.005780784754444673,0.18551534747186896,0.21230927007795472,0.23667579820958848
2022-04-26,226511.3090053668,-0.02938846268648291,0.20412430436574616,0.20706517035396235,0.22033545179150257
2022-04-27,227148.2040709568,0.00280781275675745,0.19635934173284703,0.23100279994429393,0.2702908568523187
2022-04-28,232885.80975434216,0.024945560725699163,0.22321288509209514,0.22423148577269353,0.24919055841454765
2022-04-29,224279.401229264,-0.03765564503718482,0.2511305904423577,0.23805852721106924,0.27032738579986687
2022-05-02,225629.40446819103,0.006001248579819409,0.25262159452110683,0.27333298080382856,0.33663046084186476
2022-05-03,226663.7527290408,0.004573803726967953,0.2503084594074187,0.2660315955996459,0.31085047713943814
2022-05-04,233566.3001882506,0.02999832384218133,0.27655946328311576,0.25853964267692536,0.2867021007103798
2022-05-05,225264.7090778004,-0.03618978217568505,0.3005526945216733,0.2764754264984288,0.3151093902275578
2022-05-06,223920.1333746881,-0.005986754636269716,0.2987984929513121,0.30274578579884914,0.36254470731284205
2022-05-09,216750.81377609368,-0.0325410707432135,0.3149431002136306,0.2944446120812492,0.33533150252762234
2022-05-10,217251.5827418139,0.0023076793675345544,0.31320360201871666,0.31226056689821224,0.3654328877097062
2022-05-11,213800.35278265912,-0.016013400817989923,0.3156346169685,0.3028808045225961,0.3357070481779187
2022-05-12,213577.1234870527,-0.0010446470780604653,0.3098515495720517,0.3001829132552596,0.32397611788683756
2022-05-13,218683.296657023,0.023626547598622018,0.32606695219656073,0.29106647830531335,0.29798033308825694
2022-05-16,217795.98216325272,-0.0040657862086354865,0.32559609876782447,0.29677719761985566,0.30542335939600085
2022-05-17,222276.0974723962,0.020361528487431734,0.3295746785277231,0.2881701678904037,0.28233111661299365
2022-05-18,213315.79682139464,-0.041146609541058504,0.35407611164502034,0.2903930983658413,0.2843585292922088
2022-05-19,212009.3365308434,-0.006143367964995873,0.35256815667266217,0.3238321785305998,0.3599886270553797
2022-05-20,212101.90227134383,0.0004365163358166145,0.343391499810462,0.3148743980168224,0.33312863386962016
2022-05-23,216070.306043206,0.018537015386335585,0.3513339465781439,0.305286774030782,0.3061351675788332
2022-05-24,214420.91305751895,-0.007662878978647018,0.3386042368872626,0.3046367708246414,0.3003747335754332
2022-05-25,216315.2804788183,0.00879600861784116,0.34056763705764104,0.2968555043947931,0.2807312504339087
2022-05-26,220637.55955746965,0.019784377936494974,0.3355178423117359,0.2898372473411715,0.26269163763586484
2022-05-27,226054.0122605917,0.024252609781739605,0.321654327847967,0.29134787951481667,0.26668175459533533
2022-05-31,224785.63225859503,-0.005626760485106303,0.3216141090773009,0.297798573858305,0.281935397072704
2022-06-01,222967.46043076244,-0.008121359074266145,0.32227783152665973,0.28955423829033483,0.2622307128577462
2022-06-02,227213.50889958997,0.018864299801938097,0.3103583966505066,0.28250383957066016,0.24720465719377147
2022-06-03,223484.6170116027,-0.01654755926793255,0.2881767774219559,0.28354989813424114,0.25163038765322226
2022-06-06,224165.07237467263,0.0030401267030377276,0.2876352171323453,0.28234145359836094,0.2534346962478617
2022-06-07,226315.32182688065,0.00954654546738852,0.26203513484404445,0.2739953271040139,0.2339566714561985
2022-06-08,223854.7574163541,-0.010931819008014217,0.26611800837502625,0.268229411618865,0.2219882590427101
2022-06-09,218530.8354373752,-0.02407030929685008,0.2745524491878598,0.2635092157484002,0.2163349776410416
2022-06-10,212194.432995487,-0.029424136731653696,0.2951900726594067,0.27208657224626986,0.2478360600062138
2022-06-13,204137.76446075368,-0.038707909225147455,0.3106315966673402,0.28754100150005624,0.2896841660744135
2022-06-14,203522.66712856863,-0.003017696844251625,0.31062593697968416,0.31681756218391643,0.353907791293298
2022-06-15,206424.1400019329,0.014155599081313126,0.3050637797423567,0.30739007114517625,0.3258433745086456
2022-06-16,199592.3261370826,-0.03365606721084492,0.29382007642790786,0.3030661594220369,0.309701998606201
2022-06-17,200022.58962730368,0.002153391375106381,0.2942401479732324,0.3216598230620975,0.3497417539522972
2022-06-21,205057.8717731276,0.02486193232481992,0.31026230718430753,0.31197315931590164,0.3213774601672413
2022-06-22,204686.10310776223,-0.0018146393366265657,0.300936095547407,0.3175429515370512,0.3277771357547279
2022-06-23,206692.54038057345,0.009754775630022267,0.3034715653666569,0.3079501638177051,0.30163819297644934
2022-06-24,213264.11267803225,0.03129898628690235,0.32376157752009527,0.30096853420785125,0.2824400888815699
2022-06-27,212449.52715835677,-0.0038269223139984257,0.31465814164403244,0.3161630724676037,0.3161698993733708
2022-06-28,208108.5493449116,-0.020644625473415237,0.3054055996613589,0.3068924576210929,0.2919382995578425
2022-06-29,207939.07017562003,-0.0008147104836760401,0.30557162302853635,0.3081820147143693,0.29681860357957207
2022-06-30,206249.7060180847,-0.008157505093510578,0.30557828044991214,0.2988103426753617,0.27320805042209356
2022-07-01,208431.12002828225,0.010521027234613645,0.2986933998897276,0.2914387111613056,0.2570137594841596
2022-07-05,208824.75640877627,0.0018867870747941537,0.29583344620242474,0.2855065573228082,0.24369772817792187
2022-07-06,209530.03836916588,0.0033716961648336597,0.2959313921439323,0.27690608750206747,0.22482384469191594
2022-07-07,212668.22181782173,0.014866196951775299,0.2995921085112821,0.2687903488661435,0.20815777135361116
2022-07-08,212493.28009679267,-0.0008229424823945889,0.29823737669984707,0.26693619870583274,0.20964641314685165
2022-07-11,210065.85866844276,-0.011489270532381586,0.28944099455332883,0.25882402885321165,0.1940645493847169
2022-07-12,208206.96281707985,-0.008888495711031195,0.2722817090899539,0.2548850244680479,0.19373623138033277
2022-07-13,207113.5420442909,-0.00526544336837238,0.23394997691165736,0.24952545789756328,0.1882658707105874
2022-07-14,206610.53207179645,-0.0024316217102822073,0.23383489001699534,0.24278875032813244,0.17808706017088335
2022-07-15,210557.8559965689,0.018924932229528426,0.23803565851502678,0.23558224879003128,0.1663726617363517
2022-07-18,208819.31136521744,-0.00829112658489666,0.20360607942827502,0.23996735289168158,0.18812482378545253
2022-07-19,214461.4444910841,0.026660637136419356,0.2212555111448696,0.2348801001807469,0.18237337957677083
2022-07-20,215828.2379652489,0.006352920494377744,0.2068211472897639,0.2502112709486972,0.22782984497713066
2022-07-21,218026.03963065895,0.010131606758926446,0.20781491100472155,0.24384334404931343,0.2128759675871894
2022-07-22,216003.23221081396,-0.00932113199166252,0.21079234370364866,0.23967490819513773,0.20434531905834633
2022-07-25,216265.5922678216,0.0012138746741199452,0.1806043132218056,0.2351831126282869,0.19818927290773053
2022-07-26,213706.98205687845,-0.01190141215769199,0.18549596287422943,0.22806733626819883,0.18347902140145367
2022-07-27,219256.1642623145,0.025634912050982017,0.18891604049975735,0.2259103332822426,0.18585863075423043
2022-07-28,222006.17388221383,0.012464445687253483,0.1915857389491602,0.24064380014141115,0.22621253591035695
2022-07-29,225242.7532948592,0.01447353237317584,0.19051619057286667,0.23829383503737925,0.21992898791119955
2022-08-01,224575.72670481057,-0.0029657611175290767,0.19078804878436362,0.23779045349823408,0.2186170050730463
2022-08-02,223094.1496114438,-0.006619085093809686,0.19423599009581358,0.2308346450647661,0.20316796229292006
2022-08-03,226587.6790538952,0.015538096080716105,0.19903325775011935,0.22527760018947698,0.19296030163253292
2022-08-04,226434.57003163756,-0.000675944849933287,0.19530036687171667,0.22661742134505716,0.19879417659403434
2022-08-05,226051.89377097585,-0.0016914377887946184,0.19555803858682466,0.2197294624474225,0.1842077947765303
2022-08-08,225789.4461730749,-0.001161680458224191,0.18865861994608069,0.21313712067517215,0.17143886148018517
2022-08-09,224892.85234462237,-0.00397883393353347,0.18511663600388498,0.20669347048130102,0.1597062559287699
2022-08-10,229616.48891055057,0.020786400701390945,0.1910949945984087,0.20099309894029752,0.15135167389942683
2022-08-11,229616.48891055057,0.0,0.19000606914154006,0.2109675283511726,0.18401744179438867
2022-08-12,233503.63722531745,0.01678717629043788,0.18811182041587496,0.20454060755137754,0.17070935298516787
2022-08-15,234465.8517073345,0.004112301595619012,0.18136964933128338,0.2087764473327099,0.18459940845055514
2022-08-16,234925.1612659289,0.0019570451606316444,0.16404030112626938,0.20304689939111426,0.17229918714423048
2022-08-17,233257.6298071649,-0.007123450677493294,0.1689836761139183,0.19700830119745494,0.16022318446139588
2022-08-18,233935.56399250985,0.0029021598352412907,0.16737899454509172,0.19300460348274454,0.15629956966631878
2022-08-19,230791.9705166525,-0.01352896564415323,0.1722564991417426,0.18746487411524324,0.14620557505549417
2022-08-22,225986.29062559,-0.021042407755945944,0.1927480390022255,0.18921403728529132,0.1605512213043719
2022-08-23,225439.56273101683,-0.0024222279597894587,0.1863830006025499,0.20086988974175338,0.19722875502835263
2022-08-24,226161.23234661904,0.0031960538501039043,0.16557460361403983,0.1949782083605878,0.18356384726668226
2022-08-25,229354.04131264973,0.014018679236261494,0.16701901960723667,0.18944645366380308,0.1708343576886608
2022-08-26,221590.6697865912,-0.034434991474581254,0.20339590178339936,0.19159330519223614,0.17691073242717475
2022-08-29,220125.44533207963,-0.006634260234046046,0.20432456659938855,0.22898545089847092,0.2647210866132169
2022-08-30,217708.96651538325,-0.011038435024712426,0.2065266200164721,0.2235033763987549,0.2477219964105531
2022-08-31,216052.3776682729,-0.0076382873834785975,0.19778167461897161,0.2209046424786094,0.23877431874805172
2022-09-01,216730.3468699751,0.003133072176169831,0.19867720495598842,0.2162246103681853,0.22577721837792986
2022-09-02,214445.03932769323,-0.010600461043719334,0.2008851807428831,0.2099912313812384,0.2089221064698378
2022-09-06,213635.88134339792,-0.003780401830083216,0.20084541343760615,0.20772474385493936,0.20449583454163375
2022-09-07,217473.8842007059,0.017805693883265337,0.21358333099661067,0.20193236887516877,0.1910691123961525
2022-09-08,218895.33820860292,0.006514937179923753,0.19919860625501917,0.2076626274795083,0.20351107189920042
2022-09-09,222295.89922244495,0.015415665898535921,0.20893072317998684,0.20292387800907447,0.19129320048946266
2022-09-12,224685.06528045383,0.010690338073389798,0.20283852492361934,0.20567103030642872,0.1971227986374629
2022-09-13,214915.23897340547,-0.044455998768161975,0.2511720520568068,0.20369217526968178,0.19162719477932444
2022-09-14,215735.32206117568,0.0038085824251372757,0.2518740255280251,0.2624562245907465,0.3203839460306303
2022-09-15,213285.98039316112,-0.011418399347583668,0.25298043100449435,0.2548913371893783,0.295054893907395
2022-09-16,211658.8578107116,-0.007658078829062437,0.25166957889773073,0.25108317622630705,0.28080402686488876
2022-09-19,213300.2670669361,0.007725060237231977,0.2534222497278095,0.24524870195722057,0.26321015047926216
2022-09-20,210851.92336510436,-0.011544775438222762,0.24708477725770112,0.23966731063019983,0.24589913634727373
2022-09-21,207173.84021154727,-0.017597853500825773,0.2520565884140947,0.2366626629132806,0.2380847347998444
2022-09-22,205433.61479504584,-0.0084353092223796,0.25089357042945454,0.2394391194175694,0.2449000450960652
2022-09-23,201991.61192234905,-0.016896767984865526,0.24403359887629075,0.23445059511797384,0.2322620866207593
2022-09-26,199993.35096896556,-0.0099420505618944,0.221055381590736,0.23661324619580693,0.23833447751836453
2022-09-27,199482.82998783197,-0.002555953438037724,0.22116065431202608,0.23263964718799007,0.22876208899949843
2022-09-28,203407.9010175456,0.01948516018519118,0.2360088395688964,0.22577136783601656,0.21208087818190685
2022-09-29,199158.9111747056,-0.02111027291659073,0.24393149273019918,0.23163544739569683,0.22494220260468573
2022-09-30,196079.2575672628,-0.015584101834774744,0.2456420428185551,0.2391104624116228,0.24453016668234784
2022-10-03,201255.97078018755,0.026058631495533918,0.2680177580637669,0.23961529917383637,0.24525473007921583
2022-10-04,207492.2264402216,0.0305162916987545,0.2934323855988161,0.2534518346878317,0.27085094627435896
2022-10-05,207009.1057586688,-0.002331094560121637,0.2844669304380146,0.2728808764442236,0.3048810870505233
2022-10-06,204873.6507174165,-0.010369330309922844,0.28370963041798863,0.26472305617980235,0.2809877222070886
2022-10-07,199158.9111747056,-0.028290396489469193,0.28783694495693973,0.25980636368699234,0.2668553287031812
2022-10-10,197638.27333478,-0.007664597147214725,0.2814506689247386,0.27486474019509416,0.2996344198817183
2022-10-11,196386.64865974747,-0.006353044261501127,0.2430152811792888,0.2681526209935929,0.28006955929581356
2022-10-12,195738.86355803063,-0.003303971156243775,0.24109078933611217,0.26115462731566713,0.2612054775043724
2022-10-13,200904.65166748053,0.026048983590756067,0.2632451763700668,0.25352453201682357,0.24184037634650146
2022-10-14,196326.24544341932,-0.023052632671644837,0.2723789919229115,0.26585311014072033,0.26823525284114136
2022-10-17,201371.2446283917,0.02537239964972119,0.2889474743849388,0.2728961937484332,0.2841956578898791
2022-10-18,203737.2823824094,0.01168113974318949,0.29145798469628065,0.282378511236417,0.299066343537211
2022-10-19,202293.50544673903,-0.007111692334678297,0.2862090666203565,0.2775184236410123,0.2825061242025423
2022-10-20,200597.19054228123,-0.00842076992619397,0.2862041909138047,0.27048142004705467,0.2641451428390545
2022-10-21,205472.01023081617,0.024010951246429525,0.2931818642654245,0.2642777635205379,0.24928424029184718
2022-10-24,207986.2547170708,0.012162173023314132,0.29288499728554673,0.2727072457854385,0.2675366573748896
2022-10-25,211307.521189826,0.015842524402435252,0.29638334054673704,0.26859563360877653,0.2553776843147607
2022-10-26,209715.52001374,-0.007562573103235696,0.29179905001568274,0.2676002606337248,0.2515471920427241
2022-10-27,208595.62687483864,-0.005354367545648533,0.2807373965708584,0.26110928038337317,0.23701765973733088
2022-10-28,213558.2850956396,0.023512215337237668,0.2819757511120003,0.2540095510243851,0.22163069748402367
2022-10-31,212015.67449151352,-0.007249585297932677,0.27246579413667027,0.2626943163722626,0.24468432177202556
2022-11-01,211087.9336132501,-0.0043854145761946985,0.25247688121899786,0.2562468725786756,0.230535385965815
2022-11-02,205790.43147584773,-0.02541646561078764,0.26909681202529273,0.24902509484461205,0.21494397397755544
2022-11-03,203671.39910616525,-0.01035042159858891,0.2690874315011712,0.260883419288556,0.25161254176691766
2022-11-04,206602.89850590716,0.014290679707357265,0.25225296932367447,0.25611788908314753,0.2410222150489424
2022-11-07,208579.2042032689,0.009520259237432117,0.25104239732476913,0.25445716818859104,0.23614608904474843
2022-11-08,209704.50736937183,0.005380586667989013,0.24887975147050256,0.249467331920506,0.22388601767082356
2022-11-09,205384.20671490743,-0.020817027893617182,0.26242064618209393,0.24277077149592552,0.20851815565573378
2022-11-10,216670.90660347263,0.0534972388160338,0.3091483385954975,0.24890484172883548,0.23105899420633458
2022-11-11,218767.96620895463,0.009632010136865266,0.29286741283526907,0.3186050156279753,0.37696304998162944
2022-11-14,216906.9518679756,-0.008543184758857061,0.28689183405578444,0.311161331125459,0.3500197892522393
2022-11-15,218756.97107276504,0.008492924143952574,0.28593944794308856,0.3035055847205449,0.3261912733876925
2022-11-16,217088.12650060252,-0.007658008486233779,0.28621622835435756,0.2961069123444302,0.30323721142986887
2022-11-17,216423.8837109587,-0.003064474772660757,0.2838720468730365,0.28862650458121203,0.28329227283912395
2022-11-18,217406.51272927684,0.004530022362501075,0.2737141150005074,0.2800873713738666,0.261714920811721
2022-11-21,216616.03597159663,-0.0036425648117510614,0.2723075103640871,0.27212548307411216,0.2421164757922887
2022-11-22,219531.0251588755,0.013367200431342298,0.2707800112888367,0.26421536328447254,0.2248080339963422
2022-11-23,220914.39887821785,0.006281723876977312,0.26880937861632065,0.2613863907323272,0.22045416732851372
2022-11-25,220864.9907980794,-0.00022367761601849582,0.26740873096328627,0.25459793906088724,0.206201621581576
2022-11-28,217340.66446939,-0.01608560856458134,0.26375916177699316,0.24684339249521728,0.19080590702658115
2022-11-29,216967.3550843037,-0.0017191000866473966,0.2622250289300024,0.2473621079574965,0.2028245796638916
2022-11-30,223801.9352413801,0.031014538207494564,0.28169087131633314,0.239919603032385,0.18823300461629444
2022-12-01,223637.25331303757,-0.0007361086824367325,0.26166875151169094,0.26201466153071123,0.2494394068398051
2022-12-02,223379.2703006913,-0.0011542438695680052,0.2568984884330813,0.25404876450838026,0.23011822149713415
2022-12-05,219360.8456624382,-0.01815301953790122,0.2663366808872215,0.24635030408032008,0.212704055026355
2022-12-06,216198.7635499308,-0.014519884763426924,0.27213344813241547,0.2490576029969588,0.2260797929971403
2022-12-07,215830.9867492967,-0.0017025535358089546,0.27205675518618067,0.24798309072097727,0.22738785134314154
2022-12-08,217521.78657748105,0.0078033810421194874,0.2596894885955512,0.2405196554489388,0.21042987708207572
2022-12-09,215896.87002554088,-0.007498173603119488,0.18000967125021114,0.23515828891163912,0.19890661679793925
2022-12-12,219009.47402519517,0.01431414918836674,0.1841147016046206,0.2298511288135053,0.19046627826194532
2022-12-13,220667.3934938826,0.00754157177258198,0.1830011879266656,0.2296947089522803,0.19368538455016068
2022-12-14,219256.51442588776,-0.006414217912749765,0.18240314858677475,0.2246197550751572,0.18376646958532278
2022-12-15,213893.12901224112,-0.024765849987140168,0.20121052580277252,0.21920050693891574,0.17561708702238815
2022-12-16,211367.87188161825,-0.011876409110393641,0.20495632570720887,0.2333232566003531,0.22197419435198049
2022-12-19,209575.54212546672,-0.008515826726537702,0.20536521030261648,0.23088096465045158,0.21816423798459317
2022-12-20,209862.32609168527,0.0013674683791777482,0.20555002303246697,0.22628334127101418,0.20887050496924553
2022-12-21,213000.29944219743,0.014841845855595007,0.2070339246334784,0.21945426732570214,0.19316341246915172
2022-12-22,209961.5974646071,-0.01436892676165155,0.20968574913236554,0.22045680845290283,0.197198144191011
2022-12-23,211169.3641521318,0.00573584043389425,0.21161802174511662,0.22092283471978377,0.20323650346208239
2022-12-27,210336.60514302205,-0.003951356105375239,0.2053832896126436,0.2153507161183631,0.1902888248141037
2022-12-28,207722.58154666485,-0.012505682196267255,0.2089774146461415,0.2093548348823384,0.1785060045938744
2022-12-29,211461.62817826663,0.017840108062391266,0.185091894187091,0.20872069479011496,0.18325090780737488
2022-12-30,210904.62298282847,-0.0026375474688838277,0.18492878323514758,0.21392218888534334,0.19749966016856577
2023-01-03,210016.76573552017,-0.0042186431379688865,0.18485819125416833,0.2076586751672177,0.18394231171182024
2023-01-04,211638.1281271952,0.00769050902248149,0.17960442028848592,0.20199972211056585,0.17310475947243498
2023-01-05,209222.62976850293,-0.011478974158873901,0.17705247370426952,0.19811590212710617,0.1658843386631666
2023-01-06,214020.51852006812,0.022672992130370044,0.1969609497882823,0.19719845530056546,0.1703765750864337
2023-01-09,213899.1868420526,-0.000567076859264067,0.19455145198429247,0.2105389590013401,0.20429882705194738
2023-01-10,215399.2525720693,0.006988480261812831,0.19477126303838277,0.2041370037340861,0.18915760485389874
2023-01-11,218123.57769389515,0.012568477571363815,0.19314777941836445,0.19977498548173908,0.17907707434431364
2023-01-12,218917.7136609124,0.003634150167235845,0.19156136079385822,0.19975959941169,0.1801426713357438
2023-01-13,219767.0354070212,0.003872132820204063,0.19075475898124095,0.19418896534292207,0.16799529004778102
2023-01-17,219364.4173308819,-0.001833702352426728,0.16696577989906158,0.1888742793592238,0.15725524791659376
2023-01-18,215901.1070047732,-0.01591388806588272,0.17172704840875616,0.18325917237545203,0.14733347402294217
2023-01-19,214329.3802995591,-0.007306472896495728,0.17088412671423073,0.18814371242419448,0.1691865247139559
2023-01-20,218322.1554560961,0.018457757265256437,0.1816399767309034,0.1846113416657367,0.16433061917163647
2023-01-23,220941.67662054813,0.011927010721630911,0.1791796558070264,0.19284107790785773,0.1850496673413675
2023-01-24,220704.56335714777,-0.0010737702021174625,0.1691731313969159,0.19263253788086668,0.18374309965507532
2023-01-25,220787.27199307055,0.00037467799070274994,0.1688810670079271,0.18681084033319934,0.17074920804408605
2023-01-26,223213.8355206669,0.010930547903311022,0.16991876185906238,0.18112568912779511,0.15869256300535123
2023-01-27,223726.6675813817,0.002294857065846358,0.15986327133742445,0.18067820768867562,0.15948134969944794
2023-01-30,220919.6513318116,-0.012626005975326838,0.1607263485073639,0.1754011554926049,0.1487978836283
2023-01-31,224167.8911914351,0.01459621858067078,0.1654367090300607,0.17700282979041332,0.15983568905854578
2023-02-01,226550.26407612936,0.01057155139719019,0.16514860278417237,0.18075262530051545,0.1696885409780987
2023-02-02,229848.20965492827,0.014452296278810126,0.16896732035630432,0.18000277016721586,0.1679584490427646
2023-02-03,227405.11840669028,-0.01068604358512027,0.16801674755225718,0.18334403375044564,0.17574695396645862
2023-02-06,226015.35420214225,-0.0061301535357953275,0.15666298112027044,0.18255056429663039,0.17662592500009866
2023-02-07,228971.31252745228,0.012993786988988848,0.16023610316043796,0.17858728175037591,0.16895705985134435
2023-02-08,226467.57294838503,-0.010994954017966949,0.16745405985380124,0.18036809666782794,0.17278892360802303
2023-02-09,224504.2583195785,-0.008707093864735735,0.16752623943954276,0.18002370168219906,0.17487892411095518
2023-02-10,225028.19056555472,0.0023310107402149966,0.16736382070579228,0.17779291619434057,0.17175739889862332
2023-02-13,227669.8245596364,0.01167075573445358,0.17115265898111595,0.17261476757609134,0.15984635864413602
2023-02-14,227565.03811044115,-0.00046036215430118996,0.17083865452818614,0.17339996938337665,0.16212266383105575
2023-02-15,228304.00580654532,0.003242020282886213,0.15745003654663128,0.1681270378342546,0.15108135956029092
2023-02-16,225160.55239611724,-0.01386438567954502,0.164588117723018,0.1634919585669187,0.14172756471868636
2023-02-17,224598.01461622692,-0.002501511319594878,0.15405446611095505,0.1674282762318969,0.158221990325786
2023-02-21,220092.4073989751,-0.0202647108278372,0.16677972073202463,0.16261890514747074,0.14865857066377905
2023-02-22,219789.0957121149,-0.0013790611007059672,0.16680463370635223,0.17625938388440654,0.18617194858564723
2023-02-23,220958.23935754696,0.005305290785175782,0.1679472840871773,0.17097392649993887,0.17306195077196068
2023-02-24,218597.85674523184,-0.010739950243871295,0.1669201326582804,0.16704408914476743,0.16296163930053945
2023-02-27,219342.39204214545,0.003400171673113636,0.1672592105309725,0.1672529330310057,0.16616946765155907
2023-02-28,218531.67582995063,-0.003702969406302605,0.16194002006694533,0.16269583842930369,0.1553200674317985
2023-03-01,217693.419252746,-0.0038432342313134524,0.15199830244187365,0.15839528044083992,0.1471777663060784
2023-03-02,219386.5126523329,0.0077473328992811764,0.14933929254297662,0.15429533424005498,0.14015166097176698
2023-03-03,222904.973741176,0.01591048175113079,0.15149316163266927,0.1525979921361543,0.13747016360840045
2023-03-06,223059.4133850108,0.00069260978888389,0.14771274400833337,0.16036367115587316,0.15667501731015337
2023-03-07,219640.1536363749,-0.015447621807818043,0.1555300572960051,0.15550167135689216,0.14600616624536478
2023-03-08,219998.6335941481,0.001630793495174394,0.14652201142143595,0.16228984682413872,0.16662645111831614
2023-03-09,215939.67752232985,-0.018622237446504698,0.15498984532783375,0.1574735729229501,0.15504157766603358
2023-03-10,212823.8170014475,-0.014534424746905448,0.15946073720851162,0.16897775308893243,0.1843219773435691
2023-03-13,212520.47029822995,-0.0014263586638166596,0.1584519334526134,0.17330425458661955,0.19330102855797504
2023-03-14,216033.46883533557,0.016395029452497663,0.16495184625025214,0.16811622290488987,0.17950969320710844
2023-03-15,214682.3276728801,-0.006273954219607801,0.16523145398028574,0.17501854484508778,0.19033518597984522
2023-03-16,218448.93217767047,0.017392877435159187,0.1792631205470797,0.17143150994126624,0.18119148217308398
2023-03-17,215894.71651956745,-0.01176140187402066,0.17759687631037593,0.1794419713697771,0.1945605094507033
2023-03-20,217970.69627795985,0.009569767676323152,0.18234162584592672,0.17988611425912202,0.19475588371524394
2023-03-21,220832.72322483503,0.013044873422479484,0.1750607130675922,0.17833162846825182,0.1876574638745637
2023-03-22,217068.2897341968,-0.017193503164015904,0.1855974646981417,0.18018598895377794,0.18837655589900065
2023-03-23,217655.12886604745,0.0026998291934667348,0.18472206621256335,0.18705264881906222,0.20422495719024703
2023-03-24,219083.3585390804,0.006540457530392911,0.182501859536714,0.18165787260353752,0.1892642636826574
2023-03-27,219493.04991939265,0.0018682787837131988,0.1822164565576306,0.17795056841404133,0.17865023487171078
2023-03-28,219000.35226412065,-0.00224723044937041,0.18189343398828012,0.17268235680296443,0.16592626185838288
2023-03-29,222183.49671553893,0.014430263912743433,0.18808980256236466,0.167649638370372,0.15535624534411113
2023-03-30,223484.4244216381,0.005838119996644252,0.18730467305062112,0.17195491508484387,0.16568954241745873
2023-03-31,226634.37336634385,0.013996306673002994,0.1853869511429914,0.16825494930719098,0.15697809617421427
2023-04-03,227497.964278049,0.003803261213048989,0.18568504405633085,0.17196831361536602,0.16574665003636335
2023-04-04,226235.78217129307,-0.005563550749024735,0.1772044405769994,0.16738405702985248,0.15519639784838624
2023-04-05,225643.4279631689,-0.0026217384386593816,0.17779817263428108,0.1637204569398509,0.14942917333470404
2023-04-06,226523.66915276623,0.003893438099171415,0.16161988133462596,0.15905990144427357,0.1409301445388286
2023-04-10,226756.16025700408,0.0010258172084478575,0.14894635718019875,0.15495564229586264,0.1331541446821596
2023-04-11,226817.0361941556,0.00026842828453428337,0.14837300481515736,0.15028801284485255,0.12493728061036198
2023-04-12,225892.55183712023,-0.004084232658567287,0.14198927871466557,0.14571337292497089,0.11764247731754315
2023-04-13,228893.015952548,0.013195263276984679,0.14333345101494227,0.14216420044135608,0.1147611550225147
2023-04-14,228333.87475931505,-0.0024457943455167374,0.134302075810017,0.1470735825527149,0.1309517382757267
2023-04-17,229153.16997904624,0.00358172370138703,0.12375688517162904,0.14290992562695892,0.12442309314040867
2023-04-18,229302.65480832424,0.0006521231773851184,0.12148640602445653,0.13925452470780864,0.11830782670139188
2023-04-19,229263.9267171597,-0.00016890934846487877,0.11521630894182311,0.13503608145172044,0.11171612779254574
2023-04-20,228012.8272874865,-0.005471970925550652,0.09527594867528585,0.1309239858672569,0.1060234650231607
2023-04-21,228189.9925472036,0.0007766951931057054,0.09545599210085048,0.12870646741285297,0.10737442795439996
2023-04-24,228427.9987277149,0.0010424740444468172,0.09425243021146766,0.12482209215782956,0.10204429437194698
2023-04-25,224801.9498810933,-0.016001264812094403,0.11406716677579888,0.12108737796101797,0.09736764021138344
2023-04-26,223849.80260179748,-0.004244488976100774,0.11508235078992729,0.13286743734360923,0.13595554274853563
2023-04-27,228306.2468534118,0.019712612783924423,0.12435460605097907,0.12987273668598137,0.1308259187522235
2023-04-28,230254.8371039772,0.008498767328746548,0.1259736972601993,0.14741217407023838,0.1660029266177292
2023-05-01,230022.32849156065,-0.001010298357480099,0.11717243588761606,0.1466923014252041,0.1609704821784499
2023-05-02,227437.03581636128,-0.011302950167329686,0.1240078719925263,0.1422777088846914,0.15023844104411457
2023-05-03,225875.9365755852,-0.006887539105023767,0.12487979793574948,0.14477586365801334,0.15727731251470226
2023-05-04,224276.0567191085,-0.007108206191134734,0.12708706124068458,0.14289756178216442,0.1533571506404377
2023-05-05,228427.9987277148,0.018343367496491916,0.14279659248335475,0.14127452882156863,0.15039168186395416
2023-05-08,228488.8746648663,0.000266463950257397,0.14277920274642858,0.15442974909820506,0.17443760752784282
2023-05-09,227486.88160096592,-0.004394947156593366,0.1437838354783719,0.14972878189599587,0.16202859989540314
2023-05-10,228549.76811019643,0.004661416728272028,0.14372130532790267,0.14616989059062407,0.15387280483722537
2023-05-11,228151.21193150297,-0.001745370810610037,0.13590662310640741,0.14287140457693934,0.14530329167422798
2023-05-12,227852.24227294693,-0.0013112606873345624,0.13571332613193476,0.13868512644963105,0.13660988855741113
2023-05-15,228638.37700232287,0.003444257004787612,0.13566465752881354,0.13455685726804187,0.1286069111701234
2023-05-16,227110.45576008063,-0.006705127284372558,0.1376143576809793,0.13114336472374152,0.1218908143982477
2023-05-17,229867.31107783047,0.012065745703581196,0.14465416784960303,0.12979384889401713,0.12307427043723972
2023-05-18,232081.6754802394,0.009587125104941691,0.14677829345736437,0.13430137666888572,0.13369242263395126
2023-05-19,231744.01274687608,-0.0014559900479213037,0.14701378916501465,0.13544139788649862,0.13574105425466207
2023-05-22,231838.1016989187,0.00040592141242139934,0.14701566289923096,0.1314372965329816,0.1279189965013029
2023-05-23,229236.2462867204,-0.011286175610143567,0.14071147467569187,0.12744296175255856,0.12027924054607024
2023-05-24,227575.45547673505,-0.007271259124503587,0.14259857502806775,0.13112268194321533,0.133915069357122
2023-05-25,229546.2460978233,0.008622661427022936,0.12778032923534247,0.13023433088371342,0.13427395784913138
2023-05-26,232519.04729099068,0.012867628251957922,0.13237009454788742,0.13064263649502442,0.1341556481908057
2023-05-30,232607.60365858124,0.0003807838939342623,0.13225312735883663,0.13618720761300335,0.14461368429880211
2023-05-31,231317.7586295649,-0.005560585634575843,0.12688396604406843,0.13204669829857427,0.13519986095263611
2023-06-01,233515.4902622603,0.00945607059810912,0.12693474651729666,0.12983706251361787,0.1321496659818597
2023-06-02,236892.39772675183,0.014357605645632847,0.1300914940984714,0.13114187803261146,0.13417304236072544
2023-06-05,236438.44567082293,-0.0019181179567815218,0.11708242903665814,0.13886378268793778,0.1491533479905651
2023-06-06,236953.27366390335,0.0021750621103824004,0.11696339107606343,0.13483986903909426,0.1401543306646524
2023-06-07,236133.96093599356,-0.0034636890920134735,0.11635233365612938,0.13100539683812146,0.13144471918605705
2023-06-08,237562.22562538375,0.006030316722451694,0.11688886811413675,0.1277265279791868,0.12591108006586488
2023-06-09,237988.49725087365,0.0017927498336232583,0.1160837523827374,0.12603593358883763,0.12245258773225877
2023-06-12,240147.51830058324,0.009031052477105386,0.11783203379780313,0.1223950493933417,0.11554949771101673
2023-06-13,241730.7653873463,0.006571173001340567,0.11863940042154437,0.12375338803751361,0.11961555139669013
2023-06-14,242018.6173524623,0.0011900873028906254,0.11346088771962734,0.1226739309905509,0.11793028886849495
2023-06-15,245019.09897606864,0.012321508104600814,0.11372989680549948,0.11902677983443945,0.11140537888650727
2023-06-16,244184.51911637955,-0.00341199712547339,0.11339461053981767,0.12495136508139285,0.12563732209441383
2023-06-20,242917.60980138928,-0.0052018338519138315,0.11589806245012545,0.12186917530799574,0.12078012791644872
2023-06-21,241673.0059059937,-0.005136734355692048,0.11876838992285532,0.11987536593158095,0.11923911915530536
2023-06-22,242545.36841520044,0.0036031819496614137,0.10780176312106277,0.11792732540930337,0.11781860345712336
2023-06-23,240711.70184926625,-0.007588819611151009,0.10820125523246592,0.11519003683633058,0.11252013426629666
2023-06-26,239728.23243837312,-0.004094042623775793,0.10854936385183113,0.11551356404987083,0.117448583510666
2023-06-27,242356.47267579072,0.010903753009274564,0.10618040090929624,0.11312033233691202,0.11460915831910926
2023-06-28,242478.69727091712,0.000504190311643619,0.1061552335213344,0.11758435898368477,0.12378690433949437
2023-06-29,243434.34618594203,0.003933420434074947,0.10237640509539914,0.11401912213285796,0.11659187090557649
2023-06-30,246307.1056463272,0.011731873621726592,0.10470401956044521,0.11159871038437694,0.11175230826468893
2023-07-03,246590.47551770977,0.0011498125104727887,0.09520995246931073,0.1174226772521913,0.12404999691134554
2023-07-05,246223.71419143712,-0.0014884368252493195,0.09498701552874272,0.11393326865092414,0.1168353974055447
2023-07-06,244295.626018066,-0.007861455993117949,0.10125463807794581,0.11061392244739329,0.11121332835823264
2023-07-07,243678.90042526688,-0.002527697196253924,0.10069587429789524,0.11151577064550924,0.11709156013552822
2023-07-10,244295.626018066,0.0025276971962539516,0.09939852688019483,0.10856438911362822,0.1123382180056413
2023-07-11,245851.47280524817,0.006348510544817396,0.10094229881037031,0.1057149870912896,0.10692568507050401
2023-07-12,247829.5818450105,0.008013755469624968,0.10001270440363538,0.1054253726973266,0.10682456180173153
2023-07-13,249796.53817497543,0.007905399232962856,0.10100404680423661,0.10685807990030234,0.11015819552591588
2023-07-14,249640.9780077073,-0.0006229414781957564,0.10131596888419143,0.10806692269844868,0.11263495583996261
2023-07-17,250507.79042428336,0.003466221809031695,0.09339629933506058,0.10480276524324546,0.10700790149393935
2023-07-18,252369.18994519263,0.007403035313686693,0.0943398364453445,0.10250007119094894,0.10294930071030317
2023-07-19,252930.37959532728,0.0022212165404305114,0.09080431566500584,0.1034627434787938,0.10563880655347507
2023-07-20,251252.32572119712,-0.006656555461371353,0.09253668057423663,0.10068200450433899,0.10087525346763966
2023-07-21,251252.32572119712,0.0,0.09256349817306667,0.10098820325156281,0.10583254616743155
2023-07-24,252374.75754600213,0.0044574000108753365,0.08606953367845488,0.09791169574785345,0.10079025181972022
2023-07-25,253063.7218838939,0.0027262062254495645,0.082615869519798,0.09649823100453249,0.09866986775848348
2023-07-26,253102.64256502347,0.00015378612227098302,0.07709755692155806,0.0941571502414188,0.09509312035433844
2023-07-27,251424.606199072,-0.006651940237440578,0.08309847936086953,0.09129070267930695,0.09134361069438462
2023-07-28,253886.13355942405,0.009742705378644023,0.08750754505102108,0.09221164396565455,0.09830264839931704
2023-07-31,254369.51686365655,0.0019021272053689634,0.07977501595066386,0.09709790473679136,0.10790901446540645
2023-08-01,253641.61433645652,-0.002865697149673485,0.08134054543217244,0.09443001857009364,0.10272984274909143
2023-08-02,250113.26112667847,-0.014008443712434935,0.09774369419568875,0.09222892968826255,0.1002846424901987
2023-08-03,249396.4762929186,-0.00286995536645349,0.09339749784033788,0.10470387171089775,0.1295379539442493
2023-08-04,248268.5293918402,-0.004532964221282628,0.09467403601878899,0.10212573015903086,0.12358772967316198
2023-08-07,250435.5166628336,0.008690528687898312,0.09850090110776984,0.10057120401044958,0.12054111180820556
2023-08-08,249346.4554265275,-0.00435815223790043,0.09846957479733359,0.1031970707885527,0.12289693515857658
2023-08-09,247679.5192458374,-0.006707667267469404,0.09784239167687965,0.10147826800364448,0.11968311446168717
2023-08-10,247768.4432851796,0.0003589641981482459,0.0932852014842797,0.10178536084813505,0.1212511997063616
2023-08-11,247623.9482868157,-0.0005833557596759197,0.09328409534829167,0.09869443952966504,0.11435331084294409
2023-08-14,248990.864318231,0.005504948498068413,0.09467672572512806,0.09571469190275081,0.1085063055019696
2023-08-15,246090.4069192282,-0.011717230086963707,0.09829176892289432,0.09523564204502406,0.10674597820488571
2023-08-16,244284.52583280488,-0.0073653408020039985,0.09966972333556968,0.102963660075564,0.12540987188378272
2023-08-17,242423.14382007436,-0.007648907974617043,0.10037882241028309,0.10385402180343065,0.12741623694317822
2023-08-18,242539.8183225701,0.00048116872361271816,0.10050698905200171,0.10499107565555038,0.1297040899727847
2023-08-21,244117.8654802753,0.00648526773996087,0.10241172605905993,0.10180981800484937,0.12186293192958407
2023-08-22,243456.61658917996,-0.0027124032155931873,0.10113163434650162,0.10187861506839131,0.11969878003626833
2023-08-23,246168.16074059435,0.011076121953113593,0.11106743297139796,0.0993364832252588,0.11480701113178299
2023-08-24,242756.49954149083,-0.013956001200884466,0.11843929883080001,0.10550166589061283,0.12443317116228812
2023-08-25,244467.871479584,0.007025013845817389,0.11529142330815878,0.1157915685811426,0.14584897937192973
2023-08-28,246018.150665957,0.0063214211164060105,0.11824866087977544,0.11553964905851812,0.14117738663014434
2023-08-29,249574.30686342448,0.014351377545511322,0.13103914446492557,0.11468498852093706,0.1360861208390181
2023-08-30,250602.22953989945,0.004110245278676803,0.1223249054016626,0.12440913874320557,0.15057866973925135
2023-08-31,250235.48572180537,-0.0014645218300005148,0.12197391189363553,0.12167339402009784,0.1418966767930819
2023-09-01,250702.25376450305,0.0018635776105179966,0.12081201170926538,0.118104105201254,0.1334023589722599
2023-09-05,249618.7251126491,-0.004331340845422757,0.11789271204349898,0.11473524070094221,0.1253140696971536
2023-09-06,247940.7062548762,-0.006745024267731593,0.11931500284808241,0.11250770593871193,0.12172535709874091
2023-09-07,247179.4681555345,-0.0030749653861969722,0.11740196174383513,0.1121891019204859,0.12302163818221758
2023-09-08,247551.7095417233,0.0015048231169349636,0.11753189621771216,0.10942658153159798,0.11810499149956498
2023-09-11,249179.812582177,0.006555287104375693,0.11980678548494371,0.10625424824101147,0.11161619549509318
2023-09-12,247812.87904258305,-0.005500833350202259,0.11985060750848904,0.10612398787786459,0.11113835731888268
2023-09-13,248101.81651477507,0.0011652709930763867,0.11194732311290892,0.1050908243769224,0.11167935771917209
2023-09-14,250241.03581443615,0.008585384257408485,0.11157676783368883,0.10199003518097213,0.10586875361796765
2023-09-15,247226.07492708965,-0.012121395514974416,0.11726796887104904,0.10436630989498011,0.1107407120064374
2023-09-18,247371.0601544558,0.0005862760668644329,0.11726262128327863,0.1116259014234313,0.1296618417883606
2023-09-19,246858.08802831185,-0.0020758480645508303,0.11586714648678097,0.10824933439625321,0.12181795644814682
2023-09-20,244588.62538770447,-0.009235909860055687,0.12052945665976451,0.10526156738632994,0.11605606312937523
2023-09-21,240545.9519220268,-0.01666657968224282,0.12745462012636988,0.10818948388068289,0.12459380231243199
2023-09-22,240005.0367427641,-0.002251230027489114,0.1183065823200809,0.12329891612253216,0.15600508424261397
2023-09-25,241014.34822533844,0.004196558373206303,0.11630739777878411,0.11986281353246374,0.14649560955156268
2023-09-26,237473.5291923647,-0.01480030669230723,0.12332182068606558,0.11735138809916383,0.13834329199523185
2023-09-27,237568.31847155315,0.00039907760090037445,0.1081454594571182,0.12750329193260154,0.1588190287594851
2023-09-28,238945.63436108408,0.005780815931694361,0.10964480726833477,0.12362876745303292,0.14794978939268824
2023-09-29,238365.7284679772,-0.0024298863324778664,0.10959125582023109,0.1219520620814631,0.1412848825619272
2023-10-02,238270.90417243144,-0.0003978892527478833,0.10870661961420659,0.1186138307901227,0.13354379031732555
2023-10-03,235081.42176034336,-0.013476349466944785,0.11534613792207152,0.11501078270836203,0.12546811118377055
2023-10-04,236793.26641926,0.007255537164784898,0.11993223369452784,0.12320635005778573,0.14493175089746643
2023-10-05,236704.0622490595,-0.00037678848793821286,0.12008335462670885,0.12273946327272867,0.14074666906094035
2023-10-06,239514.38754439368,0.0118028099127645,0.12945561000592984,0.11900934364001113,0.1318919680472655
2023-10-09,241047.80635473065,0.0063817921348409985,0.12931113881014744,0.12417625387883902,0.13983183128879914
2023-10-10,242302.38991195435,0.005191210779923566,0.13066051500015308,0.12292417923673936,0.1350040705017975
2023-10-11,243294.9460675647,0.004087985927175724,0.13174716747454457,0.1208767822673642,0.12922847138489094
2023-10-12,241811.70569722657,-0.006115129475398585,0.12787064534585849,0.11826751257812841,0.1229853008329879
2023-10-13,240607.26556364453,-0.004993346895168869,0.12256882748749383,0.11710414921797661,0.1227881620605832
2023-10-16,243138.79062222264,0.010466434345403303,0.12946954693211174,0.11518495378321082,0.12059228383761524
2023-10-17,243127.6204042466,-4.5942790720053705e-05,0.12941780096954014,0.11886066814428714,0.1272820906499384
2023-10-18,239887.95955215965,-0.013414513185774093,0.1338219594112698,0.11523983182994091,0.11979028395573592
2023-10-19,237780.2024495251,-0.008825251295864311,0.12417001488583423,0.12330546244847566,0.14063281452759704
2023-10-20,234858.3850725743,-0.01236401206003642,0.13097926108504515,0.12437686665627992,0.14327605331076496
2023-10-23,234451.3024108803,-0.001734815089680481,0.12949147517329568,0.12981835321054327,0.15477308074079255
2023-10-24,236218.9281269626,0.007511135872874021,0.12287352149002863,0.1260442043150645,0.1450543517451235
2023-10-25,232828.6444139856,-0.014456285264958686,0.1327285371264678,0.1256460920438689,0.14126855349487277
2023-10-26,230040.6420464248,-0.012046753441055501,0.13568777778450397,0.13416245702919258,0.15981283182349404
2023-10-27,228997.88994263695,-0.004543208574962738,0.13600443707004253,0.13825292012396498,0.16693345934963644
2023-10-30,231735.74888655607,0.01188491979002371,0.14464319320013666,0.13520031722990936,0.15837456234131697
2023-10-31,233191.09872831145,0.006260574551587288,0.13965109789821809,0.138989561358986,0.16141634997033755
2023-11-01,235678.0829804145,0.010608535058643283,0.1425668872962764,0.1369366187611743,0.15370784961708753
2023-11-02,240194.65031749863,0.018982818926177494,0.158036208001209,0.13902575109513493,0.15461614848284913
2023-11-03,242386.04398952436,0.009082040623126019,0.15578738565841083,0.15367798412589603,0.17973039027076326
2023-11-06,242943.64446303647,0.00229782241689595,0.1544443666906898,0.1531243200158828,0.17381611049283374
2023-11-07,243635.05994593864,0.0028419490701033813,0.15369941614234747,0.14872816597384603,0.16168875893097273
2023-11-08,243813.5208108755,0.0007322244025545965,0.1530552748687823,0.1446201321787711,0.15100596704634037
2023-11-09,241912.0800854033,-0.00782931941354623,0.1540968668757144,0.14024332533302764,0.14091317146728258
2023-11-10,245687.0885159436,0.015484373640624022,0.16219075513945552,0.13933746197173613,0.14129288360547565
2023-11-13,245452.8991183771,-0.0009536564776300832,0.15841382804049778,0.1479029814272971,0.15810649887449957
2023-11-14,250214.86108736103,0.019214921224812206,0.1717668160335378,0.14344520014841747,0.14764544864311338
2023-11-15,250744.57103229035,0.0021147825887086543,0.16255681639795785,0.1578747524708734,0.17559541831473596
2023-11-16,251051.27930580784,0.0012224425989388783,0.15733633542850312,0.15328598265100907,0.1632355753530117
2023-11-17,251363.5026555989,0.0012428909386984796,0.14712158828773567,0.14869227196183651,0.15192930924556958
2023-11-20,253298.4190186419,0.007668206223795343,0.14655742767016106,0.14424349301903058,0.14176843402942677
2023-11-21,252746.3686377605,-0.00218182506111618,0.14739629204599125,0.14299262613293717,0.1387145435973551
2023-11-22,253722.18697458543,0.003853425976781089,0.1314770056877404,0.13889583979702816,0.13106450861127408
2023-11-24,253878.32491174887,0.0006152000970515293,0.11754526215291354,0.13549555822068635,0.12439304731119011
2023-11-27,253421.0988264132,-0.0018025891130446362,0.11499061696011481,0.131389596253332,0.11712384764173951
2023-11-28,253671.99102640784,0.0009895312142379922,0.11290748426779681,0.12757963111466905,0.11170433172737974
2023-11-29,253493.5826860069,-0.0007035507022059654,0.11418431029222277,0.12375287317810392,0.10587351106593908
2023-11-30,254491.688934248,0.003929671147668759,0.11162495737065654,0.12001404648846405,0.10109983049632634
2023-12-01,255997.2347241809,0.0058984635521722555,0.09675491460683368,0.11735696349614222,0.09829928833659675
2023-12-04,254653.37696404225,-0.005263328121980569,0.09854332286556426,0.11607045522866916,0.09879900233663574
2023-12-05,254603.21603222197,-0.00019699669153964216,0.09899753027192529,0.1143803881830967,0.10099805456724079
2023-12-06,253577.23676357677,-0.004037859610658544,0.10151841470643905,0.11089854634408729,0.09660784772567559
2023-12-07,255512.11811026247,0.007601379383648858,0.10329348849958987,0.10866047808249711,0.09684756097139739
2023-12-08,256610.58123850136,0.004289850124600833,0.09617637758763384,0.10941810531866447,0.1011488834899455
2023-12-11,257608.7225030996,0.0038821666589937184,0.08419111931741187,0.10738823499014602,0.09876493801197618
2023-12-12,258785.2896162775,0.004556865964817719,0.08357658770969971,0.10520539838392379,0.0962367444628729
2023-12-13,262353.94665329816,0.013695813215106406,0.07030604154823918,0.10352802766779233,0.09492110796098555
2023-12-14,263195.94998073304,0.0032042782360325703,0.0703601919851197,0.11362705616320969,0.11876229692539912
2023-12-15,262762.5875428917,-0.0016478961933019144,0.07173417094823858,0.11086786951984115,0.11302634266932152
2023-12-18,264240.627984172,0.005609242118845506,0.07256669874111069,0.10768120874943113,0.10798606326305424
2023-12-19,265847.458587571,0.0060625226847353065,0.07126147291633259,0.1066548533520601,0.1064660468133414
2023-12-20,262163.5627187036,-0.013954086169798922,0.09088841432540946,0.1060587832300408,0.10593106596030145
2023-12-21,264649.3389064802,0.009437106147059357,0.09462225608957384,0.11626552096488142,0.13304006907278063
2023-12-22,265181.2198655616,0.00200774050852318,0.09445978882983153,0.118546120756758,0.13486573997841408
2023-12-26,266300.97293903376,0.004213705540575695,0.093506520800862,0.1151995695893206,0.12666520471176926
2023-12-27,266782.447851794,0.0018063778572106222,0.09337884534508292,0.11288553821024609,0.12085292622885309
2023-12-28,266883.189911722,0.0003775474903978594,0.09296184161111631,0.10967174944969552,0.11413426940246946
2023-12-29,266110.5890044391,-0.002899101186444307,0.09478308017953499,0.10634084025613522,0.10804110799160592
2024-01-02,264621.34332882543,-0.005612059473188538,0.09764119693329983,0.10371572801585768,0.10489632620086453
2024-01-03,262460.29133039294,-0.008200111579453532,0.10090369674749602,0.10289675748987699,0.10673180519457437
2024-01-04,261614.87390812213,-0.003226324053065331,0.10214861150787889,0.10473382742999941,0.11445378535022102
2024-01-05,261973.19629228752,0.001368718886081879,0.1001436137163216,0.1023152517228343,0.11084121170407964
2024-01-08,265713.1183328216,0.014175029971428917,0.10777157484924008,0.09934098735569315,0.10516126052816642
2024-01-09,265309.97501132294,-0.0015183648470406836,0.10807595158556176,0.11097115733379678,0.12751144403260742
2024-01-10,266810.4259212699,0.005639531519745209,0.10873173108247842,0.10775240147370324,0.1206578831101746
2024-01-11,266692.85850166326,-0.00044073738603856935,0.10847039550910843,0.10674655252640983,0.11735507948917837
2024-01-12,266877.5872945553,0.000692425158582925,0.09844448720951753,0.10350881092584416,0.11110110404908508
2024-01-16,265897.8296175351,-0.003677942901915184,0.09929345812183465,0.10039162727160485,0.1053342446046987
2024-01-17,264419.8066844334,-0.005574118825663339,0.10138162104017703,0.09837836310994087,0.10363205771470323
2024-01-18,266771.225109282,0.008853439321945768,0.10424253322805496,0.09781305993997438,0.10561266576419034
2024-01-19,270096.8686266987,0.012389211035521139,0.11094278720910265,0.10088859121368324,0.11120323897314112
2024-01-22,270667.9503977681,0.0021121269848992826,0.09631106804116885,0.10903487847522407,0.12570419638031324
2024-01-23,271457.3066320151,0.0029120827035369916,0.09195182631719215,0.10603178757482874,0.11854828741679668
2024-01-24,271754.05275188305,0.0010925623857467378,0.09191181041380489,0.10342338512105977,0.1126324783649555
2024-01-25,273232.12820952066,0.005424280957452962,0.09253240202093364,0.1003626495570655,0.10670288159089568
2024-01-26,272885.01105968864,-0.0012712188342653358,0.09294622946516845,0.09956492775067396,0.1050871373847334
2024-01-29,275046.0805662998,0.007888147780954462,0.09591494825020963,0.09665825483250216,0.10075647847515623
2024-01-30,274833.3386875744,-0.000773776511325551,0.09491166241950634,0.09860557291497973,0.10496210314131386
2024-01-31,270348.79380923347,-0.016451918584924577,0.11209887741979499,0.09564898466921028,0.10033750758670827
2024-02-01,273887.16169719683,0.013003248715730158,0.11409024553135315,0.1126599699274129,0.1396730021119143
2024-02-02,276770.5136056627,0.01047248913399139,0.11590683524797032,0.12036315877090252,0.14930944817817143
2024-02-05,275762.7078264518,-0.003647950413611895,0.1180849761580557,0.12359736560021749,0.1506564734117694
2024-02-06,276563.32181956794,0.0028990650843105327,0.10987912951844583,0.12066872127723896,0.1429998547441173
2024-02-07,278869.98933979776,0.008305878436990563,0.11123101210369042,0.11753451025912576,0.1343176007139106
2024-02-08,278993.1593765711,0.0004415779714367985,0.11080988810551733,0.1184423581278487,0.1335599042674271
2024-02-09,280605.575088958,0.0057627727704729174,0.11101277039948654,0.11484696309636529,0.12530663388460753
2024-02-12,280482.3875440061,-0.00043910244074095726,0.11133508751032561,0.11358064902338104,0.12154098879410453
2024-02-13,276619.29546669853,-0.013868757229167103,0.12397710926402739,0.11013376096472192,0.11480843525440927
2024-02-14,279133.1372648444,0.009046686240123973,0.12302599884310653,0.119623977878408,0.13875872648022455
2024-02-15,281059.0544240635,0.006875942848450045,0.12191095638899388,0.12119720046761234,0.13878397538680803
2024-02-16,279659.4156067592,-0.00499231539201542,0.11899355867623597,0.12050845612963974,0.1348428314126313
2024-02-20,278119.76388482423,-0.005520663692611054,0.12172965685898972,0.11843897035596627,0.13093347901215835
2024-02-21,278371.7065755376,0.0009054683541452599,0.12159819015675621,0.11682014192107074,0.12843244603441137
2024-02-22,284132.7202344095,0.02048415915214324,0.13942469121660273,0.11331604168788187,0.12071919762250234
2024-02-23,284328.6892779923,0.0006894717849503169,0.13899702428828542,0.13569988032889582,0.16267717765093034
2024-02-26,283287.32032031735,-0.0036692767943321577,0.1400004004248193,0.13159322811108007,0.15140492993064747
2024-02-27,283813.6161704108,0.0018560928657411695,0.13818722081440268,0.12837967338164422,0.14368338363941766
2024-02-28,283438.4859347454,-0.0013226228301626267,0.13832429664698337,0.12467778361000795,0.13449655070302374
2024-02-29,284457.4444237536,0.003588543351056355,0.12094925974424502,0.12098895250951984,0.1267338250110435
2024-03-01,287128.0369453154,0.009344575892281015,0.11739786544730457,0.11813016972616203,0.12035038717875694
2024-03-04,286820.08559111407,-0.00107309832251727,0.11391876144861238,0.12015717952120764,0.12425738049276787
2024-03-05,283953.5765505055,-0.010044377765693257,0.12006060162950273,0.11657141248183549,0.1175068916931432
2024-03-06,285392.4336879764,0.005054431487478659,0.1206447658112896,0.11957846866803784,0.12803538414724192
2024-03-07,288225.3620419423,0.009877487790126874,0.12193047249158542,0.11758972913097879,0.12297643778071435
2024-03-08,286495.37890994863,-0.006020274661424839,0.12490103585922666,0.12030329580164469,0.1276811119472684
2024-03-11,286249.0388364019,-0.0008602094794959037,0.12399040236858164,0.118964342774289,0.1265613886111637
2024-03-12,289328.32477209315,0.010699918060827986,0.12850321269641996,0.1153887003180401,0.11944090338947204
2024-03-13,288874.82792880904,-0.0015686422121937878,0.11570543887609372,0.1193597139684441,0.1269976898882652
2024-03-14,288303.7636659183,-0.001978813689731848,0.11361125373341811,0.11588417360436232,0.12023688884925425
2024-03-15,286324.0613818993,-0.006890408122839016,0.11564905079830974,0.11261704413259264,0.11458407157470743
2024-03-18,288025.7512972014,0.005925639243012528,0.11472598593982934,0.11242555714691292,0.11746275565039131
2024-03-19,289626.366497181,0.005541810536598075,0.1124788698129933,0.11140936736394165,0.1150411555537876
2024-03-20,292305.1878627064,0.009206719476402638,0.1152076827578899,0.11014392706038656,0.11238579014684863
2024-03-21,293271.16660313227,0.0032992439304723193,0.0936446539221723,0.11262952758032133,0.11749769308178794
2024-03-22,292715.21189841285,-0.0018975010065971846,0.09441900900117425,0.10994938477745697,0.11198669293160658
2024-03-25,291906.474110405,-0.0027667064812928583,0.0938219895334176,0.10685492451180609,0.10728135051344079
2024-03-26,291367.309749007,-0.0018487527808891328,0.09455357182936838,0.10415678052797717,0.10408155320723145
2024-03-27,293815.9160735185,0.0083687313896172,0.09719133114236768,0.10123929712937596,0.1003470768341225
2024-03-28,293759.78485277994,-0.00019106038871531146,0.09719374716503708,0.10340875602257828,0.10580032852928266
2024-04-01,293248.68610175105,-0.0017413679886112792,0.09338269265652453,0.10026126128460378,0.10081944085340004
2024-04-02,291384.2226495788,-0.006378258032101667,0.09682137866395005,0.09744244765034295,0.09741882272675399
2024-04-03,291704.2371388672,0.0010976534213524662,0.08795800758561056,0.09767519266307267,0.10239750663690007
2024-04-04,288143.7214049169,-0.012281014124839947,0.09908607321962104,0.09479574828402049,0.0976835140720544
2024-04-05,291153.92006767174,0.01039267395864591,0.09974880504437929,0.10357368524453327,0.1211469684417764
2024-04-08,291316.7636372566,0.0005591477078013751,0.09672817090330409,0.10824478638450753,0.1275286268071359
2024-04-09,291653.76105983125,0.0011561389327095105,0.09652422412653847,0.10496973355490713,0.11991840345450884
2024-04-10,288733.3793535295,-0.01006364941677149,0.09680351826310944,0.10187117611069685,0.11316505675791383
2024-04-11,290912.42975960986,0.007518593723336229,0.10029002288563076,0.10623738122408391,0.12477428163709854
2024-04-12,286896.9289871905,-0.01389927441493709,0.11218447319676951,0.10706969964947279,0.12400197696495592
2024-04-15,283302.6749929897,-0.012607169752829874,0.11834249029467371,0.11703467676925457,0.14534163863881336
2024-04-16,282785.9736247941,-0.0018255144771039773,0.11590742160015355,0.12360611820474782,0.15709335806312988
2024-04-17,281112.34931986127,-0.0059359255065672325,0.11457606264516279,0.12005062081118865,0.1471836944215335
2024-04-18,280533.9491301179,-0.002059660664777254,0.10737633573863758,0.1186599294766762,0.14306821924920804
2024-04-19,278085.3077892491,-0.008766819236817585,0.10793668504108893,0.11532350249043828,0.13483665949035195
2024-04-22,280646.2465879521,0.009167038133314601,0.11582841248270424,0.11689148497804126,0.13838955237416256
2024-04-23,283976.56478906714,0.011796749105500264,0.12582957477518883,0.11880406170409548,0.1387263009145036
2024-04-24,283841.7868298516,-0.00047472210562547236,0.1258557862301482,0.12398261857758082,0.1452499514308635
2024-04-25,282763.49312341266,-0.0038061594070713085,0.12075627535179224,0.12021978117716528,0.1359504638268669
2024-04-26,285442.38452165265,0.009429368306899394,0.127234920264054,0.11749327300965268,0.13026086384039462
2024-04-29,286453.23672394786,0.003535097026286542,0.12843985711418768,0.11966935033155722,0.1325561659000864
2024-04-30,281915.4844907023,-0.015967974597117143,0.13776727119037566,0.11683518946938669,0.12545304254161943
2024-05-01,281000.0518620268,-0.0032524717352950525,0.13748088756881424,0.129176910262583,0.1539064919726589
2024-05-02,283628.362132159,0.00930994327964335,0.13715549753749523,0.12587859909773477,0.14547115789474477
2024-05-03,287144.03942059743,0.012319172198751718,0.1393909873124857,0.12729973712257545,0.14495832735490394
2024-05-06,290109.32960512576,0.010273881198256453,0.14471269251632848,0.13239165828164992,0.15161869684912352
2024-05-07,290429.4316353073,0.0011027758488948024,0.14470614621077202,0.13443159580595132,0.15214128384185344
2024-05-08,290457.4972456765,9.663020114817842e-05,0.13994630857367005,0.13040678803735994,0.1419451591499449
2024-05-09,292131.0515178948,0.005745251530074271,0.138870153236292,0.12643463024690574,0.13284989226521826
2024-05-10,292507.4073260654,0.00128748239006523,0.12848131600907978,0.12460197614446585,0.12805219013311506
2024-05-13,292546.6956789467,0.0001343067341584889,0.11817226646217951,0.12090978615661828,0.1204155421264106
2024-05-14,293888.9251784713,0.004577593159699149,0.1178920451833986,0.11722755027812906,0.11364771856507562
2024-05-15,297528.1751917919,0.01230703659154253,0.11953057453170335,0.11504169045042216,0.1098933179768631
2024-05-16,296915.98421726207,-0.002059709667493533,0.11953060116068069,0.12136983946653583,0.12447020630814308
2024-05-17,297342.79859629,0.0014364598883957814,0.11161755876760499,0.11794466839747329,0.11837648844271192
2024-05-20,297685.39863603143,0.0011515423275526068,0.1096846818105293,0.11448793377641335,0.1118421261610432
2024-05-21,298415.5247019195,0.002449673880448063,0.10458180684944869,0.1110904479850491,0.1060108736353396
2024-05-22,297556.22329398256,-0.002883700465006598,0.1058266015042841,0.10812657404898424,0.1013238852410141
2024-05-23,295382.8280296049,-0.007330955831745179,0.10923499859008286,0.10543058601572437,0.0991022877811094
2024-05-24,297337.2309954806,0.006594715394688809,0.10718516219001989,0.10611910671634837,0.1061504896750446
2024-05-28,297544.983043292,0.000698464507274364,0.10713377685074982,0.10603377679423574,0.10663302464052486
2024-05-29,295461.4047353672,-0.007027198779128709,0.09081465870809315,0.102839430396681,0.10139204221649441
2024-05-30,293501.41666050337,-0.006655752244865802,0.09433291583939897,0.10338297809889961,0.10716548688599858
2024-05-31,296174.6529170407,0.009066857916952418,0.09409274788185651,0.1035208153208361,0.11088867462721545
2024-06-03,296416.1957496385,0.0008152095042237412,0.08615151413945754,0.10637927095633151,0.11595004806739431
2024-06-04,296747.4855059748,0.0011170265518690844,0.07980625238719832,0.10318723069192964,0.10962359648440137
2024-06-05,300274.43806146114,0.011815290014300756,0.08835674979304313,0.10013797610177248,0.10404749754722371
2024-06-06,300268.73039522255,-1.9008346239115234e-05,0.0883849545977544,0.10740915092997794,0.11857234243635117
2024-06-07,299903.7198868145,-0.0012163522442247623,0.0875690008768685,0.10413706172350609,0.11204679465046105
2024-06-10,300830.3577498233,0.003085020918349035,0.08779423691053971,0.1010753491223518,0.10681766643362213
2024-06-11,301554.84618218744,0.0024054003217751185,0.08772911031049692,0.09872768113189304,0.10246106664496782
2024-06-12,304031.58814978274,0.008179693720100113,0.09029055136939491,0.09617592887560171,0.09819139795752335
2024-06-13,304643.709091598,0.0020113224602561265,0.08117995977682248,0.09852137059756096,0.10361788821707156
2024-06-14,304829.0506707427,0.0006082030144555557,0.08031485169141642,0.09583965545278368,0.09900524212781273
2024-06-17,307255.1589856943,0.007927409275244882,0.08367939149393074,0.09295008465181998,0.09469529107350844
2024-06-18,308035.84867151146,0.0025376288456781483,0.08371679494710718,0.09524459915381195,0.10022053067907663
2024-06-20,307199.062781313,-0.0027202175644138586,0.08510986946259433,0.09286876653368113,0.09631578626870185
2024-06-21,306787.1653704914,-0.001341715672851589,0.08423994587839373,0.09065877251339798,0.09461215663578536
2024-06-24,305789.86449846806,-0.0032560860251643706,0.0796747042552017,0.0880516399048486,0.09170508054940033
2024-06-25,306967.46459418617,0.003843614721743255,0.07802888322052916,0.08630300983818927,0.0914635587110777
2024-06-26,307350.6135756713,0.001247396242376995,0.0779696549193124,0.08499817853069724,0.08994323713450025
2024-06-27,307835.1349115157,0.0015752037078929273,0.07098033712601848,0.08255141193700329,0.08683083409351439
2024-06-28,306623.74403101136,-0.003942956938102705,0.06711460991311327,0.0802705937990507,0.08422093983860326
2024-07-01,307254.8088221213,0.002055993031439559,0.062001735995377574,0.07932109054650559,0.08643900821370377
2024-07-02,309322.52472019295,0.006707102376192651,0.06420291316221138,0.0773190736120078,0.08408925342454697
2024-07-03,310702.9395573441,0.004452775563253674,0.06459485749414709,0.07937078402353752,0.08888697574985682
2024-07-05,312494.6215108857,0.005749980429612613,0.05572028270481926,0.07887664732731114,0.08856242495485663
2024-07-08,312855.1849419178,0.0011531576959554694,0.0553123387846959,0.07967518786352518,0.09047130951366647
2024-07-09,313159.44207042485,0.0009720448671180025,0.05412950689382304,0.07737799163986796,0.0872732982243569
2024-07-10,316258.2146089489,0.009846554326193864,0.06059296865634117,0.0751159026285946,0.08448008885636699
2024-07-11,313531.28076850483,-0.008659880491193954,0.07240309322066867,0.08227884865126728,0.09794432232292909
2024-07-12,315508.86456290766,0.0062876441966477166,0.07053026906800156,0.08658823577540134,0.10902933984389594
2024-07-15,316376.56989659474,0.002746402533663653,0.07060041786235723,0.08743816329106248,0.10848310653239793
2024-07-16,318252.74632028094,0.005912685851866239,0.07182381891444271,0.08544444093158184,0.1036739445168319
2024-07-17,313790.47184517747,-0.014120390787582997,0.0889239028267311,0.08597267199037595,0.10332292556047389
2024-07-18,311379.0353839311,-0.007714542673316215,0.09395681477324182,0.09981247467949614,0.13196134619624747
2024-07-19,309311.24945314496,-0.006662883667014575,0.09677130643257326,0.10131452277764338,0.13360117502502006
2024-07-22,312500.22412805224,0.010257136670452279,0.10267221256633395,0.10158736209674749,0.13278390255290534
2024-07-23,312010.0651586838,-0.0015697389728439102,0.10193377090440234,0.10626170741135002,0.1365607878541563
2024-07-24,304939.14209806744,-0.022923224819985558,0.13192335342944664,0.10320520495863063,0.12871814881322033
2024-07-25,303350.2748859591,-0.00522406203758237,0.1328925155618587,0.13400524587221027,0.1848299527985647
2024-07-26,306747.7369521809,0.011137545509249756,0.13920580584063705,0.1315013263335529,0.17499672152243492
2024-07-29,306928.00115951826,0.000587490106996234,0.13850734560500547,0.13464992420269006,0.17360656423339077
2024-07-30,305372.994764911,-0.005079233083204734,0.13944896754202632,0.1305679307841904,0.16125495449131277
2024-07-31,310336.73849278805,0.016123998047020565,0.14938370346482063,0.12812174070023277,0.15404448485462013
2024-08-01,305942.04558725754,-0.014262270626144649,0.1568419291189349,0.13914459136639665,0.1697663194273615
2024-08-02,300245.8647139112,-0.018794002453845982,0.16716296989063928,0.14585999863890253,0.18099950423382483
2024-08-05,291501.5974792204,-0.029556202076937217,0.19302352374106443,0.15918302207735585,0.2037502625588991
2024-08-06,294189.15542589006,0.009177460278427746,0.19770525994483754,0.19242464747156462,0.25984266931205824
2024-08-07,292222.81188217783,-0.006706380575804223,0.19194878719032113,0.18994500258752217,0.2444706393018518
2024-08-08,298978.1675308818,0.022853986752044243,0.2131249912724331,0.18599566645155888,0.22970872388847668
2024-08-09,300296.60341562686,0.004400111854689646,0.21221062416746597,0.20103724004429802,0.24879519918231394
2024-08-12,300454.35210522567,0.0005251716764651268,0.21163202080408433,0.19566234092097984,0.23035223762285056
2024-08-13,305395.5102826496,0.016311855607340702,0.2202134129198177,0.1897126688742169,0.21261649932658214
2024-08-14,306358.9503371719,0.0031497632238619132,0.21616624778130422,0.1945623849150167,0.21682244965943992
2024-08-15,311610.0382929842,0.01699507399964181,0.22394179920109955,0.18903242042805735,0.2008263394543223
2024-08-16,312308.68465366703,0.0022395437963188825,0.222634976889647,0.19482404528996505,0.20900458358875001
2024-08-19,315294.73953806935,0.009515809830530682,0.22221844338335797,0.1890895537007846,0.19344574076159268
2024-08-20,314782.10006731964,-0.0016272287811366646,0.22222545059404086,0.1870259163512005,0.18643069580943902
2024-08-21,315863.86039313034,0.0034306455748539504,0.20445304957129495,0.18143871591035637,0.17340861676251956
2024-08-22,313384.7723295965,-0.007879559084560554,0.2058685463935983,0.17641643752416689,0.16183047049328494
2024-08-23,316714.6178098881,0.010569368994362623,0.20553002034084883,0.17376465730310478,0.15905468586323274
2024-08-26,315959.5951139658,-0.002386767277453919,0.2059947511746962,0.17341160734334685,0.1589976373611663
2024-08-27,316393.48279716645,0.0013722958468873907,0.20455044739257364,0.1683847495981575,0.14926411524413527
2024-08-28,314556.7347917906,-0.005822181029960844,0.19888393260803316,0.16334225535750962,0.13939381374715168
2024-08-29,314584.8529266958,8.938571371778869e-05,0.19095378981127042,0.1599762027814738,0.13618322736469984
2024-08-30,317587.8907443845,0.00950075888805696,0.17719883261881267,0.15510307261579448,0.12769901112205406
2024-09-03,311052.192704971,-0.020793880965828834,0.15762117721857094,0.15484942159671622,0.1306165651875656
2024-09-04,310415.5603130517,-0.0020488033740170314,0.1570541051527594,0.1705207063945541,0.17670091929647247
2024-09-05,309660.6076498438,-0.0024350332273595926,0.15437571492228636,0.1655177944245043,0.16488660298036806
2024-09-06,304449.0181450565,-0.016973238662515072,0.15078197832345053,0.16075454638540304,0.1545580307861986
2024-09-09,307857.6504292544,0.01113385717004114,0.15469498151422276,0.16925553489521666,0.17809962388828277
2024-09-10,309198.6018317379,0.004346292606158173,0.1550539117410365,0.16971419237178442,0.17622243074939814
2024-09-11,312370.59357335884,0.010206488034437801,0.14866721049488343,0.16540965325297072,0.16495834349447186
2024-09-12,315001.82770932483,0.008388158212736831,0.15075964687713825,0.16520841032958464,0.16321794737930082
2024-09-13,316647.0012239582,0.005209151539453583,0.14000112315141497,0.1634626900238201,0.15838090009214226
2024-09-16,317114.64467558806,0.0014757710237875109,0.13992331803408523,0.15977212865709803,0.14983506159641463
2024-09-17,317244.2051975672,0.0004084770751017805,0.13604859743981973,0.15501108011886305,0.13992260290521727
2024-09-18,316303.350693498,-0.0029701170400663716,0.13638506734550043,0.15029721117597405,0.13099682550830208
2024-09-19,321700.87705550395,0.01692043689726468,0.14844228133447368,0.14617550788672504,0.12497224025347387
2024-09-20,321144.7122526408,-0.0017303220271776328,0.14517895494542762,0.15625017207566702,0.1513197659434997
2024-09-23,321947.252145408,0.0024958803835512643,0.14105529354142027,0.15163950274825883,0.14196669565383138
2024-09-24,322868.4274566793,0.002857175987110122,0.14070219008083892,0.14733993104286583,0.133194485679668
2024-09-25,322156.2997984391,-0.002208064024475186,0.14117722923198525,0.14328273935407507,0.12556493675014613
2024-09-26,323433.5914633664,0.003956980581126358,0.13925356017170348,0.1391828475770287,0.11946676806386096
2024-09-27,322964.5473574448,-0.0014512547610361828,0.1395516889862233,0.135817147331627,0.11429016715224415
2024-09-30,324258.7169065868,0.003999149429335517,0.1366065739224402,0.1318004723106486,0.10894872682160944
2024-10-01,321353.82993838645,-0.008998916101101838,0.11654684242377267,0.12872800688716787,0.1051625267023657
2024-10-02,321489.5183228916,0.0004221507055717087,0.11584052692133279,0.12961894458586515,0.11550725547618788
2024-10-03,320901.733749394,-0.0018299898562927392,0.11557002082321999,0.1256809496361313,0.10925118085471931
2024-10-04,323817.86096828483,0.009046249344484919,0.094558405992164,0.12205979617388477,0.10483290718335815
2024-10-07,320890.4234659888,-0.009081495282844342,0.09886203842705986,0.12345856703685207,0.11107773100376868
2024-10-08,323925.2911524556,0.00941320140680441,0.10199372472252735,0.1247978240342309,0.12029028939127946
2024-10-09,326168.8942132031,0.006902421276762989,0.0992452974125597,0.12641117626547543,0.12437372840711153
2024-10-10,325598.1626057066,-0.0017513366083892925,0.09731503929613221,0.125464604005665,0.12254503656181595
2024-10-11,327547.87337970536,0.005970231641352208,0.09772043514967943,0.12183292086759062,0.1164350523883022
2024-10-14,330226.6947452307,0.008145149738264036,0.10035649740834725,0.1203810499969746,0.11423284763060779
2024-10-15,327660.94119740004,-0.007800014519379521,0.10617233093007628,0.12093475326002795,0.11650468133950144
2024-10-16,329085.05644845124,0.004336889720809367,0.10514994371323881,0.12110989182564026,0.1211733848127312
2024-10-17,329113.3146487856,8.586530016675674e-05,0.08919597108184814,0.11862519026070378,0.11616909977967427
2024-10-18,330379.2610139504,0.003839157457700027,0.08901042101274988,0.11501187371751426,0.10989313016632207
2024-10-21,329836.7175740737,-0.001643533569616522,0.08955635051880532,0.11250299051859042,0.10581744399331273
2024-10-22,329661.56575490086,-0.0005311668816083055,0.08953767516246354,0.1092627552568425,0.10167959504845962
2024-10-23,326649.2836188872,-0.00917950172822984,0.09607403852261442,0.105954304469286,0.09734118810934704
2024-10-24,327355.7386272461,0.0021603971195919584,0.09547416463780489,0.10875107414344007,0.11017749324163134
2024-10-25,327242.6708095514,-0.00034545705332983883,0.09523904471199857,0.10577219943497307,0.1048348644027284
2024-10-28,328254.3283880643,0.0030866911152263167,0.09486883459532225,0.10255874956539558,0.10002718279051077
2024-10-29,328785.52652817854,0.0016169437877313257,0.0878267746669592,0.10015616573995646,0.09655038908278206
2024-10-30,327790.92191566667,-0.0030296711849809445,0.08904880278276045,0.09730834205062594,0.09267458203198092
2024-10-31,321365.1402217916,-0.019797986816746972,0.11546598195261377,0.09507662019612587,0.09194348863545689
2024-11-01,322721.5338378407,0.00421184190213819,0.11169621460639781,0.12009841526524864,0.1501805163710607
2024-11-04,322026.35409652966,-0.0021564398231187143,0.106972930146212,0.11758586022504916,0.14162718740879138
2024-11-05,325920.2780764324,0.012019418467132724,0.1103056792433848,0.11431167907068455,0.13362891043281977
2024-11-06,334024.4287916533,0.02456132471416596,0.1385133722537331,0.12028076591208157,0.1417989683496746
2024-11-07,336607.1652727705,0.007702438336986977,0.13990879076636187,0.1507338250221874,0.1930382692875251
2024-11-08,338065.2463903945,0.0043223447779610555,0.1393570590671022,0.14917934675167593,0.18340404320346468
2024-11-11,338387.3968774776,0.0009524702568427628,0.13718488062255438,0.14560800367026674,0.1713731625901591
2024-11-12,337336.2058315824,-0.003111307314593902,0.1340699758496998,0.14122077094632135,0.15924060930983755
2024-11-13,337500.11740006466,0.00048578171050621643,0.13366836434542126,0.13745207493503087,0.1500739725809463
2024-11-14,335329.9436405577,-0.006450904651843491,0.13641716333925516,0.13327811750556423,0.14008695607630806
2024-11-15,331034.80223880726,-0.012891440947339185,0.1443882330269201,0.1316300857417645,0.13787815163960335
2024-11-18,332391.1958548564,0.004089063467227235,0.144903542423329,0.13711189649146444,0.1522334555470095
2024-11-19,333606.2634528765,0.0036488696140839624,0.14531181972174584,0.1338824293300161,0.14335102880819395
2024-11-20,333719.2962542139,0.0003387635937938198,0.14067411370364905,0.13057697362916787,0.1351133126994696
2024-11-21,335510.76810961176,0.00535384236293211,0.1414567583408498,0.12660592585855987,0.12670488018602616
2024-11-22,336550.68388845894,0.0030947069072718297,0.141475559249634,0.1245018509534116,0.12219430534285738
2024-11-25,337692.2871688811,0.003386329321461947,0.14152686273393436,0.12130736030969332,0.11597240979945336
2024-11-26,339455.57085665915,0.005207984201247618,0.14216663710401414,0.11834665853601914,0.11071700228860985
2024-11-27,338426.8953285026,-0.0030349695384306137,0.1421689252273462,0.11651470703298435,0.10819481405208663
2024-11-29,340529.31243665016,0.006193105840617318,0.11820875636768845,0.11357995978157048,0.10519721248343296
2024-12-02,341139.6475442436,0.0017907087061853802,0.11816375037289795,0.11272224170337845,0.10509520410031656
2024-12-03,341297.8864628445,0.00046374624357967364,0.11707439578182102,0.10950986215740276,0.10021518499446755
2024-12-04,343417.1814552067,0.006190317284595953,0.11280692067721557,0.10618906267170493,0.09576814471480775
2024-12-05,342852.0524648769,-0.0016469603768870177,0.0782463497632652,0.10573054825290158,0.09724532265393761
2024-12-06,343501.9560562098,0.0018937859399091753,0.0745772980130612,0.10270941815866304,0.09424020713098243
2024-12-09,341733.03473490785,-0.005162974087666759,0.07656990010088419,0.09985238030511312,0.09076449722572066
2024-12-10,340670.5684219648,-0.003113896721915936,0.07763217441479223,0.098870173758629,0.09424970670767517
2024-12-11,343304.1836702266,0.007700951696429567,0.08069059057309794,0.09661988117243032,0.09339581666261197
2024-12-12,341535.2273325673,-0.005166058621684971,0.08349901491862041,0.09834614260769403,0.09863374825428638
2024-12-13,341467.47068120795,-0.0001984081520574358,0.07934851910309247,0.09744316776719815,0.10066157126120918
2024-12-16,342925.5167824747,0.004260851101218353,0.06103332216275543,0.0944778063814638,0.09631371807625991
2024-12-17,341512.60676575685,-0.004128677159093004,0.06379055174253323,0.09308594903952087,0.09459223095485514
2024-12-18,331334.3671754372,-0.030256555956807988,0.12841177212239735,0.09166694833659135,0.09532743234934023
2024-12-19,331232.57462479034,-0.00030726722094280595,0.1283868429016827,0.1474462696348016,0.20457179801066414
2024-12-20,335211.06310755253,0.011939601550311148,0.13427694248533115,0.14295945512703553,0.18934664063210915
2024-12-23,337218.37578929606,0.005970347305424341,0.13555059480181636,0.1461731139078944,0.1874003720398048
2024-12-24,340966.561690151,0.01105369304950175,0.140653042063278,0.14360897459978939,0.17638217178037113
2024-12-26,340989.32232239057,6.675104000592999e-05,0.1395416367404186,0.14571736127366475,0.1746048988317328
2024-12-27,337399.8655691387,-0.010582392275623641,0.14436881194109208,0.1412784618551973,0.1622056137461623
2024-12-30,333549.6069867788,-0.011477170799027063,0.14765653489520136,0.14302192627146693,0.16516978227458376
2024-12-31,332336.11512483674,-0.003644749136380148,0.14753718768920754,0.1456696396231331,0.1697895343026537
2025-01-02,331519.5336727956,-0.0024601187482908623,0.1474367029670197,0.14194126363047732,0.15994928906236863
2025-01-03,335664.66499990853,0.012425907778826623,0.1532704664760144,0.1379492370682119,0.15016775025857781
2025-01-06,337598.3032659104,0.0057440960628536535,0.15518079310820782,0.1422067812421529,0.1560837347507007
2025-01-07,333782.0455664807,-0.011368515054306952,0.15924638659099802,0.13967204968717686,0.14839212404437627
2025-01-08,334269.68335812405,0.0014598805964767497,0.15892509379932881,0.1424497833281365,0.1559792101973504
2025-01-10,329166.2943973679,-0.015385025218401082,0.1667594372126367,0.1382268021930671,0.14543559615219348
2025-01-13,329676.6578048936,0.0015492721229021598,0.163549975019237,0.14676218453174197,0.16599578633666157
2025-01-14,330130.2947136069,0.0013750597154496876,0.1635320443824035,0.14241868617204928,0.15445894490383238
2025-01-15,336135.35487462283,0.018026511732779214,0.17791243893357858,0.13818352280115243,0.14405694877745676
2025-01-16,335488.88288630446,-0.0019251008275888758,0.17693698135382255,0.15120293088800582,0.1687676645139074
2025-01-17,338857.1763269023,0.009989889929410455,0.18078331665756833,0.14678767540262022,0.15769604704831414
2025-01-21,341958.89023943886,0.009111816024503819,0.14498855099791882,0.14752209533226185,0.1566426119929941
2025-01-22,343881.2182220355,0.005605776019599255,0.14548711729638786,0.14735108885402065,0.15402561954057062
2025-01-23,345758.2000219396,0.005443385006416539,0.14129289374898016,0.14451555148834364,0.1464188893638811
2025-01-24,344748.81850665057,-0.0029235973195673635,0.1411285300599224,0.14170276003812302,0.13953672487736948
2025-01-27,339872.1954757151,-0.014246438281664707,0.1459631088529963,0.13785546372971844,0.1324435358023979
2025-01-28,342792.524657481,0.008555728484992125,0.14921275394861636,0.1446812065317137,0.15263033705895845
2025-01-29,341255.79680137994,-0.004493046450411563,0.14484373389315627,0.14416478016314077,0.1495759043289533
2025-01-30,343087.3623858767,0.005352782250005734,0.13845987968148588,0.14086060237401196,0.14304565782712972
2025-01-31,341261.4694512612,-0.005336159520700757,0.13940574427301852,0.13814640488871543,0.13646783527677372
2025-02-03,338964.92165828875,-0.0067523299557533676,0.14176411692775848,0.1355356018207888,0.1328718686646695
2025-02-04,341238.8138680936,0.006685939995984255,0.1370741146428687,0.13400405244588026,0.13234547011056216
2025-02-05,342622.34516104375,0.0040462399780631896,0.13639656080748133,0.13249736611452795,0.1289999895381956
2025-02-06,343813.181439818,0.0034696265774842804,0.1288906229557582,0.12942088093505769,0.1227453179682732
2025-02-07,340666.01629551686,-0.009195859662973344,0.1343476400301936,0.1262014175139259,0.11673880670358638
2025-02-10,342979.6170544904,0.006768446922308987,0.12097574280155551,0.1274746841529024,0.12501569887630573
2025-02-11,343240.4889163131,0.0007603154501593059,0.12105191238250188,0.1263625060088625,0.12286156700355902
2025-02-12,342134.70736940025,-0.003226794644375381,0.12246889417013763,0.12254866181503465,0.1157579260193003
2025-02-13,345746.85472217714,0.010502332823355408,0.11167141634002989,0.11947600830916712,0.11197051055485437
2025-02-14,345729.8017561761,-4.932333100398369e-05,0.1111256505604126,0.12282412779319245,0.12060414497424851
2025-02-18,346744.820904989,0.0029315727754616163,0.10671322213943431,0.11908256450827971,0.11385633306242808
2025-02-19,347561.40235703014,0.002352223849337765,0.10264460759850058,0.11601620928997998,0.10851528772727051
2025-02-20,346115.4018826717,-0.004169095924714869,0.10245475821884756,0.11285315006388096,0.1034677410189802
2025-02-21,340195.3964535171,-0.0172521029137434,0.11791911308944229,0.11060962727684258,0.10282838099712115
2025-02-24,338647.3933303681,-0.004560719594200427,0.11845012349259747,0.12649372434366926,0.1446142843441188
2025-02-25,336963.2115937119,-0.004985668410194961,0.10876885225157415,0.12391578199838849,0.13879595257745217
2025-02-26,337133.35607379203,0.0005048074470457305,0.10357799874398253,0.1216949051347739,0.1343392456228905
2025-02-27,331752.0072688548,-0.01609084368951574,0.11640196959901043,0.11800391509463509,0.12599724726845635
2025-02-28,336929.21071078174,0.015485127308540226,0.1290784577214399,0.13040025739501215,0.15474306174198219
2025-03-03,331026.22323127085,-0.0176752545465689,0.14152669270306367,0.14003423052068795,0.16832642507784562
2025-03-04,327107.9278666932,-0.011907425423236062,0.14518883316636197,0.15217332117869511,0.19059628082310287
2025-03-05,330623.64017148886,0.010690518621827969,0.14893355016464183,0.15463224959436875,0.19177830173462343
2025-03-06,324754.65357490827,-0.017910704538314063,0.15804673885200798,0.15557791278456415,0.18702952064346354
2025-03-07,326574.87385964254,0.005589259957291294,0.1593142650553563,0.1661403412357943,0.2054221741200165
2025-03-10,317876.39051211055,-0.02699664698840833,0.1802811889781671,0.16253861814678544,0.19211518222266535
2025-03-11,315233.91612545395,-0.00834764401589645,0.17685647995422157,0.18934998481332815,0.24184593658336137
2025-03-12,316906.6825296331,0.005292399545864126,0.17926372394890455,0.1864291316623962,0.2294439846656713
2025-03-13,312682.2041368973,-0.013420001156743909,0.18231279482105794,0.18191749612915648,0.2134535886873082
2025-03-14,319140.86619026924,0.020445239612408243,0.19606295153695175,0.18393312619389232,0.21430987128747986
2025-03-17,321601.8507970833,0.007681700136869067,0.20001178920384852,0.1952480204704767,0.2295124949595784
2025-03-18,318125.8820578136,-0.010867132276542563,0.20001695828181618,0.19164209063958798,0.21572505473715706
2025-03-19,321590.5054973208,0.010831854183907677,0.20593853273628096,0.19054836461338978,0.21083610609732525
2025-03-20,320660.5760967265,-0.0028958458058047742,0.20596467442103628,0.1894839675675914,0.20372895976587435
2025-03-21,320766.3605121046,0.0003298408916107465,0.2001290680086412,0.18405629215531685,0.18971571885325025
2025-03-24,326510.7939257989,0.017749998419641904,0.21298957136637167,0.17845380506353425,0.17581681262118848
2025-03-25,327295.6855744911,0.0024009918847898173,0.21314949903148264,0.18627602921707792,0.19147711982908608
2025-03-26,323388.3153133884,-0.0120101838180093,0.21622999739285478,0.1808424638162588,0.17764758475471115
2025-03-27,322529.50413445354,-0.0026591979944053977,0.20985007714127296,0.18144622891634715,0.18131659565145855
2025-03-28,316034.3200204265,-0.020343802390390194,0.2101305943605703,0.17622227021112913,0.16942467458872262
2025-03-31,318155.78602694074,0.006690340639071374,0.20562147565932043,0.18827838452205542,0.20077095884241125
2025-04-01,319054.3757877589,0.0028203892854404026,0.20281998812964627,0.18438710969177596,0.18904017399188677
2025-04-02,321073.48898190976,0.006308489292525458,0.1999758856104278,0.17910601144173185,0.17559999982164612
2025-04-03,305250.7526616062,-0.05053645585648025,0.2600665684499071,0.17537376296430124,0.16627861301967564
2025-04-04,287380.4523568525,-0.060326622837697,0.3274030331333112,0.25985779167567236,0.33978660383738263
2025-04-07,286868.5657377845,-0.0017828041094357335,0.3184689009006467,0.34423937179914527,0.4767270556369846
2025-04-08,282375.42434372846,-0.015786674208856197,0.32055307353713935,0.3338244413686906,0.43744445562296375
2025-04-09,312030.3046131987,0.0998628357094885,0.49247011102786026,0.3294246874846646,0.41302155886561737
2025-04-10,298357.4675815303,-0.04480799000706457,0.5152362915981088,0.5027871188631667,0.6963956061451929
2025-04-11,303680.9693642217,0.017685384218530546,0.5137080689277995,0.5176721587301711,0.6922685890880175
2025-04-14,306627.1056013114,0.00965466210470081,0.5142732609827504,0.5065910787321908,0.6419747923302401
2025-04-15,305768.25940601924,-0.0028048767428243025,0.5133047710444671,0.49259092845216296,0.5905270012518908
2025-04-16,298971.68950478296,-0.02247860785911528,0.5158886607520742,0.47770914530593167,0.5415836660394484
2025-04-17,299398.2237529525,0.001425654301671639,0.5162000297452738,0.4713317489465361,0.5150288347611153
2025-04-21,292271.7297333144,-0.0240905884546274,0.5210957006403331,0.4570067086627298,0.4721904684538517
2025-04-22,299876.021948197,0.025685178243573123,0.5263548425127966,0.45287836491996497,0.4571901709931974
2025-04-23,304522.6925607982,0.015376479314359317,0.5305295755029469,0.4502976545959977,0.4443128210851571
2025-04-24,310932.6118448202,0.02083059814689945,0.5364043360985644,0.4406549819825976,0.4165705936096653
2025-04-25,313179.15627958026,0.007199204541297805,0.537375428709958,0.4348413288809856,0.4001196974998106
2025-04-28,313298.5970743021,0.0003813089787453269,0.5327371610370417,0.42252267399600874,0.3691818778063848
2025-04-29,315272.1539876165,0.006279526672721633,0.5326662791031828,0.40965361445242593,0.33901362827347054
2025-04-30,315397.3374649341,0.00039698599871489766,0.5325380666671593,0.3979237835654335,0.31317816977988133
2025-05-01,317632.50158357434,0.0070618263772475875,0.5326739396554359,0.3858045102839024,0.28795627315494954
2025-05-02,322347.48910925153,0.014735063297608299,0.500854796120447,0.37505791306120634,0.2675562733220163
2025-05-05,320499.04564054025,-0.005750823759932361,0.44396575343118894,0.3681184834634791,0.2597947824844719
2025-05-06,317820.1892586576,-0.00839351836127381,0.44601030621434906,0.3576039611651999,0.24243267997517828
2025-05-07,319156.79863283696,0.004196733512662467,0.4391729290860765,0.348242701077643,0.23002552045799537
2025-05-08,321380.6174517147,0.00694363107591742,0.26572318350165797,0.33802796069841207,0.2132698596207703
2025-05-09,320971.1361695462,-0.0012749442508005677,0.20258242241151125,0.3288405752798314,0.2004432568333929
2025-05-12,331578.396169403,0.03251307025338344,0.2221017136968956,0.3188613081167564,0.18589515746265492
2025-05-13,333768.10905627866,0.006582196721572549,0.2214032346552871,0.3339992961266404,0.2543931815878526
2025-05-14,334194.6783208055,0.0012772248112518918,0.22015093812698036,0.3248342296728744,0.23693222773665856
2025-05-15,335827.00083231274,0.004872456494125475,0.19585375811682992,0.3149776269289661,0.2186042815890006
2025-05-16,337954.1394887083,0.006314055398808537,0.19516905469971152,0.30596929996657574,0.20339236026501636
2025-05-19,338323.8071726361,0.0010932419800794005,0.16106744666143138,0.2976625157453858,0.19098139046068408
2025-05-20,337186.3008060172,-0.0033678472856404538,0.14973817075806312,0.28862582347192717,0.17695104734677666
2025-05-21,331504.47663916025,-0.01699428526048912,0.16569824120420273,0.2801393778708892,0.16607640942104224
2025-05-22,331635.2627336445,0.0003944450570966118,0.15403579080856775,0.279528405412331,0.18665238143146187
2025-05-23,329371.6303165262,-0.006849070077128115,0.15726394575411984,0.2710171842160442,0.1730430872614411
2025-05-27,336219.46416483744,0.020577425194398112,0.16948514944252244,0.26410712008028364,0.16691406890830648
2025-05-28,334274.2705009294,-0.005802288733407322,0.17228863786741935,0.2682716621081264,0.19422185468138425
2025-05-29,335593.7918927504,0.00393965072399396,0.1720576162969692,0.26107573980279025,0.1840077418178159
2025-05-30,335218.416542584,-0.0011191668387277528,0.17201192538610788,0.25358545821459283,0.1716546679693302
2025-06-02,337106.7086258932,0.0056172139869224615,0.16650347226444864,0.2458987349726588,0.15988258576017292
2025-06-03,339029.10664120445,0.005686440954790928,0.16415774534288258,0.23940613892560234,0.15159953541501175
2025-06-04,338938.0641122461,-0.00026857503853599754,0.15926343775786705,0.23316366747034503,0.14437691798503352
2025-06-05,337300.0339345003,-0.004844546280782412,0.1617397737572881,0.22606297512574755,0.13510830043940875
2025-06-06,340763.7819650753,0.010216673057181384,0.16327147261150568,0.21998422985473692,0.13093924247685038
2025-06-09,341070.91043488024,0.0009008884235444103,0.1627102792306791,0.21695093794694173,0.13496195677204162
2025-06-10,343004.68876631133,0.005653712790524381,0.12067915339975979,0.2103709064931832,0.12654535402422043
2025-06-11,342026.4367926547,-0.0028560823067475356,0.12025828730571726,0.205143525273897,0.12245877212242501
2025-06-12,343385.73676635907,0.0039663776285300606,0.12065283621090496,0.1992038427364663,0.11737156495273493
2025-06-13,339546.64840197505,-0.011243071461252661,0.1277749998964305,0.19375012473254544,0.11246623679969331
2025-06-16,342777.1524766303,0.009469193978652967,0.1301316132872094,0.19286791547790616,0.12796060469118858
2025-06-17,339848.0692055416,-0.00858187232150303,0.13421981076744233,0.19058304029157,0.1307577859803454
2025-06-18,339796.9103075385,-0.00015054594572687163,0.13356188100573096,0.18776620394526622,0.13462044628351374
2025-06-20,338998.85250850464,-0.0023513940730324366,0.11742936893813061,0.18204703014411092,0.12635668557161842
2025-06-23,342347.3266908754,0.009829074390542184,0.12136798209296677,0.17673780922888052,0.12029070575003617
2025-06-24,346129.30337651673,0.010986617591926153,0.12143302474777057,0.17556432397668345,0.12539788132018975
2025-06-25,346323.2589795552,0.0005601989757994568,0.10092531075462818,0.17549510855231304,0.13247941903026503
2025-06-26,349032.8247067826,0.007793357978436349,0.09944077206578934,0.17016276367165423,0.12433295887983467
2025-06-27,350766.9397689367,0.004956042284317412,0.0997469768734203,0.16773902042185415,0.12416042143498719
2025-06-30,352444.04820142,0.004769867481932665,0.09932880937202156,0.16376684354054152,0.11948086474940696
2025-07-01,352329.96490936377,-0.00032374432351474423,0.09909866502043234,0.15985746474238133,0.11518569605136714
2025-07-02,353927.1660145076,0.004523009419993751,0.0986420986807731,0.15499267474587805,0.1091395747900751
2025-07-03,356716.60405271733,0.007850494106435074,0.10019932502129553,0.15129667741987773,0.10592879934087387
2025-07-07,354058.3723052794,-0.007479847291853869,0.10317343710658278,0.1498302139725171,0.10905949139947349
2025-07-08,353864.45171859825,-0.0005478580007615481,0.09939701486016388,0.1481488540097769,0.11440658898299282
2025-07-09,355986.44297047186,0.005978713525982097,0.10035899808457341,0.1436514399906497,0.10853807147588228
2025-07-10,356990.4319667379,0.002816331623569069,0.09954353633886638,0.14120218366562717,0.10753609041644219
2025-07-11,355735.4457214053,-0.0035216556088504907,0.10000100698131618,0.13733790786119981,0.10289152892835168
2025-07-14,356414.23780750384,0.0019063191555424867,0.09972113641538825,0.13385633343233122,0.10132113736282587
2025-07-15,354891.2013471037,-0.004282376329802698,0.09019455030039188,0.1299900526852695,0.096949111151686
2025-07-16,356077.69559757394,0.0033376856766744096,0.08618629267837287,0.12712533510038987,0.09756394895275006
2025-07-17,358256.7635118329,0.006100992736924411,0.07785005453658586,0.12393400976950818,0.09464019882594613
2025-07-18,357994.3859466467,-0.0007326412728853978,0.07815338179891171,0.12247799308455712,0.09614264016894708
2025-07-21,358673.21304910246,0.0018943993182296542,0.07600318094019944,0.1187809880525026,0.09261495627401398
2025-07-22,358724.5470288921,0.00014311162575037843,0.07181865590867273,0.11539778861343879,0.0893524195720734
2025-07-23,361776.3976486454,0.008471519417238418,0.06826797477649987,0.11188369099932954,0.08635488550558475
2025-07-24,361896.1535905829,0.00033096721113886165,0.06834628453410925,0.11336663666367436,0.09518428129147032
2025-07-25,363424.9327335787,0.004215461085308322,0.06558644775325512,0.10992056624702067,0.09138705665387756
2025-07-28,363333.6801064768,-0.0002511222460092056,0.0650978197085824,0.10782515071590376,0.09034461822603695
2025-07-29,362375.3174237617,-0.0026411777808746364,0.06586392577527023,0.10454492260514339,0.08734590307465923
2025-07-30,361918.984255537,-0.001260076815589821,0.06626955736786663,0.10187903018494879,0.0869049553897709
2025-07-31,360561.3650669827,-0.0037582220409762,0.06750635129019672,0.09889683525213389,0.08500673340496034
2025-08-01,354651.58441415726,-0.016526309157471917,0.08699697225989508,0.09699127477821266,0.08673896804068712
2025-08-04,360042.21255377674,0.015085426488696806,0.09839109524124079,0.11389656106733817,0.13216229014378617
2025-08-05,358216.80984816334,-0.0050828644784023744,0.10053185714664173,0.12503975696496525,0.15001255299783997
2025-08-06,360960.6565891793,0.007630550684626024,0.10186374401113706,0.12283109257630939,0.14422160853447527
2025-08-07,360658.2903439661,-0.0008380219621276279,0.10167958107418956,0.12272976516717643,0.1407530551247625
2025-08-08,363470.5590471298,0.007767354786698789,0.10361887649063906,0.11903553262930805,0.1320659179802616
2025-08-11,362751.8132973615,-0.0019794101966931267,0.10412246020505365,0.11929588160714165,0.13062924704130102
2025-08-12,366613.6973103424,0.010589807297839237,0.10766290276599699,0.11591746229532655,0.12374766670512344
2025-08-13,367868.6485393176,0.0034172433341554263,0.10768005877118209,0.11969237295000182,0.1301160969135272
2025-08-14,367902.8595203916,9.299349247410416e-05,0.10647572251236516,0.11680433587915823,0.12320495707899584
2025-08-15,367041.5271637317,-0.002343939940534983,0.10704152193411748,0.11324658256186071,0.11613333331088788
2025-08-18,366961.6198363922,-0.00021773020451421857,0.10713484433745378,0.11017427675020074,0.11131764803347861
2025-08-19,364970.799858933,-0.005439914487620579,0.10962934282014053,0.10682127956257796,0.1056873855238823
2025-08-20,364001.05686009815,-0.002660578901471338,0.1064580715658631,0.10570515496506558,0.10703164689321114
2025-08-21,362540.73469560745,-0.004019931538727181,0.10755938688797437,0.10300579906972446,0.10374190143251169
2025-08-22,368108.2304559071,0.015240159872821495,0.11961289267804623,0.10108372712292928,0.1028140764270561
2025-08-25,366488.1286530946,-0.00441086975021496,0.12092816239405914,0.11452795853725124,0.1299303623876268
2025-08-26,368022.6504786864,0.004178356810402774,0.12105216677674485,0.1123557980766571,0.12582740076766658
2025-08-27,368861.1871867493,0.0022759002902504972,0.12091506243637774,0.1101379628654797,0.1200825927062712
2025-08-28,370167.472395514,0.0035351445501906813,0.11991582473917142,0.1071488031241203,0.11363281409861936
2025-08-29,367959.9011664196,-0.005981563318844179,0.1038771488555534,0.10479013515009718,0.10879357070248287
2025-09-02,365233.2124404766,-0.007437880268736821,0.09628060687606606,0.10422616786257523,0.11071668934207204
2025-09-03,367212.6170854587,0.005404930669076324,0.09509306496088524,0.10510841076815243,0.11562837801715105
2025-09-04,370281.5556875703,0.008322659161209164,0.0957394844174286,0.10405102622983395,0.1126913411339899
2025-09-05,369209.14472915645,-0.002900406210926883,0.0966189715534221,0.10594494290563952,0.11563888383314698
2025-09-08,370116.1384157246,0.0024535726350921865,0.09360181654837499,0.1033347274502179,0.11147714996124024
2025-09-09,370971.79812250327,0.0023091998798483336,0.0930849211601918,0.10063997528693233,0.10612651838720037
2025-09-10,372044.2440972744,0.0028867390704374655,0.08647266222127005,0.09798635771359028,0.10134807584281169
2025-09-11,375136.0133643402,0.008275879568524734,0.09011452201938909,0.09566214323599634,0.09754012793763442
2025-09-12,375010.4797234496,-0.0003346910056078376,0.09018300086109737,0.0981720045175855,0.10334269628831837
2025-09-15,377007.0073671473,0.005309802946903712,0.09055911849195329,0.09519018665780421,0.09871369133135582
2025-09-16,376487.924886656,-0.001377799744597036,0.09091660092054209,0.09457163807767716,0.09814314683827567
2025-09-17,376020.1763859543,-0.0012431721602779884,0.08797442436721895,0.09184699138715957,0.09479087976260679
2025-09-18,377777.1221130625,0.004661595132299128,0.08722742288029128,0.0891800720441756,0.09178232608346541
2025-09-19,379648.1861485843,0.004940600270665636,0.08499007975849263,0.08834288216251218,0.09130369166068474
2025-09-22,381444.315179502,0.004719879284541958,0.07076869206802314,0.08777966192857205,0.0913291561735056
2025-09-23,379367.91522482206,-0.0054583904597157,0.07206970079988788,0.08706196117456658,0.09100941195063847
2025-09-24,378160.9013889791,-0.0031867166788191333,0.07347520812361769,0.08703725442520606,0.0951070402988099
2025-09-25,376416.28141963744,-0.0046241076930606225,0.07635855245134315,0.08529068358182068,0.09422660295539974
2025-09-26,378572.7987998007,0.005712726982506452,0.07769182167522028,0.08462465437148432,0.09595322745775908
2025-09-29,379636.73579975,0.0028064476894812005,0.07316433228332514,0.0850005716065642,0.09651197658569045
2025-09-30,381066.7688151835,0.003759768927893871,0.0652658513016524,0.08313049206145154,0.09327910021253244
2025-10-01,382365.2803926296,0.003401777095946639,0.06430974838704825,0.08191319934607973,0.09139536954967135
2025-10-02,382805.6811182865,0.001151117322637171,0.05987593115746833,0.08051183673926977,0.08939760318403905
2025-10-03,382800.0084684053,-1.4818724464765741e-05,0.05779901785106886,0.07818734922422532,0.08634118804617236
2025-10-06,384172.8247560242,0.0035798341068348258,0.058103457640126574,0.07580546948775255,0.08379635845193682
2025-10-07,382748.4994068293,-0.003714401834741833,0.06133528355350404,0.07480272094621845,0.08312856243011878
2025-10-08,385030.8655750986,0.005945387426084143,0.06314528857033562,0.0739481410575557,0.0851197601168989
2025-10-09,383915.4195135733,-0.0029012347560901795,0.06013616092722596,0.07533049915145396,0.08805159022123195
2025-10-10,373539.02235734026,-0.027399789997988915,0.1179695541976508,0.07390176291865541,0.087865340106569
2025-10-13,379270.6397842658,0.015227562737463052,0.12885962599709727,0.12839431267301726,0.18661190160745605
2025-10-14,378807.30334458273,-0.001222398043836981,0.12883397861204154,0.13784773846186718,0.19283485477473947
2025-10-15,380489.0339362285,0.004429715406320381,0.12950057598191575,0.13373283899106161,0.1790059763359292
2025-10-16,377897.8234966467,-0.006833505875304934,0.13112600791694937,0.1307979138032303,0.167512607089724
2025-10-17,380042.8905279757,0.005660265291766572,0.13150881020034796,0.12956721905823157,0.16209373279539366
2025-10-20,383995.5019226992,0.01034672261457371,0.13561058926175792,0.12753363508970164,0.15360121554492845
2025-10-21,383989.75924010336,-1.4955189601561524e-05,0.1338928513759675,0.13002924666262244,0.15395494042354496
2025-10-22,381993.4416945493,-0.005212443466226671,0.1348435167942782,0.12606804539650215,0.1436370586802216
2025-10-23,384258.6498477458,0.005912453034594508,0.13471554198783964,0.12389659719800468,0.13887049958598668
2025-10-24,387399.0218187325,0.008139332824426493,0.13610227120473753,0.1223024781221157,0.13351568623774823
2025-10-27,391969.4268051525,0.011728617925521323,0.1411323272950413,0.1227277609857809,0.13255987806225036
2025-10-28,393010.4981237903,0.0026524803907987857,0.14096205038567267,0.12742955525169203,0.14015781751898138
2025-10-29,393199.2713059496,0.00048021073542194704,0.1408325317579449,0.12397730889225578,0.13165428889377637
2025-10-30,388874.82121314615,-0.011059039567433303,0.14762097226907897,0.12021496346334812,0.12360239088422949
2025-10-31,390150.4320929235,0.0032748926031152723,0.14784581491818205,0.12423264795984101,0.1357328680054453
2025-11-03,390882.6241238916,0.0018749327948004806,0.14756734134932525,0.1211193072304473,0.12808140255182127
2025-11-04,386249.25972706114,-0.01192440921569155,0.15369737304753553,0.11765562387101583,0.12057778467091407
2025-11-05,387587.7950008916,0.003459479229167254,0.15277014095898142,0.12313493042242528,0.13617258720436196
2025-11-06,383429.2173925787,-0.010787357135265832,0.1574752694124936,0.12013922978098127,0.12860107373794236
2025-11-07,383806.7287405399,0.0009840815731577298,0.11986428109515032,0.12380185224283838,0.1387746963114516
2025-11-10,389795.7864262736,0.015483862123532218,0.12026047981730706,0.120091328411991,0.1299574479812781
2025-11-11,390688.10825913673,0.0022865871486391957,0.11990225556380639,0.1310787218522933,0.14973826518182878
2025-11-12,390905.4898052032,0.0005562521295209495,0.1194533552392791,0.12739618547116885,0.1400580986211936
2025-11-13,384418.7796496407,-0.01673328636427278,0.13286501996482947,0.12353412145919007,0.1311065011126009
2025-11-14,384355.89027194487,-0.00016360939114330695,0.13167458129138998,0.13630363842447313,0.16066613053382794
2025-11-17,380775.0475425868,-0.009360146600223891,0.1308347859807939,0.13215281181095442,0.1496972640844606
2025-11-18,377577.49386014295,-0.008432944988599667,0.13386529510714185,0.13319610495941542,0.1519854153999397
2025-11-19,379036.1352394836,0.0038557148069215024,0.1338086213064917,0.13323656554726612,0.15183590907490419
2025-11-20,373258.7514335779,-0.015359661459324747,0.14160079675329373,0.13004478263039418,0.1428160423644012
2025-11-21,376976.8582835192,0.00991191898261583,0.14332261246829966,0.13951360172476618,0.16399271232643403
2025-11-24,382525.410194524,0.014611281240599117,0.14712983085787545,0.14064737454912885,0.16181444964976185
2025-11-25,386123.41093895497,0.009361952883328677,0.15133907721370055,0.14772523402122756,0.1712945618613556
2025-11-26,388789.0311377815,0.006879824269604031,0.15378923838320754,0.14777885520902037,0.16702070712504166
2025-11-28,390911.1974714416,0.005443557655063141,0.14996105020020128,0.14575299040370476,0.159428307338499
2025-12-01,389126.5187893584,-0.004575885906422277,0.15045695285620606,0.14288925374736314,0.15100835245413508
2025-12-02,389847.2604714923,0.001850490753330355,0.1504526549260906,0.13967423574710539,0.14440681669278577
2025-12-03,391197.2110777999,0.0034567863924181807,0.14424214386310527,0.13561022919378718,0.13514245659162694
2025-12-04,391483.224684158,0.0007308566971163702,0.14385852697518295,0.13216429439668512,0.1276856143484061
2025-12-05,392226.8320476034,0.0018976599322906048,0.1375670255662274,0.1281695480269336,0.12005167293098166
2025-12-08,391048.4966083823,-0.003008741077423812,0.1383527025800229,0.12448387803570499,0.11345378624859974
2025-12-09,390710.9739404481,-0.0008634949792661085,0.12727758476515028,0.12125731269976653,0.10970843504913183
2025-12-10,393302.2544127445,0.0066103219036883695,0.12916633922052181,0.11761126459101014,0.10455172675144307
2025-12-11,394217.44192691887,0.0023242286648015318,0.12935910032350315,0.11688949432224856,0.10533159810201136
2025-12-12,389978.8169258372,-0.010810218055957173,0.1203347583623264,0.11368836122443209,0.10065901042887399
2025-12-15,389389.631698048,-0.0015119558434006672,0.12056074561782379,0.11796811596026001,0.11794385621420629
2025-12-16,388325.6946980986,-0.0027360593974680657,0.11545021554788538,0.11452533465815823,0.11220572485390615
2025-12-17,384052.7186505138,-0.011064575515952102,0.11863065153015338,0.1115449585582855,0.10830893857891792
2025-12-18,386952.808377765,0.007522912100961667,0.12056138964084012,0.11639074088160249,0.1243262294931415
2025-12-19,390459.9416750242,0.009022638461698701,0.10687852432035409,0.11657487161112219,0.1236326151374383
